defect_id,viewport,component,donor_truth,parent_defect,candidate_result,source,visual_runtime_consequence,verdict
WORK01-REAUDIT-PRESENTATION-001,1440x1000,Context Inspector,nativeInspector=1; wave3Host=0; first=contextshell ref-right-panel,nativeInspector=1; wave3Host=1 visible=True; first=wave3ContextInspectorHost,nativeInspector=1; wave3Host=0; presentationOwner=AcceptedLibraryDonor; semanticOwner=ContextInspectorHost,stack/native-typescript/foundation/wave3-assembly.ts::usesDonorNativeContextPresentation/mountContext/refreshContext/renderContext,Donor-native context starts the usable right-pane composition; reusable ContextInspectorHost semantics stay registered without a second rendered Library host.,PASS_CORRECTED
WORK01-REAUDIT-PRESENTATION-002,1440x1000,Bottom / Deep Work,"pre=0; tabs=['history', 'compare', 'recovery']; text=المراجعة الحاليةrev-17مسودة KU المحليةhistory 1/1تفاصيل السجلbaselineالاستعادة التاريخية تُنشئ مسودة جديدة ولا تعيد كتابة المراجعة الأصلية.","pre=1; presentationOwner=None; text={
  ""providerId"": ""structured.history-recovery"",
  ""family"": ""structured"",
  ""contentKind"": ""history-recovery"",
  ""sourceOwner"": ""StructuredTransactionHistoryRe","pre=0; tabs=['history', 'compare', 'recovery']; semanticOwner=BottomDeepWorkOwner; presentationOwner=AcceptedLibraryDonor; text=المراجعة الحاليةrev-17مسودة KU المحليةhistory 1/1تفاصيل السجلbaselineالاستعادة التاريخية تُنشئ مسودة جديدة ولا تعيد كتابة المراجعة الأصلية.",stack/native-typescript/foundation/wave3-assembly.ts::usesDonorNativeBottomPresentation/mountBottom/renderBottom,Central BottomDeepWorkOwner retains lifecycle/provider truth while Library product presentation is rendered by accepted donor-native History/Compare/Recovery; no normal raw JSON projection.,PASS_CORRECTED
WORK01-REAUDIT-PRESENTATION-003,1440x1000,Proof state diagnostics,diagnostics=0; proofText=False,diagnostics=1; proofText=True,diagnostics=0; proofText=False; explicit evidence route independently proven by EXTRA_diag.json,stack/native-typescript/main.ts::diagnosticsEnabled (?diagnostics=foundation),No Proof state product geometry in normal Library; observability remains available only behind explicit diagnostics route.,PASS_CORRECTED
WORK01-REAUDIT-PRESENTATION-001,1024x900,Context Inspector,nativeInspector=1; wave3Host=0; first=contextshell ref-right-panel,nativeInspector=1; wave3Host=1 visible=False; first=wave3ContextInspectorHost,nativeInspector=1; wave3Host=0; presentationOwner=AcceptedLibraryDonor; semanticOwner=ContextInspectorHost,stack/native-typescript/foundation/wave3-assembly.ts::usesDonorNativeContextPresentation/mountContext/refreshContext/renderContext,Donor-native context starts the usable right-pane composition; reusable ContextInspectorHost semantics stay registered without a second rendered Library host.,PASS_CORRECTED
WORK01-REAUDIT-PRESENTATION-002,1024x900,Bottom / Deep Work,"pre=0; tabs=['history', 'compare', 'recovery']; text=المراجعة الحاليةrev-17مسودة KU المحليةhistory 1/1تفاصيل السجلbaselineالاستعادة التاريخية تُنشئ مسودة جديدة ولا تعيد كتابة المراجعة الأصلية.","pre=1; presentationOwner=None; text={
  ""providerId"": ""structured.history-recovery"",
  ""family"": ""structured"",
  ""contentKind"": ""history-recovery"",
  ""sourceOwner"": ""StructuredTransactionHistoryRe","pre=0; tabs=['history', 'compare', 'recovery']; semanticOwner=BottomDeepWorkOwner; presentationOwner=AcceptedLibraryDonor; text=المراجعة الحاليةrev-17مسودة KU المحليةhistory 1/1تفاصيل السجلbaselineالاستعادة التاريخية تُنشئ مسودة جديدة ولا تعيد كتابة المراجعة الأصلية.",stack/native-typescript/foundation/wave3-assembly.ts::usesDonorNativeBottomPresentation/mountBottom/renderBottom,Central BottomDeepWorkOwner retains lifecycle/provider truth while Library product presentation is rendered by accepted donor-native History/Compare/Recovery; no normal raw JSON projection.,PASS_CORRECTED
WORK01-REAUDIT-PRESENTATION-003,1024x900,Proof state diagnostics,diagnostics=0; proofText=False,diagnostics=1; proofText=True,diagnostics=0; proofText=False; explicit evidence route independently proven by EXTRA_diag.json,stack/native-typescript/main.ts::diagnosticsEnabled (?diagnostics=foundation),No Proof state product geometry in normal Library; observability remains available only behind explicit diagnostics route.,PASS_CORRECTED
