finding_id,severity,surface_scope,family,requirement_class,current_failure,controlling_basis,required_correction,acceptance_gate,status,baseline,baseline_sha256,writer_disposition,evidence_ids,evidence_files,remaining_gate
W03-ODR-001,P0,ALL FIVE,THEME_OWNER_DEEP_NEUTRAL,PRE_EXISTING_REQUIREMENT_PARTIAL,Deep Neutral / Notion Dark is not one shared application-wide theme owner; some surfaces remain blue or use duplicate theme states.,Accepted Library notion-dark global palette; Big Boss GlobalPreferenceDomain theme; accepted-donor inheritance law.,"One shared theme owner. User-facing Deep Neutral maps to accepted donor notion-dark/deep-neutral palette and recolors shell, panes, Context, menus, toolbars, operational surfaces and notes on Enterprise/Scenarios/Labs/Runs/Results. No parallel local theme engines.",For each of 5 surfaces: switch Reference/Dark Blue → Deep Neutral → Light/System where offered; assert root computed palette and representative shell/pane/context/transient/notes tokens change; reload/persistence; no surface remains blue under Deep Neutral.,WRITER_CORRECTED_FRESH_EVIDENCE,CEP_W03_UNIFIED_EXECUTABLE_BLUEPRINT_SYSTEM_v3.3.1_CONTROLLER_BOUNDED_CORRECTION_CANDIDATE.zip,269401aa20a982be8e8e399959be37c5fbdd21de1a0b137fba4044deb8d90cc5,WRITER_CORRECTED_FRESH_EVIDENCE,IM-ENT-THEME | IM-SCE-THEME | IM-LAB-THEME | IM-RUN-THEME | IM-RES-THEME,27_OWNER_DIRECT_REVIEW_EVIDENCE_V3_4/27A_INTERACTION_FIRST_BROWSER_ASSURANCE_v3.4.json,INDEPENDENT_CONTROLLER_INTERACTION_REVIEW + OWNER_CONTROLLER_DESIGN_ADJUDICATION
W03-ODR-002,P0,ALL FIVE,WORKSPACE_VIEW_MODE_BINDING,PRE_EXISTING_REQUIREMENT_OMITTED,"Controls that visually present as workspace/view modes can change selection state without a material CENTER transition, leaving stale content.",Big Boss surface contracts + Visualize cross-view editability + Context ownership doctrine.,Hard semantic split: Workspace/View mode controls MUST visibly transition CENTER; Inspector/Context lenses MUST visibly transition RIGHT Context and focus/selection. No inert tab and no stale previous-view content.,Enumerate all top/structure/view controls on all 5 surfaces; click each; assert state owner changes and the correct target region changes materially; assert previous region content is not stale; keyboard parity.,WRITER_CORRECTED_FRESH_EVIDENCE,CEP_W03_UNIFIED_EXECUTABLE_BLUEPRINT_SYSTEM_v3.3.1_CONTROLLER_BOUNDED_CORRECTION_CANDIDATE.zip,269401aa20a982be8e8e399959be37c5fbdd21de1a0b137fba4044deb8d90cc5,WRITER_CORRECTED_FRESH_EVIDENCE,ODR-VIEW-ENTERPRISE | ODR-VIEW-SCENARIOS | ODR-VIEW-LABS | ODR-VIEW-RUNS | ODR-VIEW-RESULTS,27_OWNER_DIRECT_REVIEW_EVIDENCE_V3_4/27A_INTERACTION_FIRST_BROWSER_ASSURANCE_v3.4.json | 27_OWNER_DIRECT_REVIEW_EVIDENCE_V3_4/27C_ALL_FIVE_EXTRA_PARITY_BROWSER_v3.4.json,INDEPENDENT_CONTROLLER_INTERACTION_REVIEW + OWNER_CONTROLLER_DESIGN_ADJUDICATION
W03-ODR-003,P0,Runs,RUNS_STRUCTURE_CONTEXT_STALE_CENTER,PRE_EXISTING_REQUIREMENT_PARTIAL,"Runs Structure navigation (e.g. devices/scenario/tasks/telemetry/overview families) primarily changes RIGHT Context while CENTER remains the same, producing inert-navigation behavior.",Owner manual review + Controller reproduction; W03 view/context semantics.,Classify every Runs Structure item as CENTER workspace mode or RIGHT Context lens. Label it accordingly. Workspace-like items must transition CENTER; context-only items must be presented as lenses/inspectors rather than misleading navigation.,Browser interaction matrix for every Runs Structure item at 1440/~1024/narrow; capture before/after CENTER+RIGHT signatures; no visually selected navigation with unchanged intended target region.,WRITER_CORRECTED_FRESH_EVIDENCE,CEP_W03_UNIFIED_EXECUTABLE_BLUEPRINT_SYSTEM_v3.3.1_CONTROLLER_BOUNDED_CORRECTION_CANDIDATE.zip,269401aa20a982be8e8e399959be37c5fbdd21de1a0b137fba4044deb8d90cc5,WRITER_CORRECTED_FRESH_EVIDENCE,IM-RUN-STRUCT | IM-RUN-MODES,27_OWNER_DIRECT_REVIEW_EVIDENCE_V3_4/27A_INTERACTION_FIRST_BROWSER_ASSURANCE_v3.4.json,INDEPENDENT_CONTROLLER_INTERACTION_REVIEW + OWNER_CONTROLLER_DESIGN_ADJUDICATION
W03-ODR-004,P1,Enterprise,ENTERPRISE_MODE_SEMANTICS,PRE_EXISTING_REQUIREMENT_PARTIAL,Enterprise Model/Topology/State/Behavior/Validation presentation is ambiguous and some modes behave as small dialog/context rather than a true workspace mode.,W03 surface contract + Owner manual review + professional Context grammar.,Adjudicate each control: true workspace mode → CENTER view; inspector/lens → RIGHT Context or explicit transient. Labels and hierarchy must match semantics.,Browser tests each Enterprise mode + keyboard route; visual evidence at desktop/compact/narrow; no mode masquerading as workspace tab while only opening an unrelated small transient.,WRITER_CORRECTED_FRESH_EVIDENCE,CEP_W03_UNIFIED_EXECUTABLE_BLUEPRINT_SYSTEM_v3.3.1_CONTROLLER_BOUNDED_CORRECTION_CANDIDATE.zip,269401aa20a982be8e8e399959be37c5fbdd21de1a0b137fba4044deb8d90cc5,WRITER_CORRECTED_FRESH_EVIDENCE,IM-ENT-MODES,27_OWNER_DIRECT_REVIEW_EVIDENCE_V3_4/27A_INTERACTION_FIRST_BROWSER_ASSURANCE_v3.4.json,INDEPENDENT_CONTROLLER_INTERACTION_REVIEW + OWNER_CONTROLLER_DESIGN_ADJUDICATION
W03-ODR-005,P1,Labs,LABS_VIEW_AND_STRUCTURE_PARITY,PRE_EXISTING_REQUIREMENT_PARTIAL,Labs repeats structure/view transition ambiguity and does not demonstrate full parity with the shared interaction grammar.,Visualize editability parity + accepted Library inheritance + all-five shared mechanics law.,"Labs must use the same view-vs-context transition law and shared state/presentation owners, adapted only for Lab domain semantics.",Enumerate Labs structure/view controls; state transition and region-change assertions; keyboard parity; compare with Enterprise/Scenarios/Runs shared mechanics.,WRITER_CORRECTED_FRESH_EVIDENCE,CEP_W03_UNIFIED_EXECUTABLE_BLUEPRINT_SYSTEM_v3.3.1_CONTROLLER_BOUNDED_CORRECTION_CANDIDATE.zip,269401aa20a982be8e8e399959be37c5fbdd21de1a0b137fba4044deb8d90cc5,WRITER_CORRECTED_FRESH_EVIDENCE,IM-LAB-STRUCT,27_OWNER_DIRECT_REVIEW_EVIDENCE_V3_4/27A_INTERACTION_FIRST_BROWSER_ASSURANCE_v3.4.json,INDEPENDENT_CONTROLLER_INTERACTION_REVIEW + OWNER_CONTROLLER_DESIGN_ADJUDICATION
W03-ODR-006,P0,Enterprise/Labs/Scenarios + eligible spatial surfaces,INTERACTIVE_MULTI_CONNECT_COMPOSER,PRE_EXISTING_REQUIREMENT_OMITTED,Multi-selection may expose Connect but does not provide a complete professional source/target relation-authoring workflow.,Shared Spatial Addendum multi-selection Connect; OWNER-VIS-EDIT-004/007; W03-R030; accepted Library action-surface donor.,"Select 2+ eligible objects → Connect → relation composer/context surface showing source/target, relation type, direction, expected version/revision or other domain-required pins, validation, authority/capability truth, Cancel/Apply. One semantic command owner; no direct edge=canonical mutation collapse.","Select 2+ objects pointer and keyboard; invoke Connect from selection toolbar, RMB Context and palette/other admitted routes; same command payload/owner; invalid combination rejected; successful Blueprint-local draft visibly represented.",WRITER_CORRECTED_FRESH_EVIDENCE,CEP_W03_UNIFIED_EXECUTABLE_BLUEPRINT_SYSTEM_v3.3.1_CONTROLLER_BOUNDED_CORRECTION_CANDIDATE.zip,269401aa20a982be8e8e399959be37c5fbdd21de1a0b137fba4044deb8d90cc5,WRITER_CORRECTED_FRESH_EVIDENCE,IM-ENT-REL | IM-SCN-REL | IM-LAB-REL,27_OWNER_DIRECT_REVIEW_EVIDENCE_V3_4/27A_INTERACTION_FIRST_BROWSER_ASSURANCE_v3.4.json,INDEPENDENT_CONTROLLER_INTERACTION_REVIEW + OWNER_CONTROLLER_DESIGN_ADJUDICATION
W03-ODR-007,P0,Enterprise/Labs/Scenarios + eligible spatial surfaces,INTERACTIVE_RELATION_EDIT,PRE_EXISTING_REQUIREMENT_OMITTED,Existing relation/edge editing is not an easy professional direct workflow.,OWNER-VIS-EDIT-004 + ContextActionResolver Relations group + anti-collapse law.,Selecting/right-clicking eligible edge/relation exposes Edit Relationship using same composer pre-populated with current semantics; change type/direction/version pins where domain permits; explicit validation and cancel/apply.,Edge selection pointer + keyboard; Edit Relationship from context and inspector; prepopulation exact; cancel no mutation; apply updates Blueprint-local model; undo/redo where admitted.,WRITER_CORRECTED_FRESH_EVIDENCE,CEP_W03_UNIFIED_EXECUTABLE_BLUEPRINT_SYSTEM_v3.3.1_CONTROLLER_BOUNDED_CORRECTION_CANDIDATE.zip,269401aa20a982be8e8e399959be37c5fbdd21de1a0b137fba4044deb8d90cc5,WRITER_CORRECTED_FRESH_EVIDENCE,IM-ENT-REL | IM-SCN-REL | IM-LAB-REL,27_OWNER_DIRECT_REVIEW_EVIDENCE_V3_4/27A_INTERACTION_FIRST_BROWSER_ASSURANCE_v3.4.json,INDEPENDENT_CONTROLLER_INTERACTION_REVIEW + OWNER_CONTROLLER_DESIGN_ADJUDICATION
W03-ODR-008,P1,Labs/Scenarios/Enterprise where domain-valid,INTERACTIVE_BRANCH_CREATION,PRE_EXISTING_REQUIREMENT_OMITTED,Branch/add-branch workflow is absent or not directly interactive in relevant editing surfaces.,Tree/Path/Graph full editability; contextual action architecture; domain semantics remain adapter-owned.,Add Branch appears contextually where branch semantics exist; opens bounded composer for branch target/type/order/conditions/version pins as relevant; keyboard route; no generic branch where domain says N/A.,"Invoke Add Branch from eligible selected object via Context and keyboard; verify semantic fields, validation, cancel/apply, state synchronization across alternate views.",WRITER_CORRECTED_FRESH_EVIDENCE,CEP_W03_UNIFIED_EXECUTABLE_BLUEPRINT_SYSTEM_v3.3.1_CONTROLLER_BOUNDED_CORRECTION_CANDIDATE.zip,269401aa20a982be8e8e399959be37c5fbdd21de1a0b137fba4044deb8d90cc5,WRITER_CORRECTED_FRESH_EVIDENCE,IM-ENT-REL | IM-SCN-REL | IM-LAB-REL,27_OWNER_DIRECT_REVIEW_EVIDENCE_V3_4/27A_INTERACTION_FIRST_BROWSER_ASSURANCE_v3.4.json,INDEPENDENT_CONTROLLER_INTERACTION_REVIEW + OWNER_CONTROLLER_DESIGN_ADJUDICATION
W03-ODR-009,P0,ALL CEP SURFACES / immediate W03 five,GUIDANCE_LEGEND_CONTROLLABILITY,PRE_EXISTING_REQUIREMENT_OMITTED,Relationship legends/guides/stickers remain fixed/unmovable/unclosable or lack reliable reopen/persistence controls.,OWNER-GLOBAL-GUIDANCE-001; applies ALL workspaces/surfaces.,"Every optional Legend/Guide/Sticker/Hint classified under one guidance owner: hide/show, close/reopen, move/reposition or dock/anchor, preferred-state persistence/reset, keyboard access, focus return, viewport clamp. Mandatory truth remains separate.","Inventory all optional guidance elements in each W03 surface; test close→reopen, hide→reload→preferred state, pointer move/dock, keyboard route, narrow effective transform then wide preferred restoration.",WRITER_CORRECTED_FRESH_EVIDENCE,CEP_W03_UNIFIED_EXECUTABLE_BLUEPRINT_SYSTEM_v3.3.1_CONTROLLER_BOUNDED_CORRECTION_CANDIDATE.zip,269401aa20a982be8e8e399959be37c5fbdd21de1a0b137fba4044deb8d90cc5,WRITER_CORRECTED_FRESH_EVIDENCE,IM-ENT-GUIDE | IM-SCE-GUIDE | IM-LAB-GUIDE | IM-RUN-GUIDE | IM-RES-GUIDE,27_OWNER_DIRECT_REVIEW_EVIDENCE_V3_4/27A_INTERACTION_FIRST_BROWSER_ASSURANCE_v3.4.json,INDEPENDENT_CONTROLLER_INTERACTION_REVIEW + OWNER_CONTROLLER_DESIGN_ADJUDICATION
W03-ODR-010,P1,ALL FIVE,PINNED_CONTEXT_TRANSIENT_LIFECYCLE,PRE_EXISTING_REQUIREMENT_PARTIAL,Pinned Context/targets/transients do not consistently close/unpin/reopen or restore focus.,Accepted Library ContextInspector/ContextLensHost/pinned Context; transient lifecycle law.,Pinned/unpinned is explicit; Close and Unpin meanings do not collapse; reopen route exists; outside click/Escape behavior deterministic by state; focus returns to initiating target; viewport collision safe.,Pin context → switch target → close/unpin → reopen; Escape precedence; outside click; keyboard Shift+F10; focus assertions; narrow overlay transform.,WRITER_CORRECTED_FRESH_EVIDENCE,CEP_W03_UNIFIED_EXECUTABLE_BLUEPRINT_SYSTEM_v3.3.1_CONTROLLER_BOUNDED_CORRECTION_CANDIDATE.zip,269401aa20a982be8e8e399959be37c5fbdd21de1a0b137fba4044deb8d90cc5,WRITER_CORRECTED_FRESH_EVIDENCE,IM-ENT-CTX | IM-SCE-CTX | IM-LAB-CTX | IM-RUN-CTX | IM-RES-CTX,27_OWNER_DIRECT_REVIEW_EVIDENCE_V3_4/27A_INTERACTION_FIRST_BROWSER_ASSURANCE_v3.4.json,INDEPENDENT_CONTROLLER_INTERACTION_REVIEW + OWNER_CONTROLLER_DESIGN_ADJUDICATION
W03-ODR-011,P0,ALL FIVE,ACCEPTED_LIBRARY_GENERIC_INHERITANCE_REOPEN,PRE_EXISTING_REQUIREMENT_OMITTED,Many compatible accepted-Library mechanics were recorded as reconciled but not materially inherited across all W03 surfaces.,Big Boss accepted-Library inheritance addendum; Writer-A direct-donor requirement; no new generic grammar when donor compatible.,"Re-open full donor inheritance and prove each applicable mechanic behaviorally: pane preferred/effective state, pointer+keyboard resize, overlays/drawers, Context lenses/pin/scope, transient lifecycle, Settings IA, theme, focus, notes/sticky, toolbar/action grammar, responsive behavior. N/A requires explicit reason.",Donor→W03 behavioral comparison matrix with exact donor mechanism and W03 adapter; no row closes solely on function/selector presence.,WRITER_CORRECTED_FRESH_EVIDENCE,CEP_W03_UNIFIED_EXECUTABLE_BLUEPRINT_SYSTEM_v3.3.1_CONTROLLER_BOUNDED_CORRECTION_CANDIDATE.zip,269401aa20a982be8e8e399959be37c5fbdd21de1a0b137fba4044deb8d90cc5,WRITER_CORRECTED_FRESH_EVIDENCE,IM-ENT-THEME | IM-ENT-GUIDE | IM-ENT-CTX | IM-ENT-NOTE | ODR-PARITY-ENTERPRISE | ODR-PARITY-SCENARIOS | ODR-PARITY-LABS | ODR-PARITY-RUNS | ODR-PARITY-RESULTS,27_OWNER_DIRECT_REVIEW_EVIDENCE_V3_4/27A_INTERACTION_FIRST_BROWSER_ASSURANCE_v3.4.json | 27_OWNER_DIRECT_REVIEW_EVIDENCE_V3_4/27C_ALL_FIVE_EXTRA_PARITY_BROWSER_v3.4.json,INDEPENDENT_CONTROLLER_INTERACTION_REVIEW + OWNER_CONTROLLER_DESIGN_ADJUDICATION
W03-ODR-012,P0,Enterprise/Scenarios/Labs/Runs; Results historical only,OPERATIONAL_SHELL_ENTRY_PARITY,PRE_EXISTING_REQUIREMENT_PARTIAL,OPEN_TERMINAL/Shell entry is inconsistent; double-click/context/list/inspector routes are not capability-driven across eligible surfaces/objects.,OPS-012/OPS-013; W03-R034/R035; Operational Surface Manager recovery.,"Capability-driven OPEN_TERMINAL semantic command. Eligible device/session/run object can open same session command from admitted double-click, Context, palette, inspector/list/multiselect routes. Non-capable objects keep their own dblclick meaning. Results only opens RECORDED_READ_ONLY historical terminal.","Per surface, identify eligible objects and verify route parity to same command/session identity; verify non-eligible dblclick does not open shell; Results no live execution.",WRITER_CORRECTED_FRESH_EVIDENCE,CEP_W03_UNIFIED_EXECUTABLE_BLUEPRINT_SYSTEM_v3.3.1_CONTROLLER_BOUNDED_CORRECTION_CANDIDATE.zip,269401aa20a982be8e8e399959be37c5fbdd21de1a0b137fba4044deb8d90cc5,WRITER_CORRECTED_FRESH_EVIDENCE,IM-ENT-SHELL | IM-SCE-SHELL | IM-LAB-SHELL | IM-RUN-SHELL | IM-RES-HIST,27_OWNER_DIRECT_REVIEW_EVIDENCE_V3_4/27A_INTERACTION_FIRST_BROWSER_ASSURANCE_v3.4.json,INDEPENDENT_CONTROLLER_INTERACTION_REVIEW + OWNER_CONTROLLER_DESIGN_ADJUDICATION
W03-ODR-013,P0,Shared Operational Surface,OPERATIONAL_MOUSE_MOVE_RESIZE_PARITY,PRE_EXISTING_REQUIREMENT_PARTIAL,Operational window has partial move/resize but mouse resize is not sufficiently discoverable/usable; window mechanics do not match Sticky/Floating donor quality.,Big Boss accepted-Library inheritance: floating/Sticky donates movement/pin/resize; OPS-010.,"Operational window reuses shared floating window mechanics: pointer drag move, explicit discoverable resize handles/edges, min/max constraints, viewport clamp, pin/unpin, float/dock, persisted presentation state, keyboard move/resize alternatives.",Pointer resize from edges/corners at desktop/compact; move then reload/reopen; clamp; keyboard move/resize; no accidental terminal content selection/drag conflict.,WRITER_CORRECTED_FRESH_EVIDENCE,CEP_W03_UNIFIED_EXECUTABLE_BLUEPRINT_SYSTEM_v3.3.1_CONTROLLER_BOUNDED_CORRECTION_CANDIDATE.zip,269401aa20a982be8e8e399959be37c5fbdd21de1a0b137fba4044deb8d90cc5,WRITER_CORRECTED_FRESH_EVIDENCE,IM-OPS-WINDOW,27_OWNER_DIRECT_REVIEW_EVIDENCE_V3_4/27A_INTERACTION_FIRST_BROWSER_ASSURANCE_v3.4.json,INDEPENDENT_CONTROLLER_INTERACTION_REVIEW + OWNER_CONTROLLER_DESIGN_ADJUDICATION
W03-ODR-014,P0,Shared Operational Surface,OPERATIONAL_REAL_SESSION_TABS,PRE_EXISTING_REQUIREMENT_OMITTED,Current Tab button/mode is not a real visible session tab strip for switching multiple open shells/tools.,OPS-007 center tab/tab-group + reorder; Writer contract rich tab reorder/merge/group lifecycle.,"Visible terminal-app-like tab strip when 2+ sessions/tools open: active session identity, click/keyboard switch, close, reorder, group where applicable; tab mode is not merely a window presentation label.","Open 3 distinct sessions → verify 3 tabs, stable IDs, switch content, reorder, close one, active/focus persistence, narrow overflow/recovery.",WRITER_CORRECTED_FRESH_EVIDENCE,CEP_W03_UNIFIED_EXECUTABLE_BLUEPRINT_SYSTEM_v3.3.1_CONTROLLER_BOUNDED_CORRECTION_CANDIDATE.zip,269401aa20a982be8e8e399959be37c5fbdd21de1a0b137fba4044deb8d90cc5,WRITER_CORRECTED_FRESH_EVIDENCE,IM-OPS-TABS,27_OWNER_DIRECT_REVIEW_EVIDENCE_V3_4/27A_INTERACTION_FIRST_BROWSER_ASSURANCE_v3.4.json,INDEPENDENT_CONTROLLER_INTERACTION_REVIEW + OWNER_CONTROLLER_DESIGN_ADJUDICATION
W03-ODR-015,P1,Shared Operational Surface,OPERATIONAL_WINDOW_MODE_COMPLETENESS,PRE_EXISTING_REQUIREMENT_PARTIAL,Float/dock/tab/split/anchor/pin/session-shelf controls exist but complete coherent lifecycle and identity preservation are not proven.,OPS-001/007/008/010/011; Operational Surface Manager contract.,Session identity survives Float↔Dock↔Anchor↔Pin↔Tab↔Split↔Minimize/Shelf; split/merge and multi-pane do not duplicate session semantics; focus and preferred/effective responsive state preserved.,State-transition matrix across every supported presentation mode with stable session ID and content; split/merge; minimize/reopen; responsive transform; truthful provider states.,WRITER_CORRECTED_FRESH_EVIDENCE,CEP_W03_UNIFIED_EXECUTABLE_BLUEPRINT_SYSTEM_v3.3.1_CONTROLLER_BOUNDED_CORRECTION_CANDIDATE.zip,269401aa20a982be8e8e399959be37c5fbdd21de1a0b137fba4044deb8d90cc5,WRITER_CORRECTED_FRESH_EVIDENCE,IM-OPS-TABS | IM-OPS-WINDOW,27_OWNER_DIRECT_REVIEW_EVIDENCE_V3_4/27A_INTERACTION_FIRST_BROWSER_ASSURANCE_v3.4.json,INDEPENDENT_CONTROLLER_INTERACTION_REVIEW + OWNER_CONTROLLER_DESIGN_ADJUDICATION
W03-ODR-016,P1,Labs + ALL eligible surfaces,TOOLBAR_PLACEMENT_AND_CUSTOMIZATION,PRE_EXISTING_REQUIREMENT_OMITTED,Labs bottom toolbar/title consumes excessive CENTER space and eligible toolbars are fixed rather than customizable.,OWNER-VIS-UX-009/022; Big Boss GlobalPreference toolbarComposition/hidden actions; center dominance.,Primary toolbar placement must preserve CENTER dominance. Eligible toolbars support reorder/pin/group/hide/restore/allowed zones; secondary actions overflow progressively; customization is presentation preference and shared across compatible surfaces.,"At 1440/~1024/narrow verify no giant low toolbar, no body horizontal tool scroll; reorder/hide/restore/persist; move/zone where allowed; keyboard Settings route.",WRITER_CORRECTED_FRESH_EVIDENCE,CEP_W03_UNIFIED_EXECUTABLE_BLUEPRINT_SYSTEM_v3.3.1_CONTROLLER_BOUNDED_CORRECTION_CANDIDATE.zip,269401aa20a982be8e8e399959be37c5fbdd21de1a0b137fba4044deb8d90cc5,WRITER_CORRECTED_FRESH_EVIDENCE,ODR-TOOLBAR-ENTERPRISE | ODR-TOOLBAR-SCENARIOS | ODR-TOOLBAR-LABS | ODR-TOOLBAR-RUNS | ODR-TOOLBAR-RESULTS,27_OWNER_DIRECT_REVIEW_EVIDENCE_V3_4/27A_INTERACTION_FIRST_BROWSER_ASSURANCE_v3.4.json | 27_OWNER_DIRECT_REVIEW_EVIDENCE_V3_4/27D_ALL_FIVE_TOOLBAR_PARITY_v3.4.json,INDEPENDENT_CONTROLLER_INTERACTION_REVIEW + OWNER_CONTROLLER_DESIGN_ADJUDICATION
W03-ODR-017,P1,ALL FIVE,NOTES_STICKY_SAME_INSTANCE_LIFECYCLE,PRE_EXISTING_REQUIREMENT_PARTIAL,Notes/Sticky behavior exists but full same-instance anchored→sticky→Context lens lifecycle and donor parity are not proven consistently.,OWNER-VIS-UX-012; Library NotesLens/StickyNoteHost/StickyNoteEditorSurface/NoteContextBinding/StickyNoteWindowController.,One NoteWorkingState per note; quick anchored editor → Open as Sticky promotes same instance; move/resize/pin/unpin/reopen/clamp; Context Notes lens opens same identity; no duplicate engine/instance; durable persistence remains authority-gated.,"Create note on object, edit, promote sticky, move/resize, close/reopen from Context, compare ID/content, duplicate check, keyboard routes, Bidi/RTL.",WRITER_CORRECTED_FRESH_EVIDENCE,CEP_W03_UNIFIED_EXECUTABLE_BLUEPRINT_SYSTEM_v3.3.1_CONTROLLER_BOUNDED_CORRECTION_CANDIDATE.zip,269401aa20a982be8e8e399959be37c5fbdd21de1a0b137fba4044deb8d90cc5,WRITER_CORRECTED_FRESH_EVIDENCE,IM-ENT-NOTE | IM-SCE-NOTE | IM-LAB-NOTE | IM-RUN-NOTE | IM-RES-NOTE,27_OWNER_DIRECT_REVIEW_EVIDENCE_V3_4/27A_INTERACTION_FIRST_BROWSER_ASSURANCE_v3.4.json,INDEPENDENT_CONTROLLER_INTERACTION_REVIEW + OWNER_CONTROLLER_DESIGN_ADJUDICATION
W03-ODR-018,P1,ALL eligible spatial CEP surfaces,CTRL_RMB_DRAG_PAN_GLOBAL,NEW_OWNER_REQUIREMENT,Add a third pan route only if collision-free: Ctrl + Right Mouse Drag.,"Owner direct decision 2026-09-09; collision audit found no existing binding in current Big Boss v1.2, Recovery Handoff, accepted Library donor, or W03 v3.3.1 sources.",Shared SpatialInteractionCore only: Ctrl+RMB pointerdown starts pending pan; movement beyond threshold activates pan and suppresses contextmenu for that gesture. Normal RMB click/no-drag remains Context Actions. Keep MMB drag and Space+LMB drag pan. No second input engine.,All eligible spatial W03 surfaces: normal RMB click opens Context; Ctrl+RMB drag pans; no drag threshold collision; MMB and Space+LMB unchanged; Shift+F10 context unchanged; test text/native-scroll regions excluded as appropriate.,WRITER_CORRECTED_FRESH_EVIDENCE,CEP_W03_UNIFIED_EXECUTABLE_BLUEPRINT_SYSTEM_v3.3.1_CONTROLLER_BOUNDED_CORRECTION_CANDIDATE.zip,269401aa20a982be8e8e399959be37c5fbdd21de1a0b137fba4044deb8d90cc5,WRITER_CORRECTED_FRESH_EVIDENCE,IM-ENT-PAN | IM-SCE-PAN | IM-LAB-PAN | IM-RUN-PAN,27_OWNER_DIRECT_REVIEW_EVIDENCE_V3_4/27A_INTERACTION_FIRST_BROWSER_ASSURANCE_v3.4.json,INDEPENDENT_CONTROLLER_INTERACTION_REVIEW + OWNER_CONTROLLER_DESIGN_ADJUDICATION
W03-ODR-019,P0,ALL FIVE,INTERACTION_FIRST_ASSURANCE,NEW_ASSURANCE_HARDENING,Previous closure could pass static/semantic rows while user-visible transition remained incomplete.,Owner manual review + Controller correction of prior acceptance method.,"A finding cannot close from selector/function/handler existence alone. Every interactive requirement needs state-before/state-after assertions, visible target-region change, command-owner assertion, negative stale-state check, keyboard/pointer parity where applicable, and visual proof for user-facing changes.",Per finding automated or scripted interaction test + screenshot state pair where visual; registers must link exact test/evidence. Static-only PASS forbidden for interaction closure.,WRITER_CORRECTED_FRESH_EVIDENCE,CEP_W03_UNIFIED_EXECUTABLE_BLUEPRINT_SYSTEM_v3.3.1_CONTROLLER_BOUNDED_CORRECTION_CANDIDATE.zip,269401aa20a982be8e8e399959be37c5fbdd21de1a0b137fba4044deb8d90cc5,WRITER_CORRECTED_FRESH_EVIDENCE,IM-ENT-THEME | IM-ENT-GUIDE | IM-ENT-CTX | IM-ENT-NOTE | IM-SCE-THEME | IM-SCE-GUIDE | IM-SCE-CTX | IM-SCE-NOTE | IM-LAB-THEME | IM-LAB-GUIDE | IM-LAB-CTX | IM-LAB-NOTE | IM-RUN-THEME | IM-RUN-GUIDE | IM-RUN-CTX | IM-RUN-NOTE | IM-RES-THEME | IM-RES-GUIDE | IM-RES-CTX | IM-RES-NOTE | IM-RUN-STRUCT | IM-RUN-MODES | IM-ENT-MODES | IM-LAB-STRUCT | IM-SCN-REL | IM-ENT-REL | IM-LAB-REL | IM-ENT-SHELL | IM-SCE-SHELL | IM-LAB-SHELL | IM-RUN-SHELL | IM-RES-HIST | IM-OPS-TABS | IM-OPS-WINDOW | IM-ENT-PAN | IM-SCE-PAN | IM-LAB-PAN | IM-RUN-PAN,27_OWNER_DIRECT_REVIEW_EVIDENCE_V3_4/27A_INTERACTION_FIRST_BROWSER_ASSURANCE_v3.4.json,INDEPENDENT_CONTROLLER_INTERACTION_REVIEW + OWNER_CONTROLLER_DESIGN_ADJUDICATION
W03-ODR-020,P0,Enterprise/Scenarios/Labs/Runs/Results,ALL_FIVE_SURFACE_NEGATIVE_PARITY_GATE,NEW_ASSURANCE_HARDENING,Shared mechanics were implemented unevenly across surfaces despite one shared lineage.,Global all-surface law + sole Writer-A five-surface shared-mechanics mandate.,"For every shared mechanic, run a 5-surface applicability matrix. Missing surface requires NOT_APPLICABLE_JUSTIFIED with domain reason; not omission. One shared owner/core and surface adapters.","Matrix covers theme, view/context transitions, Context lifecycle, guidance, Notes, spatial input, toolbar/customization, operational entry where applicable, a11y/RTL/responsive. Zero silent blank cells.",WRITER_CORRECTED_FRESH_EVIDENCE,CEP_W03_UNIFIED_EXECUTABLE_BLUEPRINT_SYSTEM_v3.3.1_CONTROLLER_BOUNDED_CORRECTION_CANDIDATE.zip,269401aa20a982be8e8e399959be37c5fbdd21de1a0b137fba4044deb8d90cc5,WRITER_CORRECTED_FRESH_EVIDENCE,ODR-PARITY-ENTERPRISE | ODR-PARITY-SCENARIOS | ODR-PARITY-LABS | ODR-PARITY-RUNS | ODR-PARITY-RESULTS,27_OWNER_DIRECT_REVIEW_EVIDENCE_V3_4/27A_INTERACTION_FIRST_BROWSER_ASSURANCE_v3.4.json | 27_OWNER_DIRECT_REVIEW_EVIDENCE_V3_4/27C_ALL_FIVE_EXTRA_PARITY_BROWSER_v3.4.json,INDEPENDENT_CONTROLLER_INTERACTION_REVIEW + OWNER_CONTROLLER_DESIGN_ADJUDICATION
