candidate,dependency,role,version,admission
A,none,third party runtime,n/a,zero third party runtime packages
A,Node.js,local static server and tests,v24.19.0,proof tooling only
B,node:module.stripTypeScriptTypes,parse/emit,v24.19.0,experiment only; no type checking
C,Vue/TypeScript/Vite,framework/tooling,not installed,NOT_ADMITTED
spatial,Vue Flow,spatial library,not installed,NOT_ADMITTED
terminal,xterm.js,renderer,not installed,NOT_ADMITTED
storage,SQLite,persistence/query,not trialed,DEFERRED
bridge,Python,optional OS adapter,not trialed,DEFERRED
desktop,Electron/Tauri,desktop container,not trialed,DEFERRED
