foundation_id,core_or_engine,big_boss_disposition,evidence_scope,responsibility,hard_boundary,new_foundation_authority,physical_implementation_status,implementation_posture,primary_donor,anti_pattern,W01:Today,W01:Shared Global Shell,W02:Library,W02:Learn,W02:Visualize,W02:Research & Quality,W03:Enterprise,W03:Scenarios,W03:Labs,W03:Runs,W03:Results,W04:Evidence,W04:Reviews,W04:Mastery,W04:Portfolio,W05:Health,W05:Processing,W05:Validation,W05:Audit,W05:AI Bridge / Manual AI Bridge,W05:Backup & Restore,W05:Releases,W05:Configuration
SC-001,GlobalShellCore,REQUIRED_SHARED,W01 + all Workspaces,"Global navigation/orientation, cross-destination shell ownership; domain bodies excluded.",No domain store or sixth primary destination.,ADMITTED_CONCEPTUAL_MECHANIC_OWNER_SUBJECT_TO_CURRENT_OWNER_SUPERSESSION,CONCEPTUAL_OWNER_ADMITTED__PHYSICAL_FILE_SYMBOL_UNRESOLVED_FOR_NEW_FOUNDATION,ONE_REUSABLE_EXECUTABLE_OWNER_PLUS_THIN_DOMAIN_ADAPTERS,Accepted Library v1.2.17 when compatible; Visualize/W03/R&Q/W04/W05 source families where domain/family-specific,NO_SURFACE_LOCAL_DUPLICATE_OWNER; NO_UNIVERSAL_DOMAIN_STORE; NO_STACK_PATH_CARRYOVER_BY_ASSUMPTION,BASELINE_APPLICABLE_OR_EXPLICIT_NA_REQUIRED,BASELINE_APPLICABLE_OR_EXPLICIT_NA_REQUIRED,BASELINE_APPLICABLE_OR_EXPLICIT_NA_REQUIRED,BASELINE_APPLICABLE_OR_EXPLICIT_NA_REQUIRED,BASELINE_APPLICABLE_OR_EXPLICIT_NA_REQUIRED,BASELINE_APPLICABLE_OR_EXPLICIT_NA_REQUIRED,BASELINE_APPLICABLE_OR_EXPLICIT_NA_REQUIRED,BASELINE_APPLICABLE_OR_EXPLICIT_NA_REQUIRED,BASELINE_APPLICABLE_OR_EXPLICIT_NA_REQUIRED,BASELINE_APPLICABLE_OR_EXPLICIT_NA_REQUIRED,BASELINE_APPLICABLE_OR_EXPLICIT_NA_REQUIRED,BASELINE_APPLICABLE_OR_EXPLICIT_NA_REQUIRED,BASELINE_APPLICABLE_OR_EXPLICIT_NA_REQUIRED,BASELINE_APPLICABLE_OR_EXPLICIT_NA_REQUIRED,BASELINE_APPLICABLE_OR_EXPLICIT_NA_REQUIRED,BASELINE_APPLICABLE_OR_EXPLICIT_NA_REQUIRED,BASELINE_APPLICABLE_OR_EXPLICIT_NA_REQUIRED,BASELINE_APPLICABLE_OR_EXPLICIT_NA_REQUIRED,BASELINE_APPLICABLE_OR_EXPLICIT_NA_REQUIRED,BASELINE_APPLICABLE_OR_EXPLICIT_NA_REQUIRED,BASELINE_APPLICABLE_OR_EXPLICIT_NA_REQUIRED,BASELINE_APPLICABLE_OR_EXPLICIT_NA_REQUIRED,BASELINE_APPLICABLE_OR_EXPLICIT_NA_REQUIRED
SC-002,WorkspaceRegionCore,PROVEN_SHARED,W01–W05,TOP/structure/primary-work/context/deep-work region grammar repeatedly observed.,Region contents remain Surface-owned.,ADMITTED_CONCEPTUAL_MECHANIC_OWNER_SUBJECT_TO_CURRENT_OWNER_SUPERSESSION,CONCEPTUAL_OWNER_ADMITTED__PHYSICAL_FILE_SYMBOL_UNRESOLVED_FOR_NEW_FOUNDATION,ONE_REUSABLE_EXECUTABLE_OWNER_PLUS_THIN_DOMAIN_ADAPTERS,Accepted Library v1.2.17 when compatible; Visualize/W03/R&Q/W04/W05 source families where domain/family-specific,NO_SURFACE_LOCAL_DUPLICATE_OWNER; NO_UNIVERSAL_DOMAIN_STORE; NO_STACK_PATH_CARRYOVER_BY_ASSUMPTION,BASELINE_APPLICABLE_OR_EXPLICIT_NA_REQUIRED,BASELINE_APPLICABLE_OR_EXPLICIT_NA_REQUIRED,BASELINE_APPLICABLE_OR_EXPLICIT_NA_REQUIRED,BASELINE_APPLICABLE_OR_EXPLICIT_NA_REQUIRED,BASELINE_APPLICABLE_OR_EXPLICIT_NA_REQUIRED,BASELINE_APPLICABLE_OR_EXPLICIT_NA_REQUIRED,BASELINE_APPLICABLE_OR_EXPLICIT_NA_REQUIRED,BASELINE_APPLICABLE_OR_EXPLICIT_NA_REQUIRED,BASELINE_APPLICABLE_OR_EXPLICIT_NA_REQUIRED,BASELINE_APPLICABLE_OR_EXPLICIT_NA_REQUIRED,BASELINE_APPLICABLE_OR_EXPLICIT_NA_REQUIRED,BASELINE_APPLICABLE_OR_EXPLICIT_NA_REQUIRED,BASELINE_APPLICABLE_OR_EXPLICIT_NA_REQUIRED,BASELINE_APPLICABLE_OR_EXPLICIT_NA_REQUIRED,BASELINE_APPLICABLE_OR_EXPLICIT_NA_REQUIRED,BASELINE_APPLICABLE_OR_EXPLICIT_NA_REQUIRED,BASELINE_APPLICABLE_OR_EXPLICIT_NA_REQUIRED,BASELINE_APPLICABLE_OR_EXPLICIT_NA_REQUIRED,BASELINE_APPLICABLE_OR_EXPLICIT_NA_REQUIRED,BASELINE_APPLICABLE_OR_EXPLICIT_NA_REQUIRED,BASELINE_APPLICABLE_OR_EXPLICIT_NA_REQUIRED,BASELINE_APPLICABLE_OR_EXPLICIT_NA_REQUIRED,BASELINE_APPLICABLE_OR_EXPLICIT_NA_REQUIRED
SC-003,PaneResponsiveCore,PROVEN_SHARED,22/23 capsules + W01/W02 donor evidence,preferred vs effective state; resize/collapse/hide/reopen; responsive overlay/drawer.,"Pane state is presentation, not domain state.",ADMITTED_CONCEPTUAL_MECHANIC_OWNER_SUBJECT_TO_CURRENT_OWNER_SUPERSESSION,CONCEPTUAL_OWNER_ADMITTED__PHYSICAL_FILE_SYMBOL_UNRESOLVED_FOR_NEW_FOUNDATION,ONE_REUSABLE_EXECUTABLE_OWNER_PLUS_THIN_DOMAIN_ADAPTERS,Accepted Library v1.2.17 when compatible; Visualize/W03/R&Q/W04/W05 source families where domain/family-specific,NO_SURFACE_LOCAL_DUPLICATE_OWNER; NO_UNIVERSAL_DOMAIN_STORE; NO_STACK_PATH_CARRYOVER_BY_ASSUMPTION,BASELINE_APPLICABLE_OR_EXPLICIT_NA_REQUIRED,BASELINE_APPLICABLE_OR_EXPLICIT_NA_REQUIRED,BASELINE_APPLICABLE_OR_EXPLICIT_NA_REQUIRED,BASELINE_APPLICABLE_OR_EXPLICIT_NA_REQUIRED,BASELINE_APPLICABLE_OR_EXPLICIT_NA_REQUIRED,BASELINE_APPLICABLE_OR_EXPLICIT_NA_REQUIRED,BASELINE_APPLICABLE_OR_EXPLICIT_NA_REQUIRED,BASELINE_APPLICABLE_OR_EXPLICIT_NA_REQUIRED,BASELINE_APPLICABLE_OR_EXPLICIT_NA_REQUIRED,BASELINE_APPLICABLE_OR_EXPLICIT_NA_REQUIRED,BASELINE_APPLICABLE_OR_EXPLICIT_NA_REQUIRED,BASELINE_APPLICABLE_OR_EXPLICIT_NA_REQUIRED,BASELINE_APPLICABLE_OR_EXPLICIT_NA_REQUIRED,BASELINE_APPLICABLE_OR_EXPLICIT_NA_REQUIRED,BASELINE_APPLICABLE_OR_EXPLICIT_NA_REQUIRED,BASELINE_APPLICABLE_OR_EXPLICIT_NA_REQUIRED,BASELINE_APPLICABLE_OR_EXPLICIT_NA_REQUIRED,BASELINE_APPLICABLE_OR_EXPLICIT_NA_REQUIRED,BASELINE_APPLICABLE_OR_EXPLICIT_NA_REQUIRED,BASELINE_APPLICABLE_OR_EXPLICIT_NA_REQUIRED,BASELINE_APPLICABLE_OR_EXPLICIT_NA_REQUIRED,BASELINE_APPLICABLE_OR_EXPLICIT_NA_REQUIRED,BASELINE_APPLICABLE_OR_EXPLICIT_NA_REQUIRED
SC-004,ContextInspectorCore,PROVEN_SHARED,W01–W05,RIGHT contextual inspection pattern recurs with one contextual owner.,Context payload remains domain-adapted.,ADMITTED_CONCEPTUAL_MECHANIC_OWNER_SUBJECT_TO_CURRENT_OWNER_SUPERSESSION,CONCEPTUAL_OWNER_ADMITTED__PHYSICAL_FILE_SYMBOL_UNRESOLVED_FOR_NEW_FOUNDATION,ONE_REUSABLE_EXECUTABLE_OWNER_PLUS_THIN_DOMAIN_ADAPTERS,Accepted Library v1.2.17 when compatible; Visualize/W03/R&Q/W04/W05 source families where domain/family-specific,NO_SURFACE_LOCAL_DUPLICATE_OWNER; NO_UNIVERSAL_DOMAIN_STORE; NO_STACK_PATH_CARRYOVER_BY_ASSUMPTION,BASELINE_APPLICABLE_OR_EXPLICIT_NA_REQUIRED,BASELINE_APPLICABLE_OR_EXPLICIT_NA_REQUIRED,BASELINE_APPLICABLE_OR_EXPLICIT_NA_REQUIRED,BASELINE_APPLICABLE_OR_EXPLICIT_NA_REQUIRED,BASELINE_APPLICABLE_OR_EXPLICIT_NA_REQUIRED,BASELINE_APPLICABLE_OR_EXPLICIT_NA_REQUIRED,BASELINE_APPLICABLE_OR_EXPLICIT_NA_REQUIRED,BASELINE_APPLICABLE_OR_EXPLICIT_NA_REQUIRED,BASELINE_APPLICABLE_OR_EXPLICIT_NA_REQUIRED,BASELINE_APPLICABLE_OR_EXPLICIT_NA_REQUIRED,BASELINE_APPLICABLE_OR_EXPLICIT_NA_REQUIRED,BASELINE_APPLICABLE_OR_EXPLICIT_NA_REQUIRED,BASELINE_APPLICABLE_OR_EXPLICIT_NA_REQUIRED,BASELINE_APPLICABLE_OR_EXPLICIT_NA_REQUIRED,BASELINE_APPLICABLE_OR_EXPLICIT_NA_REQUIRED,BASELINE_APPLICABLE_OR_EXPLICIT_NA_REQUIRED,BASELINE_APPLICABLE_OR_EXPLICIT_NA_REQUIRED,BASELINE_APPLICABLE_OR_EXPLICIT_NA_REQUIRED,BASELINE_APPLICABLE_OR_EXPLICIT_NA_REQUIRED,BASELINE_APPLICABLE_OR_EXPLICIT_NA_REQUIRED,BASELINE_APPLICABLE_OR_EXPLICIT_NA_REQUIRED,BASELINE_APPLICABLE_OR_EXPLICIT_NA_REQUIRED,BASELINE_APPLICABLE_OR_EXPLICIT_NA_REQUIRED
SC-005,BottomDeepWorkCore,PROVEN_SHARED,W01–W05,temporary deep-work region; closed/inert lifecycle and focus restoration.,BOTTOM content/semantics remain Surface-owned.,ADMITTED_CONCEPTUAL_MECHANIC_OWNER_SUBJECT_TO_CURRENT_OWNER_SUPERSESSION,CONCEPTUAL_OWNER_ADMITTED__PHYSICAL_FILE_SYMBOL_UNRESOLVED_FOR_NEW_FOUNDATION,ONE_REUSABLE_EXECUTABLE_OWNER_PLUS_THIN_DOMAIN_ADAPTERS,Accepted Library v1.2.17 when compatible; Visualize/W03/R&Q/W04/W05 source families where domain/family-specific,NO_SURFACE_LOCAL_DUPLICATE_OWNER; NO_UNIVERSAL_DOMAIN_STORE; NO_STACK_PATH_CARRYOVER_BY_ASSUMPTION,BASELINE_APPLICABLE_OR_EXPLICIT_NA_REQUIRED,BASELINE_APPLICABLE_OR_EXPLICIT_NA_REQUIRED,BASELINE_APPLICABLE_OR_EXPLICIT_NA_REQUIRED,BASELINE_APPLICABLE_OR_EXPLICIT_NA_REQUIRED,BASELINE_APPLICABLE_OR_EXPLICIT_NA_REQUIRED,BASELINE_APPLICABLE_OR_EXPLICIT_NA_REQUIRED,BASELINE_APPLICABLE_OR_EXPLICIT_NA_REQUIRED,BASELINE_APPLICABLE_OR_EXPLICIT_NA_REQUIRED,BASELINE_APPLICABLE_OR_EXPLICIT_NA_REQUIRED,BASELINE_APPLICABLE_OR_EXPLICIT_NA_REQUIRED,BASELINE_APPLICABLE_OR_EXPLICIT_NA_REQUIRED,BASELINE_APPLICABLE_OR_EXPLICIT_NA_REQUIRED,BASELINE_APPLICABLE_OR_EXPLICIT_NA_REQUIRED,BASELINE_APPLICABLE_OR_EXPLICIT_NA_REQUIRED,BASELINE_APPLICABLE_OR_EXPLICIT_NA_REQUIRED,BASELINE_APPLICABLE_OR_EXPLICIT_NA_REQUIRED,BASELINE_APPLICABLE_OR_EXPLICIT_NA_REQUIRED,BASELINE_APPLICABLE_OR_EXPLICIT_NA_REQUIRED,BASELINE_APPLICABLE_OR_EXPLICIT_NA_REQUIRED,BASELINE_APPLICABLE_OR_EXPLICIT_NA_REQUIRED,BASELINE_APPLICABLE_OR_EXPLICIT_NA_REQUIRED,BASELINE_APPLICABLE_OR_EXPLICIT_NA_REQUIRED,BASELINE_APPLICABLE_OR_EXPLICIT_NA_REQUIRED
SC-006,PresentationStateCore,PROVEN_SHARED,W01–W05,layout/view/focus/pane state repeatedly separated from domain truth.,Must not become canonical domain persistence.,ADMITTED_CONCEPTUAL_MECHANIC_OWNER_SUBJECT_TO_CURRENT_OWNER_SUPERSESSION,CONCEPTUAL_OWNER_ADMITTED__PHYSICAL_FILE_SYMBOL_UNRESOLVED_FOR_NEW_FOUNDATION,ONE_REUSABLE_EXECUTABLE_OWNER_PLUS_THIN_DOMAIN_ADAPTERS,Accepted Library v1.2.17 when compatible; Visualize/W03/R&Q/W04/W05 source families where domain/family-specific,NO_SURFACE_LOCAL_DUPLICATE_OWNER; NO_UNIVERSAL_DOMAIN_STORE; NO_STACK_PATH_CARRYOVER_BY_ASSUMPTION,BASELINE_APPLICABLE_OR_EXPLICIT_NA_REQUIRED,BASELINE_APPLICABLE_OR_EXPLICIT_NA_REQUIRED,BASELINE_APPLICABLE_OR_EXPLICIT_NA_REQUIRED,BASELINE_APPLICABLE_OR_EXPLICIT_NA_REQUIRED,BASELINE_APPLICABLE_OR_EXPLICIT_NA_REQUIRED,BASELINE_APPLICABLE_OR_EXPLICIT_NA_REQUIRED,BASELINE_APPLICABLE_OR_EXPLICIT_NA_REQUIRED,BASELINE_APPLICABLE_OR_EXPLICIT_NA_REQUIRED,BASELINE_APPLICABLE_OR_EXPLICIT_NA_REQUIRED,BASELINE_APPLICABLE_OR_EXPLICIT_NA_REQUIRED,BASELINE_APPLICABLE_OR_EXPLICIT_NA_REQUIRED,BASELINE_APPLICABLE_OR_EXPLICIT_NA_REQUIRED,BASELINE_APPLICABLE_OR_EXPLICIT_NA_REQUIRED,BASELINE_APPLICABLE_OR_EXPLICIT_NA_REQUIRED,BASELINE_APPLICABLE_OR_EXPLICIT_NA_REQUIRED,BASELINE_APPLICABLE_OR_EXPLICIT_NA_REQUIRED,BASELINE_APPLICABLE_OR_EXPLICIT_NA_REQUIRED,BASELINE_APPLICABLE_OR_EXPLICIT_NA_REQUIRED,BASELINE_APPLICABLE_OR_EXPLICIT_NA_REQUIRED,BASELINE_APPLICABLE_OR_EXPLICIT_NA_REQUIRED,BASELINE_APPLICABLE_OR_EXPLICIT_NA_REQUIRED,BASELINE_APPLICABLE_OR_EXPLICIT_NA_REQUIRED,BASELINE_APPLICABLE_OR_EXPLICIT_NA_REQUIRED
SC-007,GlobalPreferenceCore,REQUIRED_SHARED,OSD-072..079 + W01–W05 repeated preferences,one semantic preference owner with scoped inheritance and many entry routes.,Global owner does not mean globally forced value.,ADMITTED_CONCEPTUAL_MECHANIC_OWNER_SUBJECT_TO_CURRENT_OWNER_SUPERSESSION,CONCEPTUAL_OWNER_ADMITTED__PHYSICAL_FILE_SYMBOL_UNRESOLVED_FOR_NEW_FOUNDATION,ONE_REUSABLE_EXECUTABLE_OWNER_PLUS_THIN_DOMAIN_ADAPTERS,Accepted Library v1.2.17 when compatible; Visualize/W03/R&Q/W04/W05 source families where domain/family-specific,NO_SURFACE_LOCAL_DUPLICATE_OWNER; NO_UNIVERSAL_DOMAIN_STORE; NO_STACK_PATH_CARRYOVER_BY_ASSUMPTION,BASELINE_APPLICABLE_OR_EXPLICIT_NA_REQUIRED,BASELINE_APPLICABLE_OR_EXPLICIT_NA_REQUIRED,BASELINE_APPLICABLE_OR_EXPLICIT_NA_REQUIRED,BASELINE_APPLICABLE_OR_EXPLICIT_NA_REQUIRED,BASELINE_APPLICABLE_OR_EXPLICIT_NA_REQUIRED,BASELINE_APPLICABLE_OR_EXPLICIT_NA_REQUIRED,BASELINE_APPLICABLE_OR_EXPLICIT_NA_REQUIRED,BASELINE_APPLICABLE_OR_EXPLICIT_NA_REQUIRED,BASELINE_APPLICABLE_OR_EXPLICIT_NA_REQUIRED,BASELINE_APPLICABLE_OR_EXPLICIT_NA_REQUIRED,BASELINE_APPLICABLE_OR_EXPLICIT_NA_REQUIRED,BASELINE_APPLICABLE_OR_EXPLICIT_NA_REQUIRED,BASELINE_APPLICABLE_OR_EXPLICIT_NA_REQUIRED,BASELINE_APPLICABLE_OR_EXPLICIT_NA_REQUIRED,BASELINE_APPLICABLE_OR_EXPLICIT_NA_REQUIRED,BASELINE_APPLICABLE_OR_EXPLICIT_NA_REQUIRED,BASELINE_APPLICABLE_OR_EXPLICIT_NA_REQUIRED,BASELINE_APPLICABLE_OR_EXPLICIT_NA_REQUIRED,BASELINE_APPLICABLE_OR_EXPLICIT_NA_REQUIRED,BASELINE_APPLICABLE_OR_EXPLICIT_NA_REQUIRED,BASELINE_APPLICABLE_OR_EXPLICIT_NA_REQUIRED,BASELINE_APPLICABLE_OR_EXPLICIT_NA_REQUIRED,BASELINE_APPLICABLE_OR_EXPLICIT_NA_REQUIRED
SC-008,PreferenceScopeResolver,REQUIRED_SHARED,OSD-073 + all Workspaces,safe default → global → workspace → surface → view/tool → content/object where valid → session.,Applicability must be explicit per setting.,ADMITTED_CONCEPTUAL_MECHANIC_OWNER_SUBJECT_TO_CURRENT_OWNER_SUPERSESSION,CONCEPTUAL_OWNER_ADMITTED__PHYSICAL_FILE_SYMBOL_UNRESOLVED_FOR_NEW_FOUNDATION,ONE_REUSABLE_EXECUTABLE_OWNER_PLUS_THIN_DOMAIN_ADAPTERS,Accepted Library v1.2.17 when compatible; Visualize/W03/R&Q/W04/W05 source families where domain/family-specific,NO_SURFACE_LOCAL_DUPLICATE_OWNER; NO_UNIVERSAL_DOMAIN_STORE; NO_STACK_PATH_CARRYOVER_BY_ASSUMPTION,BASELINE_APPLICABLE_OR_EXPLICIT_NA_REQUIRED,BASELINE_APPLICABLE_OR_EXPLICIT_NA_REQUIRED,BASELINE_APPLICABLE_OR_EXPLICIT_NA_REQUIRED,BASELINE_APPLICABLE_OR_EXPLICIT_NA_REQUIRED,BASELINE_APPLICABLE_OR_EXPLICIT_NA_REQUIRED,BASELINE_APPLICABLE_OR_EXPLICIT_NA_REQUIRED,BASELINE_APPLICABLE_OR_EXPLICIT_NA_REQUIRED,BASELINE_APPLICABLE_OR_EXPLICIT_NA_REQUIRED,BASELINE_APPLICABLE_OR_EXPLICIT_NA_REQUIRED,BASELINE_APPLICABLE_OR_EXPLICIT_NA_REQUIRED,BASELINE_APPLICABLE_OR_EXPLICIT_NA_REQUIRED,BASELINE_APPLICABLE_OR_EXPLICIT_NA_REQUIRED,BASELINE_APPLICABLE_OR_EXPLICIT_NA_REQUIRED,BASELINE_APPLICABLE_OR_EXPLICIT_NA_REQUIRED,BASELINE_APPLICABLE_OR_EXPLICIT_NA_REQUIRED,BASELINE_APPLICABLE_OR_EXPLICIT_NA_REQUIRED,BASELINE_APPLICABLE_OR_EXPLICIT_NA_REQUIRED,BASELINE_APPLICABLE_OR_EXPLICIT_NA_REQUIRED,BASELINE_APPLICABLE_OR_EXPLICIT_NA_REQUIRED,BASELINE_APPLICABLE_OR_EXPLICIT_NA_REQUIRED,BASELINE_APPLICABLE_OR_EXPLICIT_NA_REQUIRED,BASELINE_APPLICABLE_OR_EXPLICIT_NA_REQUIRED,BASELINE_APPLICABLE_OR_EXPLICIT_NA_REQUIRED
SC-009,GlobalSettingsIA,REQUIRED_SHARED,OSD-078 + W01/W02/W05 evidence,central searchable settings IA over one registry.,"Surface settings are filtered entry routes, not new stores.",ADMITTED_CONCEPTUAL_MECHANIC_OWNER_SUBJECT_TO_CURRENT_OWNER_SUPERSESSION,CONCEPTUAL_OWNER_ADMITTED__PHYSICAL_FILE_SYMBOL_UNRESOLVED_FOR_NEW_FOUNDATION,ONE_REUSABLE_EXECUTABLE_OWNER_PLUS_THIN_DOMAIN_ADAPTERS,Accepted Library v1.2.17 when compatible; Visualize/W03/R&Q/W04/W05 source families where domain/family-specific,NO_SURFACE_LOCAL_DUPLICATE_OWNER; NO_UNIVERSAL_DOMAIN_STORE; NO_STACK_PATH_CARRYOVER_BY_ASSUMPTION,BASELINE_APPLICABLE_OR_EXPLICIT_NA_REQUIRED,BASELINE_APPLICABLE_OR_EXPLICIT_NA_REQUIRED,BASELINE_APPLICABLE_OR_EXPLICIT_NA_REQUIRED,BASELINE_APPLICABLE_OR_EXPLICIT_NA_REQUIRED,BASELINE_APPLICABLE_OR_EXPLICIT_NA_REQUIRED,BASELINE_APPLICABLE_OR_EXPLICIT_NA_REQUIRED,BASELINE_APPLICABLE_OR_EXPLICIT_NA_REQUIRED,BASELINE_APPLICABLE_OR_EXPLICIT_NA_REQUIRED,BASELINE_APPLICABLE_OR_EXPLICIT_NA_REQUIRED,BASELINE_APPLICABLE_OR_EXPLICIT_NA_REQUIRED,BASELINE_APPLICABLE_OR_EXPLICIT_NA_REQUIRED,BASELINE_APPLICABLE_OR_EXPLICIT_NA_REQUIRED,BASELINE_APPLICABLE_OR_EXPLICIT_NA_REQUIRED,BASELINE_APPLICABLE_OR_EXPLICIT_NA_REQUIRED,BASELINE_APPLICABLE_OR_EXPLICIT_NA_REQUIRED,BASELINE_APPLICABLE_OR_EXPLICIT_NA_REQUIRED,BASELINE_APPLICABLE_OR_EXPLICIT_NA_REQUIRED,BASELINE_APPLICABLE_OR_EXPLICIT_NA_REQUIRED,BASELINE_APPLICABLE_OR_EXPLICIT_NA_REQUIRED,BASELINE_APPLICABLE_OR_EXPLICIT_NA_REQUIRED,BASELINE_APPLICABLE_OR_EXPLICIT_NA_REQUIRED,BASELINE_APPLICABLE_OR_EXPLICIT_NA_REQUIRED,BASELINE_APPLICABLE_OR_EXPLICIT_NA_REQUIRED
SC-010,PreferencePersistenceCore,PROVEN_SHARED,W01/W02/W03/W05 donor evidence,durable preference store with source/effective value and reset semantics.,Domain config remains outside preference state.,ADMITTED_CONCEPTUAL_MECHANIC_OWNER_SUBJECT_TO_CURRENT_OWNER_SUPERSESSION,CONCEPTUAL_OWNER_ADMITTED__PHYSICAL_FILE_SYMBOL_UNRESOLVED_FOR_NEW_FOUNDATION,ONE_REUSABLE_EXECUTABLE_OWNER_PLUS_THIN_DOMAIN_ADAPTERS,Accepted Library v1.2.17 when compatible; Visualize/W03/R&Q/W04/W05 source families where domain/family-specific,NO_SURFACE_LOCAL_DUPLICATE_OWNER; NO_UNIVERSAL_DOMAIN_STORE; NO_STACK_PATH_CARRYOVER_BY_ASSUMPTION,BASELINE_APPLICABLE_OR_EXPLICIT_NA_REQUIRED,BASELINE_APPLICABLE_OR_EXPLICIT_NA_REQUIRED,BASELINE_APPLICABLE_OR_EXPLICIT_NA_REQUIRED,BASELINE_APPLICABLE_OR_EXPLICIT_NA_REQUIRED,BASELINE_APPLICABLE_OR_EXPLICIT_NA_REQUIRED,BASELINE_APPLICABLE_OR_EXPLICIT_NA_REQUIRED,BASELINE_APPLICABLE_OR_EXPLICIT_NA_REQUIRED,BASELINE_APPLICABLE_OR_EXPLICIT_NA_REQUIRED,BASELINE_APPLICABLE_OR_EXPLICIT_NA_REQUIRED,BASELINE_APPLICABLE_OR_EXPLICIT_NA_REQUIRED,BASELINE_APPLICABLE_OR_EXPLICIT_NA_REQUIRED,BASELINE_APPLICABLE_OR_EXPLICIT_NA_REQUIRED,BASELINE_APPLICABLE_OR_EXPLICIT_NA_REQUIRED,BASELINE_APPLICABLE_OR_EXPLICIT_NA_REQUIRED,BASELINE_APPLICABLE_OR_EXPLICIT_NA_REQUIRED,BASELINE_APPLICABLE_OR_EXPLICIT_NA_REQUIRED,BASELINE_APPLICABLE_OR_EXPLICIT_NA_REQUIRED,BASELINE_APPLICABLE_OR_EXPLICIT_NA_REQUIRED,BASELINE_APPLICABLE_OR_EXPLICIT_NA_REQUIRED,BASELINE_APPLICABLE_OR_EXPLICIT_NA_REQUIRED,BASELINE_APPLICABLE_OR_EXPLICIT_NA_REQUIRED,BASELINE_APPLICABLE_OR_EXPLICIT_NA_REQUIRED,BASELINE_APPLICABLE_OR_EXPLICIT_NA_REQUIRED
SC-011,PreferenceExportImportResetModel,REQUIRED_SHARED,Owner preference seed,"versioned export/import, reset one/section/scope/global; effective-source preview.",Secrets/domain configuration excluded unless separately governed.,ADMITTED_CONCEPTUAL_MECHANIC_OWNER_SUBJECT_TO_CURRENT_OWNER_SUPERSESSION,CONCEPTUAL_OWNER_ADMITTED__PHYSICAL_FILE_SYMBOL_UNRESOLVED_FOR_NEW_FOUNDATION,ONE_REUSABLE_EXECUTABLE_OWNER_PLUS_THIN_DOMAIN_ADAPTERS,Accepted Library v1.2.17 when compatible; Visualize/W03/R&Q/W04/W05 source families where domain/family-specific,NO_SURFACE_LOCAL_DUPLICATE_OWNER; NO_UNIVERSAL_DOMAIN_STORE; NO_STACK_PATH_CARRYOVER_BY_ASSUMPTION,BASELINE_APPLICABLE_OR_EXPLICIT_NA_REQUIRED,BASELINE_APPLICABLE_OR_EXPLICIT_NA_REQUIRED,BASELINE_APPLICABLE_OR_EXPLICIT_NA_REQUIRED,BASELINE_APPLICABLE_OR_EXPLICIT_NA_REQUIRED,BASELINE_APPLICABLE_OR_EXPLICIT_NA_REQUIRED,BASELINE_APPLICABLE_OR_EXPLICIT_NA_REQUIRED,BASELINE_APPLICABLE_OR_EXPLICIT_NA_REQUIRED,BASELINE_APPLICABLE_OR_EXPLICIT_NA_REQUIRED,BASELINE_APPLICABLE_OR_EXPLICIT_NA_REQUIRED,BASELINE_APPLICABLE_OR_EXPLICIT_NA_REQUIRED,BASELINE_APPLICABLE_OR_EXPLICIT_NA_REQUIRED,BASELINE_APPLICABLE_OR_EXPLICIT_NA_REQUIRED,BASELINE_APPLICABLE_OR_EXPLICIT_NA_REQUIRED,BASELINE_APPLICABLE_OR_EXPLICIT_NA_REQUIRED,BASELINE_APPLICABLE_OR_EXPLICIT_NA_REQUIRED,BASELINE_APPLICABLE_OR_EXPLICIT_NA_REQUIRED,BASELINE_APPLICABLE_OR_EXPLICIT_NA_REQUIRED,BASELINE_APPLICABLE_OR_EXPLICIT_NA_REQUIRED,BASELINE_APPLICABLE_OR_EXPLICIT_NA_REQUIRED,BASELINE_APPLICABLE_OR_EXPLICIT_NA_REQUIRED,BASELINE_APPLICABLE_OR_EXPLICIT_NA_REQUIRED,BASELINE_APPLICABLE_OR_EXPLICIT_NA_REQUIRED,BASELINE_APPLICABLE_OR_EXPLICIT_NA_REQUIRED
SC-012,LocaleLanguagePresentationCore,REQUIRED_SHARED,OSD-065..076 + all Workspaces,uiLocale/language pack/number-date-time/search language as distinct preferences.,Does not rewrite canonical content language metadata.,ADMITTED_CONCEPTUAL_MECHANIC_OWNER_SUBJECT_TO_CURRENT_OWNER_SUPERSESSION,CONCEPTUAL_OWNER_ADMITTED__PHYSICAL_FILE_SYMBOL_UNRESOLVED_FOR_NEW_FOUNDATION,ONE_REUSABLE_EXECUTABLE_OWNER_PLUS_THIN_DOMAIN_ADAPTERS,Accepted Library v1.2.17 when compatible; Visualize/W03/R&Q/W04/W05 source families where domain/family-specific,NO_SURFACE_LOCAL_DUPLICATE_OWNER; NO_UNIVERSAL_DOMAIN_STORE; NO_STACK_PATH_CARRYOVER_BY_ASSUMPTION,BASELINE_APPLICABLE_OR_EXPLICIT_NA_REQUIRED,BASELINE_APPLICABLE_OR_EXPLICIT_NA_REQUIRED,BASELINE_APPLICABLE_OR_EXPLICIT_NA_REQUIRED,BASELINE_APPLICABLE_OR_EXPLICIT_NA_REQUIRED,BASELINE_APPLICABLE_OR_EXPLICIT_NA_REQUIRED,BASELINE_APPLICABLE_OR_EXPLICIT_NA_REQUIRED,BASELINE_APPLICABLE_OR_EXPLICIT_NA_REQUIRED,BASELINE_APPLICABLE_OR_EXPLICIT_NA_REQUIRED,BASELINE_APPLICABLE_OR_EXPLICIT_NA_REQUIRED,BASELINE_APPLICABLE_OR_EXPLICIT_NA_REQUIRED,BASELINE_APPLICABLE_OR_EXPLICIT_NA_REQUIRED,BASELINE_APPLICABLE_OR_EXPLICIT_NA_REQUIRED,BASELINE_APPLICABLE_OR_EXPLICIT_NA_REQUIRED,BASELINE_APPLICABLE_OR_EXPLICIT_NA_REQUIRED,BASELINE_APPLICABLE_OR_EXPLICIT_NA_REQUIRED,BASELINE_APPLICABLE_OR_EXPLICIT_NA_REQUIRED,BASELINE_APPLICABLE_OR_EXPLICIT_NA_REQUIRED,BASELINE_APPLICABLE_OR_EXPLICIT_NA_REQUIRED,BASELINE_APPLICABLE_OR_EXPLICIT_NA_REQUIRED,BASELINE_APPLICABLE_OR_EXPLICIT_NA_REQUIRED,BASELINE_APPLICABLE_OR_EXPLICIT_NA_REQUIRED,BASELINE_APPLICABLE_OR_EXPLICIT_NA_REQUIRED,BASELINE_APPLICABLE_OR_EXPLICIT_NA_REQUIRED
SC-013,DirectionAlignmentResolutionCore,REQUIRED_SHARED,OSD-067..071 + all Workspaces,"chrome direction, natural text direction and alignment resolved separately.",No single RTL/LTR mega-flag.,ADMITTED_CONCEPTUAL_MECHANIC_OWNER_SUBJECT_TO_CURRENT_OWNER_SUPERSESSION,CONCEPTUAL_OWNER_ADMITTED__PHYSICAL_FILE_SYMBOL_UNRESOLVED_FOR_NEW_FOUNDATION,ONE_REUSABLE_EXECUTABLE_OWNER_PLUS_THIN_DOMAIN_ADAPTERS,Accepted Library v1.2.17 when compatible; Visualize/W03/R&Q/W04/W05 source families where domain/family-specific,NO_SURFACE_LOCAL_DUPLICATE_OWNER; NO_UNIVERSAL_DOMAIN_STORE; NO_STACK_PATH_CARRYOVER_BY_ASSUMPTION,BASELINE_APPLICABLE_OR_EXPLICIT_NA_REQUIRED,BASELINE_APPLICABLE_OR_EXPLICIT_NA_REQUIRED,BASELINE_APPLICABLE_OR_EXPLICIT_NA_REQUIRED,BASELINE_APPLICABLE_OR_EXPLICIT_NA_REQUIRED,BASELINE_APPLICABLE_OR_EXPLICIT_NA_REQUIRED,BASELINE_APPLICABLE_OR_EXPLICIT_NA_REQUIRED,BASELINE_APPLICABLE_OR_EXPLICIT_NA_REQUIRED,BASELINE_APPLICABLE_OR_EXPLICIT_NA_REQUIRED,BASELINE_APPLICABLE_OR_EXPLICIT_NA_REQUIRED,BASELINE_APPLICABLE_OR_EXPLICIT_NA_REQUIRED,BASELINE_APPLICABLE_OR_EXPLICIT_NA_REQUIRED,BASELINE_APPLICABLE_OR_EXPLICIT_NA_REQUIRED,BASELINE_APPLICABLE_OR_EXPLICIT_NA_REQUIRED,BASELINE_APPLICABLE_OR_EXPLICIT_NA_REQUIRED,BASELINE_APPLICABLE_OR_EXPLICIT_NA_REQUIRED,BASELINE_APPLICABLE_OR_EXPLICIT_NA_REQUIRED,BASELINE_APPLICABLE_OR_EXPLICIT_NA_REQUIRED,BASELINE_APPLICABLE_OR_EXPLICIT_NA_REQUIRED,BASELINE_APPLICABLE_OR_EXPLICIT_NA_REQUIRED,BASELINE_APPLICABLE_OR_EXPLICIT_NA_REQUIRED,BASELINE_APPLICABLE_OR_EXPLICIT_NA_REQUIRED,BASELINE_APPLICABLE_OR_EXPLICIT_NA_REQUIRED,BASELINE_APPLICABLE_OR_EXPLICIT_NA_REQUIRED
SC-014,TypographyAndScriptProfileCore,REQUIRED_SHARED,OSD-070/075 + mixed-script portfolio,font/script fallback/profile and script-aware defaults.,Must not hard-code Arabic-only typography.,ADMITTED_CONCEPTUAL_MECHANIC_OWNER_SUBJECT_TO_CURRENT_OWNER_SUPERSESSION,CONCEPTUAL_OWNER_ADMITTED__PHYSICAL_FILE_SYMBOL_UNRESOLVED_FOR_NEW_FOUNDATION,ONE_REUSABLE_EXECUTABLE_OWNER_PLUS_THIN_DOMAIN_ADAPTERS,Accepted Library v1.2.17 when compatible; Visualize/W03/R&Q/W04/W05 source families where domain/family-specific,NO_SURFACE_LOCAL_DUPLICATE_OWNER; NO_UNIVERSAL_DOMAIN_STORE; NO_STACK_PATH_CARRYOVER_BY_ASSUMPTION,BASELINE_APPLICABLE_OR_EXPLICIT_NA_REQUIRED,BASELINE_APPLICABLE_OR_EXPLICIT_NA_REQUIRED,BASELINE_APPLICABLE_OR_EXPLICIT_NA_REQUIRED,BASELINE_APPLICABLE_OR_EXPLICIT_NA_REQUIRED,BASELINE_APPLICABLE_OR_EXPLICIT_NA_REQUIRED,BASELINE_APPLICABLE_OR_EXPLICIT_NA_REQUIRED,BASELINE_APPLICABLE_OR_EXPLICIT_NA_REQUIRED,BASELINE_APPLICABLE_OR_EXPLICIT_NA_REQUIRED,BASELINE_APPLICABLE_OR_EXPLICIT_NA_REQUIRED,BASELINE_APPLICABLE_OR_EXPLICIT_NA_REQUIRED,BASELINE_APPLICABLE_OR_EXPLICIT_NA_REQUIRED,BASELINE_APPLICABLE_OR_EXPLICIT_NA_REQUIRED,BASELINE_APPLICABLE_OR_EXPLICIT_NA_REQUIRED,BASELINE_APPLICABLE_OR_EXPLICIT_NA_REQUIRED,BASELINE_APPLICABLE_OR_EXPLICIT_NA_REQUIRED,BASELINE_APPLICABLE_OR_EXPLICIT_NA_REQUIRED,BASELINE_APPLICABLE_OR_EXPLICIT_NA_REQUIRED,BASELINE_APPLICABLE_OR_EXPLICIT_NA_REQUIRED,BASELINE_APPLICABLE_OR_EXPLICIT_NA_REQUIRED,BASELINE_APPLICABLE_OR_EXPLICIT_NA_REQUIRED,BASELINE_APPLICABLE_OR_EXPLICIT_NA_REQUIRED,BASELINE_APPLICABLE_OR_EXPLICIT_NA_REQUIRED,BASELINE_APPLICABLE_OR_EXPLICIT_NA_REQUIRED
SC-015,TechnicalTokenBidiIsolationCore,REQUIRED_SHARED,W01–W05 technical tokens,code/commands/paths/IPs/hashes/IDs/logs remain readable independent of chrome direction.,Token isolation policy can vary by tool/content.,ADMITTED_CONCEPTUAL_MECHANIC_OWNER_SUBJECT_TO_CURRENT_OWNER_SUPERSESSION,CONCEPTUAL_OWNER_ADMITTED__PHYSICAL_FILE_SYMBOL_UNRESOLVED_FOR_NEW_FOUNDATION,ONE_REUSABLE_EXECUTABLE_OWNER_PLUS_THIN_DOMAIN_ADAPTERS,Accepted Library v1.2.17 when compatible; Visualize/W03/R&Q/W04/W05 source families where domain/family-specific,NO_SURFACE_LOCAL_DUPLICATE_OWNER; NO_UNIVERSAL_DOMAIN_STORE; NO_STACK_PATH_CARRYOVER_BY_ASSUMPTION,BASELINE_APPLICABLE_OR_EXPLICIT_NA_REQUIRED,BASELINE_APPLICABLE_OR_EXPLICIT_NA_REQUIRED,BASELINE_APPLICABLE_OR_EXPLICIT_NA_REQUIRED,BASELINE_APPLICABLE_OR_EXPLICIT_NA_REQUIRED,BASELINE_APPLICABLE_OR_EXPLICIT_NA_REQUIRED,BASELINE_APPLICABLE_OR_EXPLICIT_NA_REQUIRED,BASELINE_APPLICABLE_OR_EXPLICIT_NA_REQUIRED,BASELINE_APPLICABLE_OR_EXPLICIT_NA_REQUIRED,BASELINE_APPLICABLE_OR_EXPLICIT_NA_REQUIRED,BASELINE_APPLICABLE_OR_EXPLICIT_NA_REQUIRED,BASELINE_APPLICABLE_OR_EXPLICIT_NA_REQUIRED,BASELINE_APPLICABLE_OR_EXPLICIT_NA_REQUIRED,BASELINE_APPLICABLE_OR_EXPLICIT_NA_REQUIRED,BASELINE_APPLICABLE_OR_EXPLICIT_NA_REQUIRED,BASELINE_APPLICABLE_OR_EXPLICIT_NA_REQUIRED,BASELINE_APPLICABLE_OR_EXPLICIT_NA_REQUIRED,BASELINE_APPLICABLE_OR_EXPLICIT_NA_REQUIRED,BASELINE_APPLICABLE_OR_EXPLICIT_NA_REQUIRED,BASELINE_APPLICABLE_OR_EXPLICIT_NA_REQUIRED,BASELINE_APPLICABLE_OR_EXPLICIT_NA_REQUIRED,BASELINE_APPLICABLE_OR_EXPLICIT_NA_REQUIRED,BASELINE_APPLICABLE_OR_EXPLICIT_NA_REQUIRED,BASELINE_APPLICABLE_OR_EXPLICIT_NA_REQUIRED
SC-016,SemanticCommandCore,PROVEN_SHARED,22/23 capsules + W02 donor,one behavioral command owner with many invocation routes.,Payloads MUST be typed per command family.,ADMITTED_CONCEPTUAL_MECHANIC_OWNER_SUBJECT_TO_CURRENT_OWNER_SUPERSESSION,CONCEPTUAL_OWNER_ADMITTED__PHYSICAL_FILE_SYMBOL_UNRESOLVED_FOR_NEW_FOUNDATION,ONE_REUSABLE_EXECUTABLE_OWNER_PLUS_THIN_DOMAIN_ADAPTERS,Accepted Library v1.2.17 when compatible; Visualize/W03/R&Q/W04/W05 source families where domain/family-specific,NO_SURFACE_LOCAL_DUPLICATE_OWNER; NO_UNIVERSAL_DOMAIN_STORE; NO_STACK_PATH_CARRYOVER_BY_ASSUMPTION,BASELINE_APPLICABLE_OR_EXPLICIT_NA_REQUIRED,BASELINE_APPLICABLE_OR_EXPLICIT_NA_REQUIRED,BASELINE_APPLICABLE_OR_EXPLICIT_NA_REQUIRED,BASELINE_APPLICABLE_OR_EXPLICIT_NA_REQUIRED,BASELINE_APPLICABLE_OR_EXPLICIT_NA_REQUIRED,BASELINE_APPLICABLE_OR_EXPLICIT_NA_REQUIRED,BASELINE_APPLICABLE_OR_EXPLICIT_NA_REQUIRED,BASELINE_APPLICABLE_OR_EXPLICIT_NA_REQUIRED,BASELINE_APPLICABLE_OR_EXPLICIT_NA_REQUIRED,BASELINE_APPLICABLE_OR_EXPLICIT_NA_REQUIRED,BASELINE_APPLICABLE_OR_EXPLICIT_NA_REQUIRED,BASELINE_APPLICABLE_OR_EXPLICIT_NA_REQUIRED,BASELINE_APPLICABLE_OR_EXPLICIT_NA_REQUIRED,BASELINE_APPLICABLE_OR_EXPLICIT_NA_REQUIRED,BASELINE_APPLICABLE_OR_EXPLICIT_NA_REQUIRED,BASELINE_APPLICABLE_OR_EXPLICIT_NA_REQUIRED,BASELINE_APPLICABLE_OR_EXPLICIT_NA_REQUIRED,BASELINE_APPLICABLE_OR_EXPLICIT_NA_REQUIRED,BASELINE_APPLICABLE_OR_EXPLICIT_NA_REQUIRED,BASELINE_APPLICABLE_OR_EXPLICIT_NA_REQUIRED,BASELINE_APPLICABLE_OR_EXPLICIT_NA_REQUIRED,BASELINE_APPLICABLE_OR_EXPLICIT_NA_REQUIRED,BASELINE_APPLICABLE_OR_EXPLICIT_NA_REQUIRED
SC-017,ActionSurfaceCore,PROVEN_SHARED,portfolio action surfaces + prior Big Boss valid machinery,visible/overflow/context/palette/quick/keyboard/pointer routes map to semantic command IDs.,Presentation route != semantic owner.,ADMITTED_CONCEPTUAL_MECHANIC_OWNER_SUBJECT_TO_CURRENT_OWNER_SUPERSESSION,CONCEPTUAL_OWNER_ADMITTED__PHYSICAL_FILE_SYMBOL_UNRESOLVED_FOR_NEW_FOUNDATION,ONE_REUSABLE_EXECUTABLE_OWNER_PLUS_THIN_DOMAIN_ADAPTERS,Accepted Library v1.2.17 when compatible; Visualize/W03/R&Q/W04/W05 source families where domain/family-specific,NO_SURFACE_LOCAL_DUPLICATE_OWNER; NO_UNIVERSAL_DOMAIN_STORE; NO_STACK_PATH_CARRYOVER_BY_ASSUMPTION,BASELINE_APPLICABLE_OR_EXPLICIT_NA_REQUIRED,BASELINE_APPLICABLE_OR_EXPLICIT_NA_REQUIRED,BASELINE_APPLICABLE_OR_EXPLICIT_NA_REQUIRED,BASELINE_APPLICABLE_OR_EXPLICIT_NA_REQUIRED,BASELINE_APPLICABLE_OR_EXPLICIT_NA_REQUIRED,BASELINE_APPLICABLE_OR_EXPLICIT_NA_REQUIRED,BASELINE_APPLICABLE_OR_EXPLICIT_NA_REQUIRED,BASELINE_APPLICABLE_OR_EXPLICIT_NA_REQUIRED,BASELINE_APPLICABLE_OR_EXPLICIT_NA_REQUIRED,BASELINE_APPLICABLE_OR_EXPLICIT_NA_REQUIRED,BASELINE_APPLICABLE_OR_EXPLICIT_NA_REQUIRED,BASELINE_APPLICABLE_OR_EXPLICIT_NA_REQUIRED,BASELINE_APPLICABLE_OR_EXPLICIT_NA_REQUIRED,BASELINE_APPLICABLE_OR_EXPLICIT_NA_REQUIRED,BASELINE_APPLICABLE_OR_EXPLICIT_NA_REQUIRED,BASELINE_APPLICABLE_OR_EXPLICIT_NA_REQUIRED,BASELINE_APPLICABLE_OR_EXPLICIT_NA_REQUIRED,BASELINE_APPLICABLE_OR_EXPLICIT_NA_REQUIRED,BASELINE_APPLICABLE_OR_EXPLICIT_NA_REQUIRED,BASELINE_APPLICABLE_OR_EXPLICIT_NA_REQUIRED,BASELINE_APPLICABLE_OR_EXPLICIT_NA_REQUIRED,BASELINE_APPLICABLE_OR_EXPLICIT_NA_REQUIRED,BASELINE_APPLICABLE_OR_EXPLICIT_NA_REQUIRED
SC-018,ActionAvailabilityCore,PROVEN_SHARED,W01–W05 disabled/authority/state rules,"availability, disabled reason, permission/state constraints.","Disabled reason must be truthful, not cosmetic.",ADMITTED_CONCEPTUAL_MECHANIC_OWNER_SUBJECT_TO_CURRENT_OWNER_SUPERSESSION,CONCEPTUAL_OWNER_ADMITTED__PHYSICAL_FILE_SYMBOL_UNRESOLVED_FOR_NEW_FOUNDATION,ONE_REUSABLE_EXECUTABLE_OWNER_PLUS_THIN_DOMAIN_ADAPTERS,Accepted Library v1.2.17 when compatible; Visualize/W03/R&Q/W04/W05 source families where domain/family-specific,NO_SURFACE_LOCAL_DUPLICATE_OWNER; NO_UNIVERSAL_DOMAIN_STORE; NO_STACK_PATH_CARRYOVER_BY_ASSUMPTION,BASELINE_APPLICABLE_OR_EXPLICIT_NA_REQUIRED,BASELINE_APPLICABLE_OR_EXPLICIT_NA_REQUIRED,BASELINE_APPLICABLE_OR_EXPLICIT_NA_REQUIRED,BASELINE_APPLICABLE_OR_EXPLICIT_NA_REQUIRED,BASELINE_APPLICABLE_OR_EXPLICIT_NA_REQUIRED,BASELINE_APPLICABLE_OR_EXPLICIT_NA_REQUIRED,BASELINE_APPLICABLE_OR_EXPLICIT_NA_REQUIRED,BASELINE_APPLICABLE_OR_EXPLICIT_NA_REQUIRED,BASELINE_APPLICABLE_OR_EXPLICIT_NA_REQUIRED,BASELINE_APPLICABLE_OR_EXPLICIT_NA_REQUIRED,BASELINE_APPLICABLE_OR_EXPLICIT_NA_REQUIRED,BASELINE_APPLICABLE_OR_EXPLICIT_NA_REQUIRED,BASELINE_APPLICABLE_OR_EXPLICIT_NA_REQUIRED,BASELINE_APPLICABLE_OR_EXPLICIT_NA_REQUIRED,BASELINE_APPLICABLE_OR_EXPLICIT_NA_REQUIRED,BASELINE_APPLICABLE_OR_EXPLICIT_NA_REQUIRED,BASELINE_APPLICABLE_OR_EXPLICIT_NA_REQUIRED,BASELINE_APPLICABLE_OR_EXPLICIT_NA_REQUIRED,BASELINE_APPLICABLE_OR_EXPLICIT_NA_REQUIRED,BASELINE_APPLICABLE_OR_EXPLICIT_NA_REQUIRED,BASELINE_APPLICABLE_OR_EXPLICIT_NA_REQUIRED,BASELINE_APPLICABLE_OR_EXPLICIT_NA_REQUIRED,BASELINE_APPLICABLE_OR_EXPLICIT_NA_REQUIRED
SC-019,TransientFocusCore,PROVEN_SHARED,22/23 capsules,"modal/menu/palette/drawer focus containment, dismissal, inertness, focus return.",Persistent panes are not transients.,ADMITTED_CONCEPTUAL_MECHANIC_OWNER_SUBJECT_TO_CURRENT_OWNER_SUPERSESSION,CONCEPTUAL_OWNER_ADMITTED__PHYSICAL_FILE_SYMBOL_UNRESOLVED_FOR_NEW_FOUNDATION,ONE_REUSABLE_EXECUTABLE_OWNER_PLUS_THIN_DOMAIN_ADAPTERS,Accepted Library v1.2.17 when compatible; Visualize/W03/R&Q/W04/W05 source families where domain/family-specific,NO_SURFACE_LOCAL_DUPLICATE_OWNER; NO_UNIVERSAL_DOMAIN_STORE; NO_STACK_PATH_CARRYOVER_BY_ASSUMPTION,BASELINE_APPLICABLE_OR_EXPLICIT_NA_REQUIRED,BASELINE_APPLICABLE_OR_EXPLICIT_NA_REQUIRED,BASELINE_APPLICABLE_OR_EXPLICIT_NA_REQUIRED,BASELINE_APPLICABLE_OR_EXPLICIT_NA_REQUIRED,BASELINE_APPLICABLE_OR_EXPLICIT_NA_REQUIRED,BASELINE_APPLICABLE_OR_EXPLICIT_NA_REQUIRED,BASELINE_APPLICABLE_OR_EXPLICIT_NA_REQUIRED,BASELINE_APPLICABLE_OR_EXPLICIT_NA_REQUIRED,BASELINE_APPLICABLE_OR_EXPLICIT_NA_REQUIRED,BASELINE_APPLICABLE_OR_EXPLICIT_NA_REQUIRED,BASELINE_APPLICABLE_OR_EXPLICIT_NA_REQUIRED,BASELINE_APPLICABLE_OR_EXPLICIT_NA_REQUIRED,BASELINE_APPLICABLE_OR_EXPLICIT_NA_REQUIRED,BASELINE_APPLICABLE_OR_EXPLICIT_NA_REQUIRED,BASELINE_APPLICABLE_OR_EXPLICIT_NA_REQUIRED,BASELINE_APPLICABLE_OR_EXPLICIT_NA_REQUIRED,BASELINE_APPLICABLE_OR_EXPLICIT_NA_REQUIRED,BASELINE_APPLICABLE_OR_EXPLICIT_NA_REQUIRED,BASELINE_APPLICABLE_OR_EXPLICIT_NA_REQUIRED,BASELINE_APPLICABLE_OR_EXPLICIT_NA_REQUIRED,BASELINE_APPLICABLE_OR_EXPLICIT_NA_REQUIRED,BASELINE_APPLICABLE_OR_EXPLICIT_NA_REQUIRED,BASELINE_APPLICABLE_OR_EXPLICIT_NA_REQUIRED
SC-020,InputKeymapCore,PROVEN_SHARED,W01–W05 + Library donor,"keyboard/pointer/touch/trackpad mappings, conflicts, remap, text/IME protection.",Single-character shortcuts need guards.,ADMITTED_CONCEPTUAL_MECHANIC_OWNER_SUBJECT_TO_CURRENT_OWNER_SUPERSESSION,CONCEPTUAL_OWNER_ADMITTED__PHYSICAL_FILE_SYMBOL_UNRESOLVED_FOR_NEW_FOUNDATION,ONE_REUSABLE_EXECUTABLE_OWNER_PLUS_THIN_DOMAIN_ADAPTERS,Accepted Library v1.2.17 when compatible; Visualize/W03/R&Q/W04/W05 source families where domain/family-specific,NO_SURFACE_LOCAL_DUPLICATE_OWNER; NO_UNIVERSAL_DOMAIN_STORE; NO_STACK_PATH_CARRYOVER_BY_ASSUMPTION,BASELINE_APPLICABLE_OR_EXPLICIT_NA_REQUIRED,BASELINE_APPLICABLE_OR_EXPLICIT_NA_REQUIRED,BASELINE_APPLICABLE_OR_EXPLICIT_NA_REQUIRED,BASELINE_APPLICABLE_OR_EXPLICIT_NA_REQUIRED,BASELINE_APPLICABLE_OR_EXPLICIT_NA_REQUIRED,BASELINE_APPLICABLE_OR_EXPLICIT_NA_REQUIRED,BASELINE_APPLICABLE_OR_EXPLICIT_NA_REQUIRED,BASELINE_APPLICABLE_OR_EXPLICIT_NA_REQUIRED,BASELINE_APPLICABLE_OR_EXPLICIT_NA_REQUIRED,BASELINE_APPLICABLE_OR_EXPLICIT_NA_REQUIRED,BASELINE_APPLICABLE_OR_EXPLICIT_NA_REQUIRED,BASELINE_APPLICABLE_OR_EXPLICIT_NA_REQUIRED,BASELINE_APPLICABLE_OR_EXPLICIT_NA_REQUIRED,BASELINE_APPLICABLE_OR_EXPLICIT_NA_REQUIRED,BASELINE_APPLICABLE_OR_EXPLICIT_NA_REQUIRED,BASELINE_APPLICABLE_OR_EXPLICIT_NA_REQUIRED,BASELINE_APPLICABLE_OR_EXPLICIT_NA_REQUIRED,BASELINE_APPLICABLE_OR_EXPLICIT_NA_REQUIRED,BASELINE_APPLICABLE_OR_EXPLICIT_NA_REQUIRED,BASELINE_APPLICABLE_OR_EXPLICIT_NA_REQUIRED,BASELINE_APPLICABLE_OR_EXPLICIT_NA_REQUIRED,BASELINE_APPLICABLE_OR_EXPLICIT_NA_REQUIRED,BASELINE_APPLICABLE_OR_EXPLICIT_NA_REQUIRED
SC-021,AccessibilityInteractionCore,PROVEN_SHARED,W01–W05,"focus visibility, region navigation, announcements, equivalent action routes.","Equivalent agency, not decorative accessibility.",ADMITTED_CONCEPTUAL_MECHANIC_OWNER_SUBJECT_TO_CURRENT_OWNER_SUPERSESSION,CONCEPTUAL_OWNER_ADMITTED__PHYSICAL_FILE_SYMBOL_UNRESOLVED_FOR_NEW_FOUNDATION,ONE_REUSABLE_EXECUTABLE_OWNER_PLUS_THIN_DOMAIN_ADAPTERS,Accepted Library v1.2.17 when compatible; Visualize/W03/R&Q/W04/W05 source families where domain/family-specific,NO_SURFACE_LOCAL_DUPLICATE_OWNER; NO_UNIVERSAL_DOMAIN_STORE; NO_STACK_PATH_CARRYOVER_BY_ASSUMPTION,BASELINE_APPLICABLE_OR_EXPLICIT_NA_REQUIRED,BASELINE_APPLICABLE_OR_EXPLICIT_NA_REQUIRED,BASELINE_APPLICABLE_OR_EXPLICIT_NA_REQUIRED,BASELINE_APPLICABLE_OR_EXPLICIT_NA_REQUIRED,BASELINE_APPLICABLE_OR_EXPLICIT_NA_REQUIRED,BASELINE_APPLICABLE_OR_EXPLICIT_NA_REQUIRED,BASELINE_APPLICABLE_OR_EXPLICIT_NA_REQUIRED,BASELINE_APPLICABLE_OR_EXPLICIT_NA_REQUIRED,BASELINE_APPLICABLE_OR_EXPLICIT_NA_REQUIRED,BASELINE_APPLICABLE_OR_EXPLICIT_NA_REQUIRED,BASELINE_APPLICABLE_OR_EXPLICIT_NA_REQUIRED,BASELINE_APPLICABLE_OR_EXPLICIT_NA_REQUIRED,BASELINE_APPLICABLE_OR_EXPLICIT_NA_REQUIRED,BASELINE_APPLICABLE_OR_EXPLICIT_NA_REQUIRED,BASELINE_APPLICABLE_OR_EXPLICIT_NA_REQUIRED,BASELINE_APPLICABLE_OR_EXPLICIT_NA_REQUIRED,BASELINE_APPLICABLE_OR_EXPLICIT_NA_REQUIRED,BASELINE_APPLICABLE_OR_EXPLICIT_NA_REQUIRED,BASELINE_APPLICABLE_OR_EXPLICIT_NA_REQUIRED,BASELINE_APPLICABLE_OR_EXPLICIT_NA_REQUIRED,BASELINE_APPLICABLE_OR_EXPLICIT_NA_REQUIRED,BASELINE_APPLICABLE_OR_EXPLICIT_NA_REQUIRED,BASELINE_APPLICABLE_OR_EXPLICIT_NA_REQUIRED
SC-022,StatusFeedbackCore,PROVEN_SHARED,W01–W05,status/toast/operation feedback with domain adapters.,Domain lifecycle tokens remain local.,ADMITTED_CONCEPTUAL_MECHANIC_OWNER_SUBJECT_TO_CURRENT_OWNER_SUPERSESSION,CONCEPTUAL_OWNER_ADMITTED__PHYSICAL_FILE_SYMBOL_UNRESOLVED_FOR_NEW_FOUNDATION,ONE_REUSABLE_EXECUTABLE_OWNER_PLUS_THIN_DOMAIN_ADAPTERS,Accepted Library v1.2.17 when compatible; Visualize/W03/R&Q/W04/W05 source families where domain/family-specific,NO_SURFACE_LOCAL_DUPLICATE_OWNER; NO_UNIVERSAL_DOMAIN_STORE; NO_STACK_PATH_CARRYOVER_BY_ASSUMPTION,BASELINE_APPLICABLE_OR_EXPLICIT_NA_REQUIRED,BASELINE_APPLICABLE_OR_EXPLICIT_NA_REQUIRED,BASELINE_APPLICABLE_OR_EXPLICIT_NA_REQUIRED,BASELINE_APPLICABLE_OR_EXPLICIT_NA_REQUIRED,BASELINE_APPLICABLE_OR_EXPLICIT_NA_REQUIRED,BASELINE_APPLICABLE_OR_EXPLICIT_NA_REQUIRED,BASELINE_APPLICABLE_OR_EXPLICIT_NA_REQUIRED,BASELINE_APPLICABLE_OR_EXPLICIT_NA_REQUIRED,BASELINE_APPLICABLE_OR_EXPLICIT_NA_REQUIRED,BASELINE_APPLICABLE_OR_EXPLICIT_NA_REQUIRED,BASELINE_APPLICABLE_OR_EXPLICIT_NA_REQUIRED,BASELINE_APPLICABLE_OR_EXPLICIT_NA_REQUIRED,BASELINE_APPLICABLE_OR_EXPLICIT_NA_REQUIRED,BASELINE_APPLICABLE_OR_EXPLICIT_NA_REQUIRED,BASELINE_APPLICABLE_OR_EXPLICIT_NA_REQUIRED,BASELINE_APPLICABLE_OR_EXPLICIT_NA_REQUIRED,BASELINE_APPLICABLE_OR_EXPLICIT_NA_REQUIRED,BASELINE_APPLICABLE_OR_EXPLICIT_NA_REQUIRED,BASELINE_APPLICABLE_OR_EXPLICIT_NA_REQUIRED,BASELINE_APPLICABLE_OR_EXPLICIT_NA_REQUIRED,BASELINE_APPLICABLE_OR_EXPLICIT_NA_REQUIRED,BASELINE_APPLICABLE_OR_EXPLICIT_NA_REQUIRED,BASELINE_APPLICABLE_OR_EXPLICIT_NA_REQUIRED
SC-023,EpistemicStateCore,PROVEN_SHARED,W01–W05,AVAILABLE/EMPTY/PARTIAL/STALE/UNAVAILABLE/ERROR presentation truth.,Do NOT replace domain-specific lifecycle/status enums.,ADMITTED_CONCEPTUAL_MECHANIC_OWNER_SUBJECT_TO_CURRENT_OWNER_SUPERSESSION,CONCEPTUAL_OWNER_ADMITTED__PHYSICAL_FILE_SYMBOL_UNRESOLVED_FOR_NEW_FOUNDATION,ONE_REUSABLE_EXECUTABLE_OWNER_PLUS_THIN_DOMAIN_ADAPTERS,Accepted Library v1.2.17 when compatible; Visualize/W03/R&Q/W04/W05 source families where domain/family-specific,NO_SURFACE_LOCAL_DUPLICATE_OWNER; NO_UNIVERSAL_DOMAIN_STORE; NO_STACK_PATH_CARRYOVER_BY_ASSUMPTION,BASELINE_APPLICABLE_OR_EXPLICIT_NA_REQUIRED,BASELINE_APPLICABLE_OR_EXPLICIT_NA_REQUIRED,BASELINE_APPLICABLE_OR_EXPLICIT_NA_REQUIRED,BASELINE_APPLICABLE_OR_EXPLICIT_NA_REQUIRED,BASELINE_APPLICABLE_OR_EXPLICIT_NA_REQUIRED,BASELINE_APPLICABLE_OR_EXPLICIT_NA_REQUIRED,BASELINE_APPLICABLE_OR_EXPLICIT_NA_REQUIRED,BASELINE_APPLICABLE_OR_EXPLICIT_NA_REQUIRED,BASELINE_APPLICABLE_OR_EXPLICIT_NA_REQUIRED,BASELINE_APPLICABLE_OR_EXPLICIT_NA_REQUIRED,BASELINE_APPLICABLE_OR_EXPLICIT_NA_REQUIRED,BASELINE_APPLICABLE_OR_EXPLICIT_NA_REQUIRED,BASELINE_APPLICABLE_OR_EXPLICIT_NA_REQUIRED,BASELINE_APPLICABLE_OR_EXPLICIT_NA_REQUIRED,BASELINE_APPLICABLE_OR_EXPLICIT_NA_REQUIRED,BASELINE_APPLICABLE_OR_EXPLICIT_NA_REQUIRED,BASELINE_APPLICABLE_OR_EXPLICIT_NA_REQUIRED,BASELINE_APPLICABLE_OR_EXPLICIT_NA_REQUIRED,BASELINE_APPLICABLE_OR_EXPLICIT_NA_REQUIRED,BASELINE_APPLICABLE_OR_EXPLICIT_NA_REQUIRED,BASELINE_APPLICABLE_OR_EXPLICIT_NA_REQUIRED,BASELINE_APPLICABLE_OR_EXPLICIT_NA_REQUIRED,BASELINE_APPLICABLE_OR_EXPLICIT_NA_REQUIRED
SC-024,SearchFilterDiscoveryCore,PROVEN_SHARED,W01/W02/W04/W05 + W03 catalogs,search/filter/discovery interaction primitives.,Search semantics/index owner remains domain-specific.,ADMITTED_CONCEPTUAL_MECHANIC_OWNER_SUBJECT_TO_CURRENT_OWNER_SUPERSESSION,CONCEPTUAL_OWNER_ADMITTED__PHYSICAL_FILE_SYMBOL_UNRESOLVED_FOR_NEW_FOUNDATION,ONE_REUSABLE_EXECUTABLE_OWNER_PLUS_THIN_DOMAIN_ADAPTERS,Accepted Library v1.2.17 when compatible; Visualize/W03/R&Q/W04/W05 source families where domain/family-specific,NO_SURFACE_LOCAL_DUPLICATE_OWNER; NO_UNIVERSAL_DOMAIN_STORE; NO_STACK_PATH_CARRYOVER_BY_ASSUMPTION,EVALUATE_APPLICABILITY__NO_SILENT_OMISSION,EVALUATE_APPLICABILITY__NO_SILENT_OMISSION,EVALUATE_APPLICABILITY__NO_SILENT_OMISSION,EVALUATE_APPLICABILITY__NO_SILENT_OMISSION,EVALUATE_APPLICABILITY__NO_SILENT_OMISSION,EVALUATE_APPLICABILITY__NO_SILENT_OMISSION,EVALUATE_APPLICABILITY__NO_SILENT_OMISSION,EVALUATE_APPLICABILITY__NO_SILENT_OMISSION,EVALUATE_APPLICABILITY__NO_SILENT_OMISSION,EVALUATE_APPLICABILITY__NO_SILENT_OMISSION,EVALUATE_APPLICABILITY__NO_SILENT_OMISSION,EVALUATE_APPLICABILITY__NO_SILENT_OMISSION,EVALUATE_APPLICABILITY__NO_SILENT_OMISSION,EVALUATE_APPLICABILITY__NO_SILENT_OMISSION,EVALUATE_APPLICABILITY__NO_SILENT_OMISSION,EVALUATE_APPLICABILITY__NO_SILENT_OMISSION,EVALUATE_APPLICABILITY__NO_SILENT_OMISSION,EVALUATE_APPLICABILITY__NO_SILENT_OMISSION,EVALUATE_APPLICABILITY__NO_SILENT_OMISSION,EVALUATE_APPLICABILITY__NO_SILENT_OMISSION,EVALUATE_APPLICABILITY__NO_SILENT_OMISSION,EVALUATE_APPLICABILITY__NO_SILENT_OMISSION,EVALUATE_APPLICABILITY__NO_SILENT_OMISSION
SC-025,NavigationQuickAccessCore,CANDIDATE_SHARED,W01/W02/W03,"Quick Jump, Return to Origin, command/search navigation patterns.",Applicability depends on Surface complexity.,ADMITTED_CONCEPTUAL_MECHANIC_OWNER_SUBJECT_TO_CURRENT_OWNER_SUPERSESSION,CONCEPTUAL_OWNER_ADMITTED__PHYSICAL_FILE_SYMBOL_UNRESOLVED_FOR_NEW_FOUNDATION,ONE_REUSABLE_EXECUTABLE_OWNER_PLUS_THIN_DOMAIN_ADAPTERS,Accepted Library v1.2.17 when compatible; Visualize/W03/R&Q/W04/W05 source families where domain/family-specific,NO_SURFACE_LOCAL_DUPLICATE_OWNER; NO_UNIVERSAL_DOMAIN_STORE; NO_STACK_PATH_CARRYOVER_BY_ASSUMPTION,EVALUATE_APPLICABILITY__NO_SILENT_OMISSION,EVALUATE_APPLICABILITY__NO_SILENT_OMISSION,EVALUATE_APPLICABILITY__NO_SILENT_OMISSION,EVALUATE_APPLICABILITY__NO_SILENT_OMISSION,EVALUATE_APPLICABILITY__NO_SILENT_OMISSION,EVALUATE_APPLICABILITY__NO_SILENT_OMISSION,EVALUATE_APPLICABILITY__NO_SILENT_OMISSION,EVALUATE_APPLICABILITY__NO_SILENT_OMISSION,EVALUATE_APPLICABILITY__NO_SILENT_OMISSION,EVALUATE_APPLICABILITY__NO_SILENT_OMISSION,EVALUATE_APPLICABILITY__NO_SILENT_OMISSION,EVALUATE_APPLICABILITY__NO_SILENT_OMISSION,EVALUATE_APPLICABILITY__NO_SILENT_OMISSION,EVALUATE_APPLICABILITY__NO_SILENT_OMISSION,EVALUATE_APPLICABILITY__NO_SILENT_OMISSION,EVALUATE_APPLICABILITY__NO_SILENT_OMISSION,EVALUATE_APPLICABILITY__NO_SILENT_OMISSION,EVALUATE_APPLICABILITY__NO_SILENT_OMISSION,EVALUATE_APPLICABILITY__NO_SILENT_OMISSION,EVALUATE_APPLICABILITY__NO_SILENT_OMISSION,EVALUATE_APPLICABILITY__NO_SILENT_OMISSION,EVALUATE_APPLICABILITY__NO_SILENT_OMISSION,EVALUATE_APPLICABILITY__NO_SILENT_OMISSION
SC-026,ConfirmationSafetyCore,CANDIDATE_SHARED,editing/ops/backup/release/config surfaces,confirmation/reason/recovery patterns for destructive/high-risk actions.,Not applicable to every read-only observation action.,ADMITTED_CONCEPTUAL_MECHANIC_OWNER_SUBJECT_TO_CURRENT_OWNER_SUPERSESSION,CONCEPTUAL_OWNER_ADMITTED__PHYSICAL_FILE_SYMBOL_UNRESOLVED_FOR_NEW_FOUNDATION,ONE_REUSABLE_EXECUTABLE_OWNER_PLUS_THIN_DOMAIN_ADAPTERS,Accepted Library v1.2.17 when compatible; Visualize/W03/R&Q/W04/W05 source families where domain/family-specific,NO_SURFACE_LOCAL_DUPLICATE_OWNER; NO_UNIVERSAL_DOMAIN_STORE; NO_STACK_PATH_CARRYOVER_BY_ASSUMPTION,EVALUATE_APPLICABILITY__NO_SILENT_OMISSION,EVALUATE_APPLICABILITY__NO_SILENT_OMISSION,EVALUATE_APPLICABILITY__NO_SILENT_OMISSION,EVALUATE_APPLICABILITY__NO_SILENT_OMISSION,EVALUATE_APPLICABILITY__NO_SILENT_OMISSION,EVALUATE_APPLICABILITY__NO_SILENT_OMISSION,EVALUATE_APPLICABILITY__NO_SILENT_OMISSION,EVALUATE_APPLICABILITY__NO_SILENT_OMISSION,EVALUATE_APPLICABILITY__NO_SILENT_OMISSION,EVALUATE_APPLICABILITY__NO_SILENT_OMISSION,EVALUATE_APPLICABILITY__NO_SILENT_OMISSION,EVALUATE_APPLICABILITY__NO_SILENT_OMISSION,EVALUATE_APPLICABILITY__NO_SILENT_OMISSION,EVALUATE_APPLICABILITY__NO_SILENT_OMISSION,EVALUATE_APPLICABILITY__NO_SILENT_OMISSION,EVALUATE_APPLICABILITY__NO_SILENT_OMISSION,EVALUATE_APPLICABILITY__NO_SILENT_OMISSION,EVALUATE_APPLICABILITY__NO_SILENT_OMISSION,EVALUATE_APPLICABILITY__NO_SILENT_OMISSION,EVALUATE_APPLICABILITY__NO_SILENT_OMISSION,EVALUATE_APPLICABILITY__NO_SILENT_OMISSION,EVALUATE_APPLICABILITY__NO_SILENT_OMISSION,EVALUATE_APPLICABILITY__NO_SILENT_OMISSION
SC-027,SelectionInteractionCore,CANDIDATE_SHARED,Library/Visualize/R&Q/W03,single/multi/selection-context mechanics.,Selection meaning/payload is domain-adapted.,ADMITTED_CONCEPTUAL_MECHANIC_OWNER_SUBJECT_TO_CURRENT_OWNER_SUPERSESSION,CONCEPTUAL_OWNER_ADMITTED__PHYSICAL_FILE_SYMBOL_UNRESOLVED_FOR_NEW_FOUNDATION,ONE_REUSABLE_EXECUTABLE_OWNER_PLUS_THIN_DOMAIN_ADAPTERS,Accepted Library v1.2.17 when compatible; Visualize/W03/R&Q/W04/W05 source families where domain/family-specific,NO_SURFACE_LOCAL_DUPLICATE_OWNER; NO_UNIVERSAL_DOMAIN_STORE; NO_STACK_PATH_CARRYOVER_BY_ASSUMPTION,EVALUATE_APPLICABILITY__NO_SILENT_OMISSION,EVALUATE_APPLICABILITY__NO_SILENT_OMISSION,EVALUATE_APPLICABILITY__NO_SILENT_OMISSION,EVALUATE_APPLICABILITY__NO_SILENT_OMISSION,EVALUATE_APPLICABILITY__NO_SILENT_OMISSION,EVALUATE_APPLICABILITY__NO_SILENT_OMISSION,EVALUATE_APPLICABILITY__NO_SILENT_OMISSION,EVALUATE_APPLICABILITY__NO_SILENT_OMISSION,EVALUATE_APPLICABILITY__NO_SILENT_OMISSION,EVALUATE_APPLICABILITY__NO_SILENT_OMISSION,EVALUATE_APPLICABILITY__NO_SILENT_OMISSION,EVALUATE_APPLICABILITY__NO_SILENT_OMISSION,EVALUATE_APPLICABILITY__NO_SILENT_OMISSION,EVALUATE_APPLICABILITY__NO_SILENT_OMISSION,EVALUATE_APPLICABILITY__NO_SILENT_OMISSION,EVALUATE_APPLICABILITY__NO_SILENT_OMISSION,EVALUATE_APPLICABILITY__NO_SILENT_OMISSION,EVALUATE_APPLICABILITY__NO_SILENT_OMISSION,EVALUATE_APPLICABILITY__NO_SILENT_OMISSION,EVALUATE_APPLICABILITY__NO_SILENT_OMISSION,EVALUATE_APPLICABILITY__NO_SILENT_OMISSION,EVALUATE_APPLICABILITY__NO_SILENT_OMISSION,EVALUATE_APPLICABILITY__NO_SILENT_OMISSION
SC-028,TransactionHistoryCore,SURFACE_FAMILY_SHARED,Library/Learn/Visualize/RQ + authored W03,undo/redo/recovery transaction mechanics for mutable working state.,Never rewrite immutable historical/audit facts.,ADMITTED_CONCEPTUAL_MECHANIC_OWNER_SUBJECT_TO_CURRENT_OWNER_SUPERSESSION,CONCEPTUAL_OWNER_ADMITTED__PHYSICAL_FILE_SYMBOL_UNRESOLVED_FOR_NEW_FOUNDATION,ONE_REUSABLE_EXECUTABLE_OWNER_PLUS_THIN_DOMAIN_ADAPTERS,Accepted Library v1.2.17 when compatible; Visualize/W03/R&Q/W04/W05 source families where domain/family-specific,NO_SURFACE_LOCAL_DUPLICATE_OWNER; NO_UNIVERSAL_DOMAIN_STORE; NO_STACK_PATH_CARRYOVER_BY_ASSUMPTION,EVALUATE_OR_EXPLICIT_NA,EVALUATE_OR_EXPLICIT_NA,FAMILY_APPLICABLE__DOMAIN_ADAPTER_REQUIRED,FAMILY_APPLICABLE__DOMAIN_ADAPTER_REQUIRED,FAMILY_APPLICABLE__DOMAIN_ADAPTER_REQUIRED,FAMILY_APPLICABLE__DOMAIN_ADAPTER_REQUIRED,FAMILY_APPLICABLE__DOMAIN_ADAPTER_REQUIRED,FAMILY_APPLICABLE__DOMAIN_ADAPTER_REQUIRED,FAMILY_APPLICABLE__DOMAIN_ADAPTER_REQUIRED,EVALUATE_OR_EXPLICIT_NA,EVALUATE_OR_EXPLICIT_NA,EVALUATE_OR_EXPLICIT_NA,EVALUATE_OR_EXPLICIT_NA,EVALUATE_OR_EXPLICIT_NA,EVALUATE_OR_EXPLICIT_NA,EVALUATE_OR_EXPLICIT_NA,EVALUATE_OR_EXPLICIT_NA,EVALUATE_OR_EXPLICIT_NA,EVALUATE_OR_EXPLICIT_NA,EVALUATE_OR_EXPLICIT_NA,EVALUATE_OR_EXPLICIT_NA,EVALUATE_OR_EXPLICIT_NA,EVALUATE_OR_EXPLICIT_NA
SC-029,ClipboardTrustCore,SURFACE_FAMILY_SHARED,Library/Learn + deep inspection surfaces,copy/paste trust boundaries and safe transformations.,Copy convenience != canonical mutation.,ADMITTED_CONCEPTUAL_MECHANIC_OWNER_SUBJECT_TO_CURRENT_OWNER_SUPERSESSION,CONCEPTUAL_OWNER_ADMITTED__PHYSICAL_FILE_SYMBOL_UNRESOLVED_FOR_NEW_FOUNDATION,ONE_REUSABLE_EXECUTABLE_OWNER_PLUS_THIN_DOMAIN_ADAPTERS,Accepted Library v1.2.17 when compatible; Visualize/W03/R&Q/W04/W05 source families where domain/family-specific,NO_SURFACE_LOCAL_DUPLICATE_OWNER; NO_UNIVERSAL_DOMAIN_STORE; NO_STACK_PATH_CARRYOVER_BY_ASSUMPTION,EVALUATE_OR_EXPLICIT_NA,EVALUATE_OR_EXPLICIT_NA,FAMILY_APPLICABLE__DOMAIN_ADAPTER_REQUIRED,FAMILY_APPLICABLE__DOMAIN_ADAPTER_REQUIRED,EVALUATE_OR_EXPLICIT_NA,EVALUATE_OR_EXPLICIT_NA,EVALUATE_OR_EXPLICIT_NA,EVALUATE_OR_EXPLICIT_NA,EVALUATE_OR_EXPLICIT_NA,EVALUATE_OR_EXPLICIT_NA,EVALUATE_OR_EXPLICIT_NA,EVALUATE_OR_EXPLICIT_NA,EVALUATE_OR_EXPLICIT_NA,EVALUATE_OR_EXPLICIT_NA,EVALUATE_OR_EXPLICIT_NA,EVALUATE_OR_EXPLICIT_NA,EVALUATE_OR_EXPLICIT_NA,EVALUATE_OR_EXPLICIT_NA,EVALUATE_OR_EXPLICIT_NA,EVALUATE_OR_EXPLICIT_NA,EVALUATE_OR_EXPLICIT_NA,EVALUATE_OR_EXPLICIT_NA,EVALUATE_OR_EXPLICIT_NA
SC-030,StructuredContentCore,SURFACE_FAMILY_SHARED,Library/Learn + W03 authoring candidates,block/editor/insertion/selection/history/notes mechanics.,Knowledge/learning/scenario/lab semantics remain adapters.,ADMITTED_CONCEPTUAL_MECHANIC_OWNER_SUBJECT_TO_CURRENT_OWNER_SUPERSESSION,CONCEPTUAL_OWNER_ADMITTED__PHYSICAL_FILE_SYMBOL_UNRESOLVED_FOR_NEW_FOUNDATION,ONE_REUSABLE_EXECUTABLE_OWNER_PLUS_THIN_DOMAIN_ADAPTERS,Accepted Library v1.2.17 when compatible; Visualize/W03/R&Q/W04/W05 source families where domain/family-specific,NO_SURFACE_LOCAL_DUPLICATE_OWNER; NO_UNIVERSAL_DOMAIN_STORE; NO_STACK_PATH_CARRYOVER_BY_ASSUMPTION,EVALUATE_OR_EXPLICIT_NA,EVALUATE_OR_EXPLICIT_NA,FAMILY_APPLICABLE__DOMAIN_ADAPTER_REQUIRED,FAMILY_APPLICABLE__DOMAIN_ADAPTER_REQUIRED,EVALUATE_OR_EXPLICIT_NA,EVALUATE_OR_EXPLICIT_NA,FAMILY_APPLICABLE__DOMAIN_ADAPTER_REQUIRED,FAMILY_APPLICABLE__DOMAIN_ADAPTER_REQUIRED,FAMILY_APPLICABLE__DOMAIN_ADAPTER_REQUIRED,EVALUATE_OR_EXPLICIT_NA,EVALUATE_OR_EXPLICIT_NA,EVALUATE_OR_EXPLICIT_NA,EVALUATE_OR_EXPLICIT_NA,EVALUATE_OR_EXPLICIT_NA,EVALUATE_OR_EXPLICIT_NA,EVALUATE_OR_EXPLICIT_NA,EVALUATE_OR_EXPLICIT_NA,EVALUATE_OR_EXPLICIT_NA,EVALUATE_OR_EXPLICIT_NA,EVALUATE_OR_EXPLICIT_NA,EVALUATE_OR_EXPLICIT_NA,EVALUATE_OR_EXPLICIT_NA,EVALUATE_OR_EXPLICIT_NA
SC-031,SpatialInteractionCore,SURFACE_FAMILY_SHARED,Visualize + W03 Enterprise/Scenarios/Labs/Runs/Results,viewport/pan/zoom/fit/minimap/grid/snap/selection/layout + accessible navigator.,Node/edge geometry never owns domain relationship meaning.,ADMITTED_CONCEPTUAL_MECHANIC_OWNER_SUBJECT_TO_CURRENT_OWNER_SUPERSESSION,CONCEPTUAL_OWNER_ADMITTED__PHYSICAL_FILE_SYMBOL_UNRESOLVED_FOR_NEW_FOUNDATION,ONE_REUSABLE_EXECUTABLE_OWNER_PLUS_THIN_DOMAIN_ADAPTERS,Accepted Library v1.2.17 when compatible; Visualize/W03/R&Q/W04/W05 source families where domain/family-specific,NO_SURFACE_LOCAL_DUPLICATE_OWNER; NO_UNIVERSAL_DOMAIN_STORE; NO_STACK_PATH_CARRYOVER_BY_ASSUMPTION,EVALUATE_OR_EXPLICIT_NA,EVALUATE_OR_EXPLICIT_NA,EVALUATE_OR_EXPLICIT_NA,EVALUATE_OR_EXPLICIT_NA,FAMILY_APPLICABLE__DOMAIN_ADAPTER_REQUIRED,EVALUATE_OR_EXPLICIT_NA,FAMILY_APPLICABLE__DOMAIN_ADAPTER_REQUIRED,FAMILY_APPLICABLE__DOMAIN_ADAPTER_REQUIRED,FAMILY_APPLICABLE__DOMAIN_ADAPTER_REQUIRED,FAMILY_APPLICABLE__DOMAIN_ADAPTER_REQUIRED,FAMILY_APPLICABLE__DOMAIN_ADAPTER_REQUIRED,EVALUATE_OR_EXPLICIT_NA,EVALUATE_OR_EXPLICIT_NA,EVALUATE_OR_EXPLICIT_NA,EVALUATE_OR_EXPLICIT_NA,EVALUATE_OR_EXPLICIT_NA,EVALUATE_OR_EXPLICIT_NA,EVALUATE_OR_EXPLICIT_NA,EVALUATE_OR_EXPLICIT_NA,EVALUATE_OR_EXPLICIT_NA,EVALUATE_OR_EXPLICIT_NA,EVALUATE_OR_EXPLICIT_NA,EVALUATE_OR_EXPLICIT_NA
SC-032,AnalyticalWorkbenchCore,SURFACE_FAMILY_SHARED,R&Q + W03 Results + W04 + W05 Audit,compare/history/provenance/conflict/diff/dense inspection mechanics.,Formal W04 review semantics remain separate.,ADMITTED_CONCEPTUAL_MECHANIC_OWNER_SUBJECT_TO_CURRENT_OWNER_SUPERSESSION,CONCEPTUAL_OWNER_ADMITTED__PHYSICAL_FILE_SYMBOL_UNRESOLVED_FOR_NEW_FOUNDATION,ONE_REUSABLE_EXECUTABLE_OWNER_PLUS_THIN_DOMAIN_ADAPTERS,Accepted Library v1.2.17 when compatible; Visualize/W03/R&Q/W04/W05 source families where domain/family-specific,NO_SURFACE_LOCAL_DUPLICATE_OWNER; NO_UNIVERSAL_DOMAIN_STORE; NO_STACK_PATH_CARRYOVER_BY_ASSUMPTION,EVALUATE_OR_EXPLICIT_NA,EVALUATE_OR_EXPLICIT_NA,EVALUATE_OR_EXPLICIT_NA,EVALUATE_OR_EXPLICIT_NA,EVALUATE_OR_EXPLICIT_NA,FAMILY_APPLICABLE__DOMAIN_ADAPTER_REQUIRED,EVALUATE_OR_EXPLICIT_NA,EVALUATE_OR_EXPLICIT_NA,EVALUATE_OR_EXPLICIT_NA,EVALUATE_OR_EXPLICIT_NA,FAMILY_APPLICABLE__DOMAIN_ADAPTER_REQUIRED,FAMILY_APPLICABLE__DOMAIN_ADAPTER_REQUIRED,FAMILY_APPLICABLE__DOMAIN_ADAPTER_REQUIRED,FAMILY_APPLICABLE__DOMAIN_ADAPTER_REQUIRED,FAMILY_APPLICABLE__DOMAIN_ADAPTER_REQUIRED,EVALUATE_OR_EXPLICIT_NA,EVALUATE_OR_EXPLICIT_NA,EVALUATE_OR_EXPLICIT_NA,FAMILY_APPLICABLE__DOMAIN_ADAPTER_REQUIRED,EVALUATE_OR_EXPLICIT_NA,EVALUATE_OR_EXPLICIT_NA,EVALUATE_OR_EXPLICIT_NA,EVALUATE_OR_EXPLICIT_NA
SC-033,AuditProvenanceInteractionCore,SURFACE_FAMILY_SHARED,R&Q/W03 Results/W04/W05 Audit,identity/provenance/history chain inspection and correlation.,Audit immutability/Review authority remain domain-owned.,ADMITTED_CONCEPTUAL_MECHANIC_OWNER_SUBJECT_TO_CURRENT_OWNER_SUPERSESSION,CONCEPTUAL_OWNER_ADMITTED__PHYSICAL_FILE_SYMBOL_UNRESOLVED_FOR_NEW_FOUNDATION,ONE_REUSABLE_EXECUTABLE_OWNER_PLUS_THIN_DOMAIN_ADAPTERS,Accepted Library v1.2.17 when compatible; Visualize/W03/R&Q/W04/W05 source families where domain/family-specific,NO_SURFACE_LOCAL_DUPLICATE_OWNER; NO_UNIVERSAL_DOMAIN_STORE; NO_STACK_PATH_CARRYOVER_BY_ASSUMPTION,EVALUATE_OR_EXPLICIT_NA,EVALUATE_OR_EXPLICIT_NA,EVALUATE_OR_EXPLICIT_NA,EVALUATE_OR_EXPLICIT_NA,EVALUATE_OR_EXPLICIT_NA,FAMILY_APPLICABLE__DOMAIN_ADAPTER_REQUIRED,EVALUATE_OR_EXPLICIT_NA,EVALUATE_OR_EXPLICIT_NA,EVALUATE_OR_EXPLICIT_NA,EVALUATE_OR_EXPLICIT_NA,FAMILY_APPLICABLE__DOMAIN_ADAPTER_REQUIRED,FAMILY_APPLICABLE__DOMAIN_ADAPTER_REQUIRED,FAMILY_APPLICABLE__DOMAIN_ADAPTER_REQUIRED,FAMILY_APPLICABLE__DOMAIN_ADAPTER_REQUIRED,FAMILY_APPLICABLE__DOMAIN_ADAPTER_REQUIRED,EVALUATE_OR_EXPLICIT_NA,EVALUATE_OR_EXPLICIT_NA,EVALUATE_OR_EXPLICIT_NA,FAMILY_APPLICABLE__DOMAIN_ADAPTER_REQUIRED,EVALUATE_OR_EXPLICIT_NA,EVALUATE_OR_EXPLICIT_NA,EVALUATE_OR_EXPLICIT_NA,EVALUATE_OR_EXPLICIT_NA
SC-034,CollectionTableMatrixCore,CANDIDATE_SHARED,R&Q/Portfolio/Audit/Health/Processing,dense collection/table/matrix selection/filter/context patterns.,No universal domain row schema.,ADMITTED_CONCEPTUAL_MECHANIC_OWNER_SUBJECT_TO_CURRENT_OWNER_SUPERSESSION,CONCEPTUAL_OWNER_ADMITTED__PHYSICAL_FILE_SYMBOL_UNRESOLVED_FOR_NEW_FOUNDATION,ONE_REUSABLE_EXECUTABLE_OWNER_PLUS_THIN_DOMAIN_ADAPTERS,Accepted Library v1.2.17 when compatible; Visualize/W03/R&Q/W04/W05 source families where domain/family-specific,NO_SURFACE_LOCAL_DUPLICATE_OWNER; NO_UNIVERSAL_DOMAIN_STORE; NO_STACK_PATH_CARRYOVER_BY_ASSUMPTION,EVALUATE_OR_EXPLICIT_NA,EVALUATE_OR_EXPLICIT_NA,EVALUATE_OR_EXPLICIT_NA,EVALUATE_OR_EXPLICIT_NA,EVALUATE_OR_EXPLICIT_NA,FAMILY_APPLICABLE__DOMAIN_ADAPTER_REQUIRED,EVALUATE_OR_EXPLICIT_NA,EVALUATE_OR_EXPLICIT_NA,EVALUATE_OR_EXPLICIT_NA,EVALUATE_OR_EXPLICIT_NA,EVALUATE_OR_EXPLICIT_NA,EVALUATE_OR_EXPLICIT_NA,EVALUATE_OR_EXPLICIT_NA,EVALUATE_OR_EXPLICIT_NA,FAMILY_APPLICABLE__DOMAIN_ADAPTER_REQUIRED,FAMILY_APPLICABLE__DOMAIN_ADAPTER_REQUIRED,FAMILY_APPLICABLE__DOMAIN_ADAPTER_REQUIRED,EVALUATE_OR_EXPLICIT_NA,FAMILY_APPLICABLE__DOMAIN_ADAPTER_REQUIRED,EVALUATE_OR_EXPLICIT_NA,EVALUATE_OR_EXPLICIT_NA,EVALUATE_OR_EXPLICIT_NA,EVALUATE_OR_EXPLICIT_NA
SC-035,TimelineReplayCore,CANDIDATE_SHARED,W03 Results + history/audit consumers,"ordered timeline, step/scrub/event detail mechanics.",Historical replay semantics remain W03 Results-owned.,ADMITTED_CONCEPTUAL_MECHANIC_OWNER_SUBJECT_TO_CURRENT_OWNER_SUPERSESSION,CONCEPTUAL_OWNER_ADMITTED__PHYSICAL_FILE_SYMBOL_UNRESOLVED_FOR_NEW_FOUNDATION,ONE_REUSABLE_EXECUTABLE_OWNER_PLUS_THIN_DOMAIN_ADAPTERS,Accepted Library v1.2.17 when compatible; Visualize/W03/R&Q/W04/W05 source families where domain/family-specific,NO_SURFACE_LOCAL_DUPLICATE_OWNER; NO_UNIVERSAL_DOMAIN_STORE; NO_STACK_PATH_CARRYOVER_BY_ASSUMPTION,EVALUATE_OR_EXPLICIT_NA,EVALUATE_OR_EXPLICIT_NA,EVALUATE_OR_EXPLICIT_NA,EVALUATE_OR_EXPLICIT_NA,EVALUATE_OR_EXPLICIT_NA,EVALUATE_OR_EXPLICIT_NA,EVALUATE_OR_EXPLICIT_NA,EVALUATE_OR_EXPLICIT_NA,EVALUATE_OR_EXPLICIT_NA,EVALUATE_OR_EXPLICIT_NA,FAMILY_APPLICABLE__DOMAIN_ADAPTER_REQUIRED,EVALUATE_OR_EXPLICIT_NA,EVALUATE_OR_EXPLICIT_NA,EVALUATE_OR_EXPLICIT_NA,EVALUATE_OR_EXPLICIT_NA,EVALUATE_OR_EXPLICIT_NA,EVALUATE_OR_EXPLICIT_NA,EVALUATE_OR_EXPLICIT_NA,FAMILY_APPLICABLE__DOMAIN_ADAPTER_REQUIRED,EVALUATE_OR_EXPLICIT_NA,EVALUATE_OR_EXPLICIT_NA,EVALUATE_OR_EXPLICIT_NA,EVALUATE_OR_EXPLICIT_NA
SC-036,OperationalWorkbenchCore,SURFACE_FAMILY_SHARED,W03 Runs + W05 operational surfaces,alerts/events/logs/session/deep diagnostics operational layout mechanics.,Runtime state owner remains target domain.,ADMITTED_CONCEPTUAL_MECHANIC_OWNER_SUBJECT_TO_CURRENT_OWNER_SUPERSESSION,CONCEPTUAL_OWNER_ADMITTED__PHYSICAL_FILE_SYMBOL_UNRESOLVED_FOR_NEW_FOUNDATION,ONE_REUSABLE_EXECUTABLE_OWNER_PLUS_THIN_DOMAIN_ADAPTERS,Accepted Library v1.2.17 when compatible; Visualize/W03/R&Q/W04/W05 source families where domain/family-specific,NO_SURFACE_LOCAL_DUPLICATE_OWNER; NO_UNIVERSAL_DOMAIN_STORE; NO_STACK_PATH_CARRYOVER_BY_ASSUMPTION,EVALUATE_OR_EXPLICIT_NA,EVALUATE_OR_EXPLICIT_NA,EVALUATE_OR_EXPLICIT_NA,EVALUATE_OR_EXPLICIT_NA,EVALUATE_OR_EXPLICIT_NA,EVALUATE_OR_EXPLICIT_NA,EVALUATE_OR_EXPLICIT_NA,EVALUATE_OR_EXPLICIT_NA,EVALUATE_OR_EXPLICIT_NA,FAMILY_APPLICABLE__DOMAIN_ADAPTER_REQUIRED,EVALUATE_OR_EXPLICIT_NA,EVALUATE_OR_EXPLICIT_NA,EVALUATE_OR_EXPLICIT_NA,EVALUATE_OR_EXPLICIT_NA,EVALUATE_OR_EXPLICIT_NA,FAMILY_APPLICABLE__DOMAIN_ADAPTER_REQUIRED,FAMILY_APPLICABLE__DOMAIN_ADAPTER_REQUIRED,FAMILY_APPLICABLE__DOMAIN_ADAPTER_REQUIRED,FAMILY_APPLICABLE__DOMAIN_ADAPTER_REQUIRED,FAMILY_APPLICABLE__DOMAIN_ADAPTER_REQUIRED,FAMILY_APPLICABLE__DOMAIN_ADAPTER_REQUIRED,FAMILY_APPLICABLE__DOMAIN_ADAPTER_REQUIRED,FAMILY_APPLICABLE__DOMAIN_ADAPTER_REQUIRED
SC-037,ReviewDecisionInteractionCore,SURFACE_FAMILY_SHARED,W04 Evidence/Reviews/Mastery,criteria/findings/decision/supersession inspection mechanics.,Must not absorb R&Q working review semantics.,ADMITTED_CONCEPTUAL_MECHANIC_OWNER_SUBJECT_TO_CURRENT_OWNER_SUPERSESSION,CONCEPTUAL_OWNER_ADMITTED__PHYSICAL_FILE_SYMBOL_UNRESOLVED_FOR_NEW_FOUNDATION,ONE_REUSABLE_EXECUTABLE_OWNER_PLUS_THIN_DOMAIN_ADAPTERS,Accepted Library v1.2.17 when compatible; Visualize/W03/R&Q/W04/W05 source families where domain/family-specific,NO_SURFACE_LOCAL_DUPLICATE_OWNER; NO_UNIVERSAL_DOMAIN_STORE; NO_STACK_PATH_CARRYOVER_BY_ASSUMPTION,EVALUATE_OR_EXPLICIT_NA,EVALUATE_OR_EXPLICIT_NA,EVALUATE_OR_EXPLICIT_NA,EVALUATE_OR_EXPLICIT_NA,EVALUATE_OR_EXPLICIT_NA,EVALUATE_OR_EXPLICIT_NA,EVALUATE_OR_EXPLICIT_NA,EVALUATE_OR_EXPLICIT_NA,EVALUATE_OR_EXPLICIT_NA,EVALUATE_OR_EXPLICIT_NA,EVALUATE_OR_EXPLICIT_NA,FAMILY_APPLICABLE__DOMAIN_ADAPTER_REQUIRED,FAMILY_APPLICABLE__DOMAIN_ADAPTER_REQUIRED,FAMILY_APPLICABLE__DOMAIN_ADAPTER_REQUIRED,EVALUATE_OR_EXPLICIT_NA,EVALUATE_OR_EXPLICIT_NA,EVALUATE_OR_EXPLICIT_NA,EVALUATE_OR_EXPLICIT_NA,EVALUATE_OR_EXPLICIT_NA,EVALUATE_OR_EXPLICIT_NA,EVALUATE_OR_EXPLICIT_NA,EVALUATE_OR_EXPLICIT_NA,EVALUATE_OR_EXPLICIT_NA
SC-038,NotesAnnotationCore,CANDIDATE_SHARED,W02 + W03 AAR + possible W04,one note/working-annotation semantic core with presentation adapters where semantics are actually freeform notes.,Formal Finding/Decision/Audit event are NOT generic notes.,ADMITTED_CONCEPTUAL_MECHANIC_OWNER_SUBJECT_TO_CURRENT_OWNER_SUPERSESSION,CONCEPTUAL_OWNER_ADMITTED__PHYSICAL_FILE_SYMBOL_UNRESOLVED_FOR_NEW_FOUNDATION,ONE_REUSABLE_EXECUTABLE_OWNER_PLUS_THIN_DOMAIN_ADAPTERS,Accepted Library v1.2.17 when compatible; Visualize/W03/R&Q/W04/W05 source families where domain/family-specific,NO_SURFACE_LOCAL_DUPLICATE_OWNER; NO_UNIVERSAL_DOMAIN_STORE; NO_STACK_PATH_CARRYOVER_BY_ASSUMPTION,EVALUATE_OR_EXPLICIT_NA,EVALUATE_OR_EXPLICIT_NA,FAMILY_APPLICABLE__DOMAIN_ADAPTER_REQUIRED,FAMILY_APPLICABLE__DOMAIN_ADAPTER_REQUIRED,FAMILY_APPLICABLE__DOMAIN_ADAPTER_REQUIRED,FAMILY_APPLICABLE__DOMAIN_ADAPTER_REQUIRED,EVALUATE_OR_EXPLICIT_NA,EVALUATE_OR_EXPLICIT_NA,EVALUATE_OR_EXPLICIT_NA,EVALUATE_OR_EXPLICIT_NA,FAMILY_APPLICABLE__DOMAIN_ADAPTER_REQUIRED,EVALUATE_OR_EXPLICIT_NA,EVALUATE_OR_EXPLICIT_NA,EVALUATE_OR_EXPLICIT_NA,EVALUATE_OR_EXPLICIT_NA,EVALUATE_OR_EXPLICIT_NA,EVALUATE_OR_EXPLICIT_NA,EVALUATE_OR_EXPLICIT_NA,EVALUATE_OR_EXPLICIT_NA,EVALUATE_OR_EXPLICIT_NA,EVALUATE_OR_EXPLICIT_NA,EVALUATE_OR_EXPLICIT_NA,EVALUATE_OR_EXPLICIT_NA
SC-039,ProductionMappingBoundary,PROVEN_SHARED,all 23 Surfaces,explicit component/state-owner/command/API/persistence/test/evidence mapping boundary.,No exact production binding may be implied by blueprint HTML alone.,ADMITTED_CONCEPTUAL_MECHANIC_OWNER_SUBJECT_TO_CURRENT_OWNER_SUPERSESSION,CONCEPTUAL_OWNER_ADMITTED__PHYSICAL_FILE_SYMBOL_UNRESOLVED_FOR_NEW_FOUNDATION,ONE_REUSABLE_EXECUTABLE_OWNER_PLUS_THIN_DOMAIN_ADAPTERS,Accepted Library v1.2.17 when compatible; Visualize/W03/R&Q/W04/W05 source families where domain/family-specific,NO_SURFACE_LOCAL_DUPLICATE_OWNER; NO_UNIVERSAL_DOMAIN_STORE; NO_STACK_PATH_CARRYOVER_BY_ASSUMPTION,BASELINE_APPLICABLE_OR_EXPLICIT_NA_REQUIRED,BASELINE_APPLICABLE_OR_EXPLICIT_NA_REQUIRED,BASELINE_APPLICABLE_OR_EXPLICIT_NA_REQUIRED,BASELINE_APPLICABLE_OR_EXPLICIT_NA_REQUIRED,BASELINE_APPLICABLE_OR_EXPLICIT_NA_REQUIRED,BASELINE_APPLICABLE_OR_EXPLICIT_NA_REQUIRED,BASELINE_APPLICABLE_OR_EXPLICIT_NA_REQUIRED,BASELINE_APPLICABLE_OR_EXPLICIT_NA_REQUIRED,BASELINE_APPLICABLE_OR_EXPLICIT_NA_REQUIRED,BASELINE_APPLICABLE_OR_EXPLICIT_NA_REQUIRED,BASELINE_APPLICABLE_OR_EXPLICIT_NA_REQUIRED,BASELINE_APPLICABLE_OR_EXPLICIT_NA_REQUIRED,BASELINE_APPLICABLE_OR_EXPLICIT_NA_REQUIRED,BASELINE_APPLICABLE_OR_EXPLICIT_NA_REQUIRED,BASELINE_APPLICABLE_OR_EXPLICIT_NA_REQUIRED,BASELINE_APPLICABLE_OR_EXPLICIT_NA_REQUIRED,BASELINE_APPLICABLE_OR_EXPLICIT_NA_REQUIRED,BASELINE_APPLICABLE_OR_EXPLICIT_NA_REQUIRED,BASELINE_APPLICABLE_OR_EXPLICIT_NA_REQUIRED,BASELINE_APPLICABLE_OR_EXPLICIT_NA_REQUIRED,BASELINE_APPLICABLE_OR_EXPLICIT_NA_REQUIRED,BASELINE_APPLICABLE_OR_EXPLICIT_NA_REQUIRED,BASELINE_APPLICABLE_OR_EXPLICIT_NA_REQUIRED
SC-040,PreferenceVsDomainConfigBoundary,REQUIRED_SHARED,W05 Configuration + all Workspaces,global presentation preference state separated from operational/domain configuration.,Settings UI does not authorize domain config mutation.,ADMITTED_CONCEPTUAL_MECHANIC_OWNER_SUBJECT_TO_CURRENT_OWNER_SUPERSESSION,CONCEPTUAL_OWNER_ADMITTED__PHYSICAL_FILE_SYMBOL_UNRESOLVED_FOR_NEW_FOUNDATION,ONE_REUSABLE_EXECUTABLE_OWNER_PLUS_THIN_DOMAIN_ADAPTERS,Accepted Library v1.2.17 when compatible; Visualize/W03/R&Q/W04/W05 source families where domain/family-specific,NO_SURFACE_LOCAL_DUPLICATE_OWNER; NO_UNIVERSAL_DOMAIN_STORE; NO_STACK_PATH_CARRYOVER_BY_ASSUMPTION,BASELINE_APPLICABLE_OR_EXPLICIT_NA_REQUIRED,BASELINE_APPLICABLE_OR_EXPLICIT_NA_REQUIRED,BASELINE_APPLICABLE_OR_EXPLICIT_NA_REQUIRED,BASELINE_APPLICABLE_OR_EXPLICIT_NA_REQUIRED,BASELINE_APPLICABLE_OR_EXPLICIT_NA_REQUIRED,BASELINE_APPLICABLE_OR_EXPLICIT_NA_REQUIRED,BASELINE_APPLICABLE_OR_EXPLICIT_NA_REQUIRED,BASELINE_APPLICABLE_OR_EXPLICIT_NA_REQUIRED,BASELINE_APPLICABLE_OR_EXPLICIT_NA_REQUIRED,BASELINE_APPLICABLE_OR_EXPLICIT_NA_REQUIRED,BASELINE_APPLICABLE_OR_EXPLICIT_NA_REQUIRED,BASELINE_APPLICABLE_OR_EXPLICIT_NA_REQUIRED,BASELINE_APPLICABLE_OR_EXPLICIT_NA_REQUIRED,BASELINE_APPLICABLE_OR_EXPLICIT_NA_REQUIRED,BASELINE_APPLICABLE_OR_EXPLICIT_NA_REQUIRED,BASELINE_APPLICABLE_OR_EXPLICIT_NA_REQUIRED,BASELINE_APPLICABLE_OR_EXPLICIT_NA_REQUIRED,BASELINE_APPLICABLE_OR_EXPLICIT_NA_REQUIRED,BASELINE_APPLICABLE_OR_EXPLICIT_NA_REQUIRED,BASELINE_APPLICABLE_OR_EXPLICIT_NA_REQUIRED,BASELINE_APPLICABLE_OR_EXPLICIT_NA_REQUIRED,BASELINE_APPLICABLE_OR_EXPLICIT_NA_REQUIRED,BASELINE_APPLICABLE_OR_EXPLICIT_NA_REQUIRED
