decision_id,priority,scope,family,decision,supersedes,status,authority
OWNER-20260910-001,P0,PORTFOLIO,CUSTOMIZATION_GENERALIZATION,Customization is a general CEP principle. Safe presentation/workspace settings should be customizable where meaningful; not a language-only exception.,Fixed surface-local/default-only customization laws.,CURRENT,CURRENT_DIRECT_OWNER_2026_09_10
OWNER-20260910-002,P0,PORTFOLIO,SAFE_DEFAULT_NOT_PRODUCT_LAW,"Defaults are starting values, not immutable laws unless a safety/domain reason requires non-configurability.","Arabic-first, fixed RTL, fixed theme/layout formulations.",CURRENT,CURRENT_DIRECT_OWNER_2026_09_10
OWNER-20260910-003,P0,W02_LIBRARY_EDITOR,ACCEPTED_BLUEPRINT_SCOPE,Library Editor v1.2.17 is the currently accepted executable design donor; compatible mechanics must be mined directly.,Inference that latest candidate equals accepted blueprint.,CURRENT,CURRENT_DIRECT_OWNER_2026_09_10
OWNER-20260910-004,P0,ALL_OTHER_BLUEPRINTS,CANDIDATE_NOT_AUTHORITY,Visualize/W03/other non-Library blueprints are requirement/value/evidence inputs only until future explicit design acceptance.,Latest-file-equals-authority behavior.,CURRENT,CURRENT_DIRECT_OWNER_2026_09_10
OWNER-20260910-005,P0,ALL_SURFACES,FOUNDATION_REUSE_FIRST,"Maximize executable reuse across all 23 surfaces using global foundation, family engines, and thin domain adapters.",Independent generic engines per surface.,CURRENT,CURRENT_DIRECT_OWNER_2026_09_10
OWNER-20260910-006,P0,EDITOR_COMPATIBLE_SURFACES,EDITOR_ENGINE_REUSE,Accepted Library editor mechanics become reusable executable structured/editor primitives for Learn and all compatible authoring surfaces.,Library-only editor implementation.,CURRENT,CURRENT_DIRECT_OWNER_2026_09_10
OWNER-20260910-007,P0,SPATIAL_CONSUMERS,SPATIAL_ENGINE_REUSE,Spatial mechanics become one reusable engine with domain adapters for Visualize/W03/eligible consumers.,Separate spatial engines per surface.,CURRENT,CURRENT_DIRECT_OWNER_2026_09_10
OWNER-20260910-008,P0,FUTURE_WORK,AUTHORITY_INTAKE_HARDENING,Read canonical authority/supersession before raw candidates; historical framework paths/classes/routes are not new-foundation architecture authority.,Historical production paths treated as current target.,CURRENT,CURRENT_DIRECT_OWNER_2026_09_10
OWNER-20260910-009,P1,ACCEPTED_LIBRARY,MICRO_SUPERSESSION_ALLOWED,Preserve accepted Library donor value while applying exact newer Owner corrections only to affected mechanics.,Whole-donor rejection for one corrected mechanic.,CURRENT,CURRENT_DIRECT_OWNER_2026_09_10
OWNER-20260910-010,P0,GLOBAL_SHELL,SHELL_DESIGN_REOPENED,"Current Shell/navigation visual composition is not accepted as strong/final. Mine useful interaction/context mechanics, but redesign global shell/navigation after shared workbench foundation is stable.",AppShell/W02Nav REUSE_AS_IS assumptions.,CURRENT,CURRENT_DIRECT_OWNER_2026_09_10
OWNER-20260910-011,P0,ALL_SURFACES,GLOBAL_LAYOUT_SLOT_CONSTITUTION,"Provide executable universal layout/slot templates. Shared pane/toolbar/context/action surfaces keep the same layout grammar, design language, placement grammar and interaction model; surfaces change domain content/actions only.",Surface-local layout invention.,CURRENT,CURRENT_DIRECT_OWNER_2026_09_10
OWNER-20260910-012,P0,WORKSPACE_PANES,PANE_SYSTEM_UNIFICATION,"LEFT/RIGHT side panes, TOP region and BOTTOM shelf use shared pane/region mechanics. Internal pane close/collapse controls are distinct from external edge reveal/toggle controls. Resize/responsive/preferred-vs-effective behavior is shared.",Independent pane mechanics and ambiguous reopen controls.,CURRENT,CURRENT_DIRECT_OWNER_2026_09_10
OWNER-20260910-013,P0,TOOLBARS,TOOLBAR_TEMPLATE_UNIFICATION,"Use one toolbar template/grammar with stable universal action slots, common behavior/location and customizable composition. Domain actions bind into slots instead of redefining toolbar layout.",Different toolbar grammar/placement per surface.,CURRENT,CURRENT_DIRECT_OWNER_2026_09_10
OWNER-20260910-014,P0,ACTIONS_TRANSIENTS,ACTION_SURFACE_REUSE,"Command Palette, Context Action Menu, Selection Action Surface and similar reusable action containers use common executable templates; only command groups/capability bindings change.",Independent menus/palettes per surface.,CURRENT,CURRENT_DIRECT_OWNER_2026_09_10
OWNER-20260910-015,P0,INTERACTION,MULTI_ROUTE_REVERSIBILITY,"Keyboard is one route, not the only route. Reversible/transient UI requires multiple appropriate reverse/dismiss routes; persistent panes must not disappear merely from focus loss.",Escape-only or keyboard-only exit behavior.,CURRENT,CURRENT_DIRECT_OWNER_2026_09_10
OWNER-20260910-016,P0,LEARN,MAX_LIBRARY_INHERITANCE,Learn should feel like the Library-grade workbench/editor with learning-specific journey/practice/assessment/lab/progress/recommendation additions; do not resurrect the old consumption-only/no-authoring CENTER restriction.,Old Learn no-authoring CENTER / read-only-first authority.,CURRENT,CURRENT_DIRECT_OWNER_2026_09_10
OWNER-20260910-017,P0,W03_RUNTIME,INTERNAL_SIMULATION_DEFAULT,W03 default is InternalSimulationAdapter. Container/VM/remote/real-device are optional adapters. Simulated terminal commands operate simulation state; PowerShell/WSL/PTy are not default W03 requirements.,Host-shell-first terminal interpretation.,CURRENT,CURRENT_DIRECT_OWNER_2026_09_10
OWNER-20260910-018,P1,STACK_PROOF,TECHNOLOGY_MUST_EARN_ADMISSION,Vue/TypeScript/Vite/Vue Flow/Electron/Tauri/Python bridge/SQLite/xterm.js are candidates or specialized tools only; no final stack freeze before measured proof.,Historical-stack preservation by inertia.,CURRENT,CURRENT_DIRECT_OWNER_2026_09_10
OWNER-20260910-019,P0,WORK_OUTPUT,EXECUTABLE_NOT_PROSE_ONLY,"Foundation outputs must be executable/reusable components/templates/cores plus machine-readable contracts and tests, not merely guidelines or reference prose.",Documentation-only design system.,CURRENT,CURRENT_DIRECT_OWNER_2026_09_10
OWNER-20260910-020,P0,GOVERNANCE,MINIMIZE_WRITER_DISCRETION,"Foundation and surface contracts should constrain future Writers so generic design/interaction choices are inherited, not reinvented. Deviations require explicit justification.",Writer-local design discretion for shared mechanics.,CURRENT,CURRENT_DIRECT_OWNER_2026_09_10
