id,surface,kind,requirement,source,disposition,implementation,before,after,guard,owner
audit.INV.1,audit,DOMAIN_INVARIANT,Hash chain is not encryption,bigboss/O05/surfaces/audit.json,ADMIT_UNSUPERSEDED_SEMANTIC,CONTRACT_ONLY,,,,
audit.INV.2,audit,DOMAIN_INVARIANT,Application append-only claim is not DB-enforced immutability proof,bigboss/O05/surfaces/audit.json,ADMIT_UNSUPERSEDED_SEMANTIC,CONTRACT_ONLY,,,,
audit.INV.3,audit,DOMAIN_INVARIANT,Personal note stored separately from AuditEvent,bigboss/O05/surfaces/audit.json,ADMIT_UNSUPERSEDED_SEMANTIC,CONTRACT_ONLY,,,,
audit.search,audit,DOMAIN_COMMAND,Search does not mutate audit event count/hash,bigboss/O05/surfaces/audit.json,PRESERVE_SEMANTICS_REBIND_LOCAL_ADAPTER,SEE_RUNTIME_COMMAND_REGISTRY; otherwise CONTRACT_ONLY,audit readable,ordered event page,Server-enforced read filter and safe redaction,W05AuditDomain
audit.verify,audit,DOMAIN_COMMAND,Tampered observed event returns first_invalid_sequence; verified bytes scope explicit,bigboss/O05/surfaces/audit.json,PRESERVE_SEMANTICS_REBIND_LOCAL_ADAPTER,SEE_RUNTIME_COMMAND_REGISTRY; otherwise CONTRACT_ONLY,integrity=NOT_CHECKED,VALID_CHAIN or INVALID_CHAIN with first bad sequence,Exact range/watermark recorded; no encryption label,W05AuditDomain
audit.annotate,audit,DOMAIN_COMMAND,Original record_hash unchanged after note edit,bigboss/O05/surfaces/audit.json,PRESERVE_SEMANTICS_REBIND_LOCAL_ADAPTER,SEE_RUNTIME_COMMAND_REGISTRY; otherwise CONTRACT_ONLY,audit event selected,note revision saved separately,No AuditRecord write capability in annotation adapter,W05AuditDomain
backup.INV.1,backup,DOMAIN_INVARIANT,Current migrations do not prove historical package schema,bigboss/O05/surfaces/backup.json,ADMIT_UNSUPERSEDED_SEMANTIC,CONTRACT_ONLY,,,,
backup.INV.2,backup,DOMAIN_INVARIANT,Copying migration ledger rows does not create tables,bigboss/O05/surfaces/backup.json,ADMIT_UNSUPERSEDED_SEMANTIC,CONTRACT_ONLY,,,,
backup.INV.3,backup,DOMAIN_INVARIANT,Drill must target true-empty isolated environment,bigboss/O05/surfaces/backup.json,ADMIT_UNSUPERSEDED_SEMANTIC,CONTRACT_ONLY,,,,
backup.INV.4,backup,DOMAIN_INVARIANT,Verify/stage/drill never activate production,bigboss/O05/surfaces/backup.json,ADMIT_UNSUPERSEDED_SEMANTIC,CONTRACT_ONLY,,,,
backup.INV.5,backup,DOMAIN_INVARIANT,Integrity protection does not establish encryption,bigboss/O05/surfaces/backup.json,ADMIT_UNSUPERSEDED_SEMANTIC,CONTRACT_ONLY,,,,
backup.plan,backup,DOMAIN_COMMAND,Plan performs zero database restore writes,bigboss/O05/surfaces/backup.json,PRESERVE_SEMANTICS_REBIND_LOCAL_ADAPTER,SEE_RUNTIME_COMMAND_REGISTRY; otherwise CONTRACT_ONLY,package=VERIFIED,drill=PLANNED,Exact package identity; target isolated; no activation authority implied,W05BackupDomain
backup.preview,backup,DOMAIN_COMMAND,Schema A package versus schema B checkout remains explicit conflict,bigboss/O05/surfaces/backup.json,PRESERVE_SEMANTICS_REBIND_LOCAL_ADAPTER,SEE_RUNTIME_COMMAND_REGISTRY; otherwise CONTRACT_ONLY,drill=PLANNED|STAGED,comparison with exact missing/extra artifacts,No current-checkout schema substituted,W05BackupDomain
backup.stage,backup,DOMAIN_COMMAND,Missing schema artifact never triggers TRUNCATE/INSERT,bigboss/O05/surfaces/backup.json,PRESERVE_SEMANTICS_REBIND_LOCAL_ADAPTER,SEE_RUNTIME_COMMAND_REGISTRY; otherwise CONTRACT_ONLY,package=VERIFIED and drill=PLANNED,drill=STAGED or SCHEMA_BLOCKED,Strict target identity/no live connection; package bytes verified,W05BackupDomain
backup.drill,backup,DOMAIN_COMMAND,Missing/extra schema input stops before application table writes,bigboss/O05/surfaces/backup.json,PRESERVE_SEMANTICS_REBIND_LOCAL_ADAPTER,SEE_RUNTIME_COMMAND_REGISTRY; otherwise CONTRACT_ONLY,drill=STAGED,DRILLING then VERIFIED/FAILED,Parent chooses schema architecture; exact immutable schema artifact; true-empty proof,W05BackupDomain
backup.activationRequest,backup,DOMAIN_COMMAND,Verified drill cannot create production restore side effect,bigboss/O05/surfaces/backup.json,PRESERVE_SEMANTICS_REBIND_LOCAL_ADAPTER,SEE_RUNTIME_COMMAND_REGISTRY; otherwise CONTRACT_ONLY,drill=VERIFIED,activation=AUTHORITY_PENDING,No direct activation endpoint in ordinary child UI,W05BackupDomain
configuration.INV.1,configuration,DOMAIN_INVARIANT,UI preferences never modify operational configuration,bigboss/O05/surfaces/configuration.json,ADMIT_UNSUPERSEDED_SEMANTIC,CONTRACT_ONLY,,,,
configuration.INV.2,configuration,DOMAIN_INVARIANT,Present value is not approved value,bigboss/O05/surfaces/configuration.json,ADMIT_UNSUPERSEDED_SEMANTIC,CONTRACT_ONLY,,,,
configuration.INV.3,configuration,DOMAIN_INVARIANT,Default is observation/proposal until newer mutation authority exists,bigboss/O05/surfaces/configuration.json,ADMIT_UNSUPERSEDED_SEMANTIC,CONTRACT_ONLY,,,,
configuration.INV.4,configuration,DOMAIN_INVARIANT,"Reset means discard proposal/reveal present value, not factory-reset production",bigboss/O05/surfaces/configuration.json,ADMIT_UNSUPERSEDED_SEMANTIC,CONTRACT_ONLY,,,,
configuration.edit,configuration,DOMAIN_COMMAND,Edit proposal causes zero operational config writes,bigboss/O05/surfaces/configuration.json,PRESERVE_SEMANTICS_REBIND_LOCAL_ADAPTER,SEE_RUNTIME_COMMAND_REGISTRY; otherwise CONTRACT_ONLY,proposal absent|DRAFT,proposal=DRAFT; application=NOT_APPLIED,Key allowlisted; secrets excluded; no apply authority implied,W05ConfigurationDomain
configuration.diff,configuration,DOMAIN_COMMAND,Secret marker never replaced by plaintext in diff,bigboss/O05/surfaces/configuration.json,PRESERVE_SEMANTICS_REBIND_LOCAL_ADAPTER,SEE_RUNTIME_COMMAND_REGISTRY; otherwise CONTRACT_ONLY,proposal=DRAFT,safe redacted diff with source/restart flags,"Redaction applies to diff, logs and exports",W05ConfigurationDomain
configuration.validate,configuration,DOMAIN_COMMAND,Validation success does not apply config or authorize restart,bigboss/O05/surfaces/configuration.json,PRESERVE_SEMANTICS_REBIND_LOCAL_ADAPTER,SEE_RUNTIME_COMMAND_REGISTRY; otherwise CONTRACT_ONLY,proposal=DRAFT,VALIDATED or INVALID; application=NOT_APPLIED,Exact present version; configuration owner validators,W05ConfigurationDomain
configuration.reset,configuration,DOMAIN_COMMAND,Reset preserves live config digest,bigboss/O05/surfaces/configuration.json,PRESERVE_SEMANTICS_REBIND_LOCAL_ADAPTER,SEE_RUNTIME_COMMAND_REGISTRY; otherwise CONTRACT_ONLY,proposal=DRAFT|VALIDATED|INVALID,proposal absent; application unchanged,Only proposal removal; present value never changed,W05ConfigurationDomain
configuration.requestApply,configuration,DOMAIN_COMMAND,UI Settings cannot dispatch this family or manufacture authority,bigboss/O05/surfaces/configuration.json,PRESERVE_SEMANTICS_REBIND_LOCAL_ADAPTER,SEE_RUNTIME_COMMAND_REGISTRY; otherwise CONTRACT_ONLY,proposal=VALIDATED,proposal=AUTHORITY_PENDING,Explicit newer authority required to go beyond request,W05ConfigurationDomain
enterprise.INV.1,enterprise,DOMAIN_INVARIANT,Twin is not Enterprise,bigboss/O05/surfaces/enterprise.json,ADMIT_UNSUPERSEDED_SEMANTIC,CONTRACT_ONLY,,,,
enterprise.INV.2,enterprise,DOMAIN_INVARIANT,Simulation-local device is explicitly classified,bigboss/O05/surfaces/enterprise.json,ADMIT_UNSUPERSEDED_SEMANTIC,CONTRACT_ONLY,,,,
enterprise.INV.3,enterprise,DOMAIN_INVARIANT,Published baseline remains immutable,bigboss/O05/surfaces/enterprise.json,ADMIT_UNSUPERSEDED_SEMANTIC,CONTRACT_ONLY,,,,
enterprise.INV.4,enterprise,DOMAIN_INVARIANT,No generic visual edge may invent network semantics,bigboss/O05/surfaces/enterprise.json,ADMIT_UNSUPERSEDED_SEMANTIC,CONTRACT_ONLY,,,,
enterprise.inspect,enterprise,DOMAIN_COMMAND,No selection never displays previous device as active,bigboss/O05/surfaces/enterprise.json,PRESERVE_SEMANTICS_REBIND_LOCAL_ADAPTER,SEE_RUNTIME_COMMAND_REGISTRY; otherwise CONTRACT_ONLY,selection any,context displays exact device/interface/link identity,Actor can read Enterprise revision,W03EnterpriseDomain
enterprise.edit,enterprise,DOMAIN_COMMAND,IP/link relation validation occurs before write; geometry alone leaves relationships intact,bigboss/O05/surfaces/enterprise.json,PRESERVE_SEMANTICS_REBIND_LOCAL_ADAPTER,SEE_RUNTIME_COMMAND_REGISTRY; otherwise CONTRACT_ONLY,authoring=DRAFT|DIRTY,authoring=DIRTY with domain transaction,Endpoint interface types and membership valid; published version cannot change,W03EnterpriseDomain
enterprise.revise,enterprise,DOMAIN_COMMAND,Original baseline digest remains identical,bigboss/O05/surfaces/enterprise.json,PRESERVE_SEMANTICS_REBIND_LOCAL_ADAPTER,SEE_RUNTIME_COMMAND_REGISTRY; otherwise CONTRACT_ONLY,authoring=PUBLISHED,new draft with lineage; original unchanged,Revision read and successor create permission,W03EnterpriseDomain
enterprise.twin,enterprise,DOMAIN_COMMAND,Rebase cannot silently convert simulation-local objects into enterprise inventory,bigboss/O05/surfaces/enterprise.json,PRESERVE_SEMANTICS_REBIND_LOCAL_ADAPTER,SEE_RUNTIME_COMMAND_REGISTRY; otherwise CONTRACT_ONLY,twin absent|BASELINE_STALE,BOUND only after explicit conflict resolution,Overlay refs classify enterprise-backed vs simulation-local,W03EnterpriseDomain
enterprise.handoff,enterprise,DOMAIN_COMMAND,Handoff performs zero live device changes and does not itself start run,bigboss/O05/surfaces/enterprise.json,PRESERVE_SEMANTICS_REBIND_LOCAL_ADAPTER,SEE_RUNTIME_COMMAND_REGISTRY; otherwise CONTRACT_ONLY,authoring=PUBLISHED,Run preparation receipt only,Pinned source digests available,W03EnterpriseDomain
evidence.INV.1,evidence,DOMAIN_INVARIANT,Admission is not acceptance or Mastery,bigboss/O05/surfaces/evidence.json,ADMIT_UNSUPERSEDED_SEMANTIC,CONTRACT_ONLY,,,,
evidence.INV.2,evidence,DOMAIN_INVARIANT,"Evidence lifecycle, Review status and effective Decision are independent",bigboss/O05/surfaces/evidence.json,ADMIT_UNSUPERSEDED_SEMANTIC,CONTRACT_ONLY,,,,
evidence.INV.3,evidence,DOMAIN_INVARIANT,"ImportedEvidenceRecord pending_review is legacy flow, not full new admission state machine",bigboss/O05/surfaces/evidence.json,ADMIT_UNSUPERSEDED_SEMANTIC,CONTRACT_ONLY,,,,
evidence.INV.4,evidence,DOMAIN_INVARIANT,Source facts never overwritten by user explanation,bigboss/O05/surfaces/evidence.json,ADMIT_UNSUPERSEDED_SEMANTIC,CONTRACT_ONLY,,,,
evidence.inspect,evidence,DOMAIN_COMMAND,Source-superseded Evidence retains prior effective Decision visibly,bigboss/O05/surfaces/evidence.json,PRESERVE_SEMANTICS_REBIND_LOCAL_ADAPTER,SEE_RUNTIME_COMMAND_REGISTRY; otherwise CONTRACT_ONLY,evidence any,provenance and independent review dimensions shown,Read authority and exact revision,W04EvidenceDomain
evidence.import,evidence,DOMAIN_COMMAND,"Import creates candidate, never auto-accepted Evidence",bigboss/O05/surfaces/evidence.json,PRESERVE_SEMANTICS_REBIND_LOCAL_ADAPTER,SEE_RUNTIME_COMMAND_REGISTRY; otherwise CONTRACT_ONLY,candidate absent,candidate=PREPARED or REJECTED,Actor-bound source identity/digest; package validation separate,W04EvidenceDomain
evidence.amend,evidence,DOMAIN_COMMAND,Evidence N unchanged until admission creates N+1,bigboss/O05/surfaces/evidence.json,PRESERVE_SEMANTICS_REBIND_LOCAL_ADAPTER,SEE_RUNTIME_COMMAND_REGISTRY; otherwise CONTRACT_ONLY,evidence active/superseded,candidate=PREPARED with base Evidence revision,No prior fact mutation; exact base CAS,W04EvidenceDomain
evidence.admit,evidence,DOMAIN_COMMAND,Two concurrent admissions cannot create duplicate Evidence revision; no Review Decision created,bigboss/O05/surfaces/evidence.json,PRESERVE_SEMANTICS_REBIND_LOCAL_ADAPTER,SEE_RUNTIME_COMMAND_REGISTRY; otherwise CONTRACT_ONLY,candidate=VALIDATED,candidate=ADMITTED plus new immutable EvidenceRevision,Real admission authority; source checks; expected prior revision,W04EvidenceDomain
evidence.sourceChoice,evidence,DOMAIN_COMMAND,Withdraw does not delete history or mutate prior Decision,bigboss/O05/surfaces/evidence.json,PRESERVE_SEMANTICS_REBIND_LOCAL_ADAPTER,SEE_RUNTIME_COMMAND_REGISTRY; otherwise CONTRACT_ONLY,evidence=SOURCE_SUPERSEDED,update→Amendment; retain→historical flag; withdraw→WITHDRAWN,Retain requires reason; all branches preserve source facts,W04EvidenceDomain
health.INV.1,health,DOMAIN_INVARIANT,Queue table exists does not imply alive worker,bigboss/O05/surfaces/health.json,ADMIT_UNSUPERSEDED_SEMANTIC,CONTRACT_ONLY,,,,
health.INV.2,health,DOMAIN_INVARIANT,Refresh is not a durable diagnostic run,bigboss/O05/surfaces/health.json,ADMIT_UNSUPERSEDED_SEMANTIC,CONTRACT_ONLY,,,,
health.INV.3,health,DOMAIN_INVARIANT,Unknown source never appears green,bigboss/O05/surfaces/health.json,ADMIT_UNSUPERSEDED_SEMANTIC,CONTRACT_ONLY,,,,
health.refresh,health,DOMAIN_COMMAND,Zero queue + expired heartbeat yields EMPTY queue and EXPIRED worker,bigboss/O05/surfaces/health.json,PRESERVE_SEMANTICS_REBIND_LOCAL_ADAPTER,SEE_RUNTIME_COMMAND_REGISTRY; otherwise CONTRACT_ONLY,refresh=IDLE,refresh=IDLE with per-source epistemic states,Authenticated source access; no diagnostic creation,W05HealthDomain
health.inspect,health,DOMAIN_COMMAND,Unavailable source includes observedAt only if actually observed,bigboss/O05/surfaces/health.json,PRESERVE_SEMANTICS_REBIND_LOCAL_ADAPTER,SEE_RUNTIME_COMMAND_REGISTRY; otherwise CONTRACT_ONLY,observation any,source detail shown,Exact observation identity,W05HealthDomain
health.diagnose,health,DOMAIN_COMMAND,Refresh never increments diagnostic history; diagnose does,bigboss/O05/surfaces/health.json,PRESERVE_SEMANTICS_REBIND_LOCAL_ADAPTER,SEE_RUNTIME_COMMAND_REGISTRY; otherwise CONTRACT_ONLY,observation selected,diagnostic request ID visible,Diagnostic capability exists and actor authorized,W05HealthDomain
labs.INV.1,labs,DOMAIN_INVARIANT,Lab definition is not Run instance,bigboss/O05/surfaces/labs.json,ADMIT_UNSUPERSEDED_SEMANTIC,CONTRACT_ONLY,,,,
labs.INV.2,labs,DOMAIN_INVARIANT,"Reset execution creates new runtime state, not source overwrite",bigboss/O05/surfaces/labs.json,ADMIT_UNSUPERSEDED_SEMANTIC,CONTRACT_ONLY,,,,
labs.INV.3,labs,DOMAIN_INVARIANT,Simulated-only tools labelled explicitly,bigboss/O05/surfaces/labs.json,ADMIT_UNSUPERSEDED_SEMANTIC,CONTRACT_ONLY,,,,
labs.INV.4,labs,DOMAIN_INVARIANT,Scenario reference does not transfer Lab ownership,bigboss/O05/surfaces/labs.json,ADMIT_UNSUPERSEDED_SEMANTIC,CONTRACT_ONLY,,,,
labs.author,labs,DOMAIN_COMMAND,Same Lab revision reusable in two scenarios without duplicated definition,bigboss/O05/surfaces/labs.json,PRESERVE_SEMANTICS_REBIND_LOCAL_ADAPTER,SEE_RUNTIME_COMMAND_REGISTRY; otherwise CONTRACT_ONLY,definition=DRAFT|DIRTY,definition=DIRTY,Lab adapter validates task IDs and tool references,W03LabDomain
labs.preflight,labs,DOMAIN_COMMAND,Absent terminal adapter blocks only terminal requirement and run start,bigboss/O05/surfaces/labs.json,PRESERVE_SEMANTICS_REBIND_LOCAL_ADAPTER,SEE_RUNTIME_COMMAND_REGISTRY; otherwise CONTRACT_ONLY,definition=PUBLISHED,preflight READY or BLOCKED,Provider reports real capabilities; fixture not production support,W03LabDomain
labs.handoff,labs,DOMAIN_COMMAND,Module and standalone executions share definition identity but distinct run IDs,bigboss/O05/surfaces/labs.json,PRESERVE_SEMANTICS_REBIND_LOCAL_ADAPTER,SEE_RUNTIME_COMMAND_REGISTRY; otherwise CONTRACT_ONLY,preflight=READY,frozen Lab input linked to standalone or Scenario context,Exact Lab/environment revision identity,W03LabDomain
labs.revise,labs,DOMAIN_COMMAND,Old result still resolves original Lab revision,bigboss/O05/surfaces/labs.json,PRESERVE_SEMANTICS_REBIND_LOCAL_ADAPTER,SEE_RUNTIME_COMMAND_REGISTRY; otherwise CONTRACT_ONLY,definition=PUBLISHED,definition=DRAFT,No in-place historical definition update,W03LabDomain
learn.INV.1,learn,DOMAIN_INVARIANT,No prerequisite navigation lock,bigboss/O05/surfaces/learn.json,ADMIT_UNSUPERSEDED_SEMANTIC,BOUNDED_FIXTURE,,,,
learn.INV.2,learn,DOMAIN_INVARIANT,Read/Edit/Mixed allowed by actual object editability,bigboss/O05/surfaces/learn.json,ADMIT_UNSUPERSEDED_SEMANTIC,BOUNDED_FIXTURE,,,,
learn.INV.3,learn,DOMAIN_INVARIANT,Lab-learning activity never becomes W03 runtime,bigboss/O05/surfaces/learn.json,ADMIT_UNSUPERSEDED_SEMANTIC,BOUNDED_FIXTURE,,,,
learn.INV.4,learn,DOMAIN_INVARIANT,Assessment outcome never writes Mastery directly,bigboss/O05/surfaces/learn.json,ADMIT_UNSUPERSEDED_SEMANTIC,BOUNDED_FIXTURE,,,,
learn.open,learn,DOMAIN_COMMAND,Future assessment opens while prerequisite incomplete,bigboss/O05/surfaces/learn.json,PRESERVE_SEMANTICS_REBIND_LOCAL_ADAPTER,SEE_RUNTIME_COMMAND_REGISTRY; otherwise CONTRACT_ONLY,any progress,activity visible; progress unchanged,Read authorization and identity only,LearnDomain
learn.edit,learn,DOMAIN_COMMAND,Changing learning content never edits completed attempt source,bigboss/O05/surfaces/learn.json,PRESERVE_SEMANTICS_REBIND_LOCAL_ADAPTER,SEE_RUNTIME_COMMAND_REGISTRY; otherwise CONTRACT_ONLY,editor=READ and editable draft,editor=EDIT|MIXED; draft dirty,Actual editable draft or explicit successor draft,LearnDomain
learn.practice,learn,DOMAIN_COMMAND,Duplicate submit returns same attempt receipt and no duplicate score,bigboss/O05/surfaces/learn.json,PRESERVE_SEMANTICS_REBIND_LOCAL_ADAPTER,SEE_RUNTIME_COMMAND_REGISTRY; otherwise CONTRACT_ONLY,activity=NOT_STARTED|IN_PROGRESS,start→IN_PROGRESS; submit→SUBMITTED,Pinned activity and unique attempt invocation; answers validated by activity kind,LearnDomain
learn.review,learn,DOMAIN_COMMAND,Feedback visibility cannot create formal Review or Mastery,bigboss/O05/surfaces/learn.json,PRESERVE_SEMANTICS_REBIND_LOCAL_ADAPTER,SEE_RUNTIME_COMMAND_REGISTRY; otherwise CONTRACT_ONLY,feedback available,feedback view; no W04 Decision,Exact attempt/activity pair,LearnDomain
library.INV.1,library,DOMAIN_INVARIANT,One UnifiedEditor working transaction owner,bigboss/O05/surfaces/library.json,ADMIT_UNSUPERSEDED_SEMANTIC,BOUNDED_FIXTURE,,,,
library.INV.2,library,DOMAIN_INVARIANT,"Published content uses new revision, never overwrite",bigboss/O05/surfaces/library.json,ADMIT_UNSUPERSEDED_SEMANTIC,BOUNDED_FIXTURE,,,,
library.INV.3,library,DOMAIN_INVARIANT,Presentation direction does not rewrite block metadata,bigboss/O05/surfaces/library.json,ADMIT_UNSUPERSEDED_SEMANTIC,BOUNDED_FIXTURE,,,,
library.INV.4,library,DOMAIN_INVARIANT,"279/80/33/39/25 historical counts are derived claims, not revalidated here",bigboss/O05/surfaces/library.json,ADMIT_UNSUPERSEDED_SEMANTIC,BOUNDED_FIXTURE,,,,
library.create,library,DOMAIN_COMMAND,New document round trip retains block IDs and empty insertion point,bigboss/O05/surfaces/library.json,PRESERVE_SEMANTICS_REBIND_LOCAL_ADAPTER,SEE_RUNTIME_COMMAND_REGISTRY; otherwise CONTRACT_ONLY,document absent,document=CLEAN_DRAFT with stable IDs,Document ID unused; actor owns creation; block schema valid,LibraryDomain
library.insert,library,DOMAIN_COMMAND,Insert between list items preserves neighbours and selection; undo reverses only insertion,bigboss/O05/surfaces/library.json,PRESERVE_SEMANTICS_REBIND_LOCAL_ADAPTER,SEE_RUNTIME_COMMAND_REGISTRY; otherwise CONTRACT_ONLY,document=CLEAN_DRAFT|DIRTY,document=DIRTY with one undo transaction,Anchor exists in same working revision; sanitize rich input,LibraryDomain
library.save,library,DOMAIN_COMMAND,Concurrent save gets 409 and retains both local draft and server ref,bigboss/O05/surfaces/library.json,PRESERVE_SEMANTICS_REBIND_LOCAL_ADAPTER,SEE_RUNTIME_COMMAND_REGISTRY; otherwise CONTRACT_ONLY,document=DIRTY|SAVE_FAILED,ACK produces CLEAN_DRAFT; mismatch CONFLICT,Expected working revision equals stored revision,LibraryDomain
library.revise,library,DOMAIN_COMMAND,Published digest unchanged after edit of successor,bigboss/O05/surfaces/library.json,PRESERVE_SEMANTICS_REBIND_LOCAL_ADAPTER,SEE_RUNTIME_COMMAND_REGISTRY; otherwise CONTRACT_ONLY,document=PUBLISHED,new working revision refers to published source,Read source and create permission; source digest valid,LibraryDomain
library.history,library,DOMAIN_COMMAND,Missing revision is unavailable; never compare latest aliases,bigboss/O05/surfaces/library.json,PRESERVE_SEMANTICS_REBIND_LOCAL_ADAPTER,SEE_RUNTIME_COMMAND_REGISTRY; otherwise CONTRACT_ONLY,two exact revisions selected,diff with added/removed/moved/changed blocks,Same document or explicit cross-document comparison,LibraryDomain
manual_ai.INV.1,manual_ai,DOMAIN_INVARIANT,MANUAL_ONLY / PROVIDER_NEUTRAL,bigboss/O05/surfaces/manual_ai.json,ADMIT_UNSUPERSEDED_SEMANTIC,CONTRACT_ONLY,,,,
manual_ai.INV.2,manual_ai,DOMAIN_INVARIANT,No provider keys/API/polling/embeddings,bigboss/O05/surfaces/manual_ai.json,ADMIT_UNSUPERSEDED_SEMANTIC,CONTRACT_ONLY,,,,
manual_ai.INV.3,manual_ai,DOMAIN_INVARIANT,Accept creates draft only,bigboss/O05/surfaces/manual_ai.json,ADMIT_UNSUPERSEDED_SEMANTIC,CONTRACT_ONLY,,,,
manual_ai.INV.4,manual_ai,DOMAIN_INVARIANT,Invalid provenance fails closed for draft creation,bigboss/O05/surfaces/manual_ai.json,ADMIT_UNSUPERSEDED_SEMANTIC,CONTRACT_ONLY,,,,
manual_ai.draft,manual_ai,DOMAIN_COMMAND,Editing request emits zero external provider network requests,bigboss/O05/surfaces/manual_ai.json,PRESERVE_SEMANTICS_REBIND_LOCAL_ADAPTER,SEE_RUNTIME_COMMAND_REGISTRY; otherwise CONTRACT_ONLY,proposal=PREPARED,proposal=PREPARED dirty,Manual data only; no outbound provider invocation,W05AIBDomain
manual_ai.export,manual_ai,DOMAIN_COMMAND,Export contains provenance/digest and no secret fields,bigboss/O05/surfaces/manual_ai.json,PRESERVE_SEMANTICS_REBIND_LOCAL_ADAPTER,SEE_RUNTIME_COMMAND_REGISTRY; otherwise CONTRACT_ONLY,proposal=PREPARED,proposal=EXPORTED with digest,Allowlisted source refs; no credentials,W05AIBDomain
manual_ai.import,manual_ai,DOMAIN_COMMAND,Mismatched source blocks draft creation without deleting proposal,bigboss/O05/surfaces/manual_ai.json,PRESERVE_SEMANTICS_REBIND_LOCAL_ADAPTER,SEE_RUNTIME_COMMAND_REGISTRY; otherwise CONTRACT_ONLY,proposal=EXPORTED,IMPORTED or PROVENANCE_INVALID,Source/revision/digest must match declared request,W05AIBDomain
manual_ai.review,manual_ai,DOMAIN_COMMAND,"ACCEPT returns draft ID, leaves published revision unchanged",bigboss/O05/surfaces/manual_ai.json,PRESERVE_SEMANTICS_REBIND_LOCAL_ADAPTER,SEE_RUNTIME_COMMAND_REGISTRY; otherwise CONTRACT_ONLY,proposal=IMPORTED,ACCEPT→ACCEPTED_AS_DRAFT; others retain explicit branch,Actor authorized; ACCEPT revalidates provenance and creates draft idempotently,W05AIBDomain
mastery.INV.1,mastery,DOMAIN_INVARIANT,Do not create competing Mastery table because current namespace is Learning,bigboss/O05/surfaces/mastery.json,ADMIT_UNSUPERSEDED_SEMANTIC,CONTRACT_ONLY,,,,
mastery.INV.2,mastery,DOMAIN_INVARIANT,Completion percentage never recomputes canonical mastery,bigboss/O05/surfaces/mastery.json,ADMIT_UNSUPERSEDED_SEMANTIC,CONTRACT_ONLY,,,,
mastery.INV.3,mastery,DOMAIN_INVARIANT,MASTERED and REVALIDATION_REQUIRED may coexist,bigboss/O05/surfaces/mastery.json,ADMIT_UNSUPERSEDED_SEMANTIC,CONTRACT_ONLY,,,,
mastery.INV.4,mastery,DOMAIN_INVARIANT,No institutional authority inferred from personal evaluation,bigboss/O05/surfaces/mastery.json,ADMIT_UNSUPERSEDED_SEMANTIC,CONTRACT_ONLY,,,,
mastery.inspect,mastery,DOMAIN_COMMAND,MASTERED + REVALIDATION_REQUIRED renders without coercion,bigboss/O05/surfaces/mastery.json,PRESERVE_SEMANTICS_REBIND_LOCAL_ADAPTER,SEE_RUNTIME_COMMAND_REGISTRY; otherwise CONTRACT_ONLY,any judgment/freshness,judgment and freshness shown independently,Exact subject and policy authorization,W04MasteryDomain
mastery.explain,mastery,DOMAIN_COMMAND,"Missing one Evidence shows exact missing ref, not recomputed score",bigboss/O05/surfaces/mastery.json,PRESERVE_SEMANTICS_REBIND_LOCAL_ADAPTER,SEE_RUNTIME_COMMAND_REGISTRY; otherwise CONTRACT_ONLY,evaluation exists,Policy→criteria/findings→Decision→Evidence trace,No local score substitution,W04MasteryDomain
mastery.reevaluate,mastery,DOMAIN_COMMAND,Predecessor reevaluate affordance becomes inspect/request route; zero local Mastery writes,bigboss/O05/surfaces/mastery.json,PRESERVE_SEMANTICS_REBIND_LOCAL_ADAPTER,SEE_RUNTIME_COMMAND_REGISTRY; otherwise CONTRACT_ONLY,freshness=REVALIDATION_REQUIRED,read-only requirements; no judgment write,This command deliberately has no evaluation mutation authority,W04MasteryDomain
portfolio.INV.1,portfolio,DOMAIN_INVARIANT,Removing membership never deletes Evidence/Mastery,bigboss/O05/surfaces/portfolio.json,ADMIT_UNSUPERSEDED_SEMANTIC,CONTRACT_ONLY,,,,
portfolio.INV.2,portfolio,DOMAIN_INVARIANT,No invented Project/Learning Objective registry,bigboss/O05/surfaces/portfolio.json,ADMIT_UNSUPERSEDED_SEMANTIC,CONTRACT_ONLY,,,,
portfolio.INV.3,portfolio,DOMAIN_INVARIANT,"Export binds refs and source disposition, not duplicate canonical authority",bigboss/O05/surfaces/portfolio.json,ADMIT_UNSUPERSEDED_SEMANTIC,CONTRACT_ONLY,,,,
portfolio.curate,portfolio,DOMAIN_COMMAND,Removing membership preserves canonical source digest and row count,bigboss/O05/surfaces/portfolio.json,PRESERVE_SEMANTICS_REBIND_LOCAL_ADAPTER,SEE_RUNTIME_COMMAND_REGISTRY; otherwise CONTRACT_ONLY,portfolio exists,membership updated; source unchanged,Read source and write portfolio permission; version check via envelope,W04PortfolioDomain
portfolio.filter,portfolio,DOMAIN_COMMAND,No filter creates taxonomy or modifies member source,bigboss/O05/surfaces/portfolio.json,PRESERVE_SEMANTICS_REBIND_LOCAL_ADAPTER,SEE_RUNTIME_COMMAND_REGISTRY; otherwise CONTRACT_ONLY,members visible,filtered membership projection,Use known source types; registry grouping stays gated,W04PortfolioDomain
portfolio.export,portfolio,DOMAIN_COMMAND,Exported stale/unavailable members retain status and provenance,bigboss/O05/surfaces/portfolio.json,PRESERVE_SEMANTICS_REBIND_LOCAL_ADAPTER,SEE_RUNTIME_COMMAND_REGISTRY; otherwise CONTRACT_ONLY,members resolvable or explicitly missing,export receipt with pinned refs and limitations,No undisclosed source or authority claim,W04PortfolioDomain
portfolio.group,portfolio,DOMAIN_COMMAND,Unknown example label never becomes canonical group ID,bigboss/O05/surfaces/portfolio.json,PRESERVE_SEMANTICS_REBIND_LOCAL_ADAPTER,SEE_RUNTIME_COMMAND_REGISTRY; otherwise CONTRACT_ONLY,grouping=REGISTRY_BOUND,membership grouped,Exact approved registry and grouping authority required,W04PortfolioDomain
processing.INV.1,processing,DOMAIN_INVARIANT,cancel_requested differs from cancelled,bigboss/O05/surfaces/processing.json,ADMIT_UNSUPERSEDED_SEMANTIC,CONTRACT_ONLY,,,,
processing.INV.2,processing,DOMAIN_INVARIANT,"Retry creates new Attempt, not overwriting failed attempt",bigboss/O05/surfaces/processing.json,ADMIT_UNSUPERSEDED_SEMANTIC,CONTRACT_ONLY,,,,
processing.INV.3,processing,DOMAIN_INVARIANT,Input/correlation/request/job/attempt IDs distinct,bigboss/O05/surfaces/processing.json,ADMIT_UNSUPERSEDED_SEMANTIC,CONTRACT_ONLY,,,,
processing.INV.4,processing,DOMAIN_INVARIANT,Validation handoff waits for actual consumer receipt,bigboss/O05/surfaces/processing.json,ADMIT_UNSUPERSEDED_SEMANTIC,CONTRACT_ONLY,,,,
processing.inspect,processing,DOMAIN_COMMAND,Two retries display three distinct attempts,bigboss/O05/surfaces/processing.json,PRESERVE_SEMANTICS_REBIND_LOCAL_ADAPTER,SEE_RUNTIME_COMMAND_REGISTRY; otherwise CONTRACT_ONLY,job any,attempt history and correlation visible,Read authorization,W05ProcessingDomain
processing.retry,processing,DOMAIN_COMMAND,Repeated retry key yields one attempt; failed attempt immutable,bigboss/O05/surfaces/processing.json,PRESERVE_SEMANTICS_REBIND_LOCAL_ADAPTER,SEE_RUNTIME_COMMAND_REGISTRY; otherwise CONTRACT_ONLY,job=FAILED|TIMED_OUT|RETRY_WAIT,job=RETRY_WAIT then RUNNING on new lease,Retry ceiling/backoff and same input digest; idempotent request,W05ProcessingDomain
processing.requestCancel,processing,DOMAIN_COMMAND,No ACK means no cancelled_at claim,bigboss/O05/surfaces/processing.json,PRESERVE_SEMANTICS_REBIND_LOCAL_ADAPTER,SEE_RUNTIME_COMMAND_REGISTRY; otherwise CONTRACT_ONLY,job active,job=CANCEL_REQUESTED; CANCELLED only after ACK or proven no running lease,Server/provider confirms actual stop semantics,W05ProcessingDomain
processing.validationHandoff,processing,DOMAIN_COMMAND,Consumer outage retains pending outbox and never says technically valid,bigboss/O05/surfaces/processing.json,PRESERVE_SEMANTICS_REBIND_LOCAL_ADAPTER,SEE_RUNTIME_COMMAND_REGISTRY; otherwise CONTRACT_ONLY,job=COMPLETED,validationHandoff=PENDING then ACKNOWLEDGED,Artifact digest bound and consumer deduplicates,W05ProcessingDomain
releases.INV.1,releases,DOMAIN_INVARIANT,PUSH/CI PASS is not acceptance,bigboss/O05/surfaces/releases.json,ADMIT_UNSUPERSEDED_SEMANTIC,CONTRACT_ONLY,,,,
releases.INV.2,releases,DOMAIN_INVARIANT,Authorization is not deployment,bigboss/O05/surfaces/releases.json,ADMIT_UNSUPERSEDED_SEMANTIC,CONTRACT_ONLY,,,,
releases.INV.3,releases,DOMAIN_INVARIANT,Candidate A evidence cannot authorize B,bigboss/O05/surfaces/releases.json,ADMIT_UNSUPERSEDED_SEMANTIC,CONTRACT_ONLY,,,,
releases.INV.4,releases,DOMAIN_INVARIANT,No release/deploy execution authorized by this design packet,bigboss/O05/surfaces/releases.json,ADMIT_UNSUPERSEDED_SEMANTIC,CONTRACT_ONLY,,,,
releases.inspect,releases,DOMAIN_COMMAND,CI pass does not change authorization or deployment,bigboss/O05/surfaces/releases.json,PRESERVE_SEMANTICS_REBIND_LOCAL_ADAPTER,SEE_RUNTIME_COMMAND_REGISTRY; otherwise CONTRACT_ONLY,candidate any,separate readiness/authority/deployment,Exact candidate ID/hash,W05ReleaseDomain
releases.compare,releases,DOMAIN_COMMAND,Latest alias mutation cannot change comparison pair,bigboss/O05/surfaces/releases.json,PRESERVE_SEMANTICS_REBIND_LOCAL_ADAPTER,SEE_RUNTIME_COMMAND_REGISTRY; otherwise CONTRACT_ONLY,two candidates selected,exact pair delta,Both identities resolved before diff,W05ReleaseDomain
releases.plan,releases,DOMAIN_COMMAND,Technical plan creates no authorization/deployment,bigboss/O05/surfaces/releases.json,PRESERVE_SEMANTICS_REBIND_LOCAL_ADAPTER,SEE_RUNTIME_COMMAND_REGISTRY; otherwise CONTRACT_ONLY,candidate=ASSEMBLED|TECHNICALLY_READY,readiness record only,Evidence binds exact candidate and method,W05ReleaseDomain
releases.requestAuthorization,releases,DOMAIN_COMMAND,Request receipt leaves deployment=NOT_DEPLOYED,bigboss/O05/surfaces/releases.json,PRESERVE_SEMANTICS_REBIND_LOCAL_ADAPTER,SEE_RUNTIME_COMMAND_REGISTRY; otherwise CONTRACT_ONLY,candidate=TECHNICALLY_READY and authorization=NONE,authorization=REQUESTED,Real Parent/Owner path; no inferred approval,W05ReleaseDomain
results.INV.1,results,DOMAIN_INVARIANT,Replay does not execute simulator,bigboss/O05/surfaces/results.json,ADMIT_UNSUPERSEDED_SEMANTIC,CONTRACT_ONLY,,,,
results.INV.2,results,DOMAIN_INVARIANT,Determinism verification is a separate new execution linked to original,bigboss/O05/surfaces/results.json,ADMIT_UNSUPERSEDED_SEMANTIC,CONTRACT_ONLY,,,,
results.INV.3,results,DOMAIN_INVARIANT,AAR cannot rewrite fact store,bigboss/O05/surfaces/results.json,ADMIT_UNSUPERSEDED_SEMANTIC,CONTRACT_ONLY,,,,
results.INV.4,results,DOMAIN_INVARIANT,Candidate Evidence handoff does not perform W04 admission,bigboss/O05/surfaces/results.json,ADMIT_UNSUPERSEDED_SEMANTIC,CONTRACT_ONLY,,,,
results.INV.5,results,DOMAIN_INVARIANT,Historical terminal bytes render as inert text,bigboss/O05/surfaces/results.json,ADMIT_UNSUPERSEDED_SEMANTIC,CONTRACT_ONLY,,,,
results.replay,results,DOMAIN_COMMAND,Simulator execute invocation count remains zero during replay,bigboss/O05/surfaces/results.json,PRESERVE_SEMANTICS_REBIND_LOCAL_ADAPTER,SEE_RUNTIME_COMMAND_REGISTRY; otherwise CONTRACT_ONLY,replay=IDLE|PAUSED|PLAYING,"same immutable result, new cursor",Cursor belongs to exact result revision,W03ResultsDomain
results.step,results,DOMAIN_COMMAND,Gap cannot be silently bridged with reconstructed event,bigboss/O05/surfaces/results.json,PRESERVE_SEMANTICS_REBIND_LOCAL_ADAPTER,SEE_RUNTIME_COMMAND_REGISTRY; otherwise CONTRACT_ONLY,replay=PAUSED|GAP,next recorded event or explicit gap,Sequence defined by recorded stream; do not infer causality from wall clock,W03ResultsDomain
results.compare,results,DOMAIN_COMMAND,Changing latest result alias leaves selected pair unchanged,bigboss/O05/surfaces/results.json,PRESERVE_SEMANTICS_REBIND_LOCAL_ADAPTER,SEE_RUNTIME_COMMAND_REGISTRY; otherwise CONTRACT_ONLY,compare=EXACT,diff + excluded/missing schema facts,Exact refs and comparator compatibility,W03ResultsDomain
results.annotate,results,DOMAIN_COMMAND,AAR edit changes analysis digest only; result/event digest identical,bigboss/O05/surfaces/results.json,PRESERVE_SEMANTICS_REBIND_LOCAL_ADAPTER,SEE_RUNTIME_COMMAND_REGISTRY; otherwise CONTRACT_ONLY,aar=DRAFT|SAVED,aar=SAVED or CONFLICT,Event refs immutable; expected analysis version CAS,W03ResultsDomain
results.handoff,results,DOMAIN_COMMAND,W04 Evidence row count unchanged until explicit intake/admission,bigboss/O05/surfaces/results.json,PRESERVE_SEMANTICS_REBIND_LOCAL_ADAPTER,SEE_RUNTIME_COMMAND_REGISTRY; otherwise CONTRACT_ONLY,result=SEALED_COMPLETE|SEALED_PARTIAL,handoff envelope available; W04 intake and admission remain distinct,Source refs/digests and limitations complete,W03ResultsDomain
results.verifyDeterminism,results,DOMAIN_COMMAND,Original historical replay remains read-only; new run ID distinct,bigboss/O05/surfaces/results.json,PRESERVE_SEMANTICS_REBIND_LOCAL_ADAPTER,SEE_RUNTIME_COMMAND_REGISTRY; otherwise CONTRACT_ONLY,result sealed,new verification run and comparison record,Pinned rules/input retained; explicit execution capability,W03ResultsDomain
reviews.INV.1,reviews,DOMAIN_INVARIANT,Finding is not Decision,bigboss/O05/surfaces/reviews.json,ADMIT_UNSUPERSEDED_SEMANTIC,CONTRACT_ONLY,,,,
reviews.INV.2,reviews,DOMAIN_INVARIANT,Open re-review does not erase prior effective Decision,bigboss/O05/surfaces/reviews.json,ADMIT_UNSUPERSEDED_SEMANTIC,CONTRACT_ONLY,,,,
reviews.INV.3,reviews,DOMAIN_INVARIANT,Actor display label is not institutional reviewer authority,bigboss/O05/surfaces/reviews.json,ADMIT_UNSUPERSEDED_SEMANTIC,CONTRACT_ONLY,,,,
reviews.INV.4,reviews,DOMAIN_INVARIANT,"Review criteria are pinned at request, not latest policy alias",bigboss/O05/surfaces/reviews.json,ADMIT_UNSUPERSEDED_SEMANTIC,CONTRACT_ONLY,,,,
reviews.review,reviews,DOMAIN_COMMAND,Personal owner identity never implies invented institutional authority,bigboss/O05/surfaces/reviews.json,PRESERVE_SEMANTICS_REBIND_LOCAL_ADAPTER,SEE_RUNTIME_COMMAND_REGISTRY; otherwise CONTRACT_ONLY,review absent/requested,REQUESTED or ASSIGNED,Reviewer actor exists; assignment permission independently checked,W04ReviewDomain
reviews.finding,reviews,DOMAIN_COMMAND,Adding Finding creates no effective Decision,bigboss/O05/surfaces/reviews.json,PRESERVE_SEMANTICS_REBIND_LOCAL_ADAPTER,SEE_RUNTIME_COMMAND_REGISTRY; otherwise CONTRACT_ONLY,review=ASSIGNED|IN_REVIEW,review=IN_REVIEW; new Finding,Finding criterion within pinned scope or explicitly out-of-scope,W04ReviewDomain
reviews.compare,reviews,DOMAIN_COMMAND,Compare route does not silently replace review EvidenceRef,bigboss/O05/surfaces/reviews.json,PRESERVE_SEMANTICS_REBIND_LOCAL_ADAPTER,SEE_RUNTIME_COMMAND_REGISTRY; otherwise CONTRACT_ONLY,review=IN_REVIEW,comparison working state only,Exact pair; formal review basis remains pinned,W04ReviewDomain
reviews.supersede,reviews,DOMAIN_COMMAND,Concurrent Decisions cause one conflict; open re-review never clears effective pointer,bigboss/O05/surfaces/reviews.json,PRESERVE_SEMANTICS_REBIND_LOCAL_ADAPTER,SEE_RUNTIME_COMMAND_REGISTRY; otherwise CONTRACT_ONLY,review=IN_REVIEW; prior Decision may be effective,review=DECIDED; old Decision retained,Server verifies reviewer authority and exact current effective Decision CAS,W04ReviewDomain
rq.INV.1,rq,DOMAIN_INVARIANT,Working review does not assign W04 reviewer authority,bigboss/O05/surfaces/rq.json,ADMIT_UNSUPERSEDED_SEMANTIC,CONTRACT_ONLY,,,,
rq.INV.2,rq,DOMAIN_INVARIANT,Compare pair pins both revisions,bigboss/O05/surfaces/rq.json,ADMIT_UNSUPERSEDED_SEMANTIC,CONTRACT_ONLY,,,,
rq.INV.3,rq,DOMAIN_INVARIANT,Rationale is analysis; source authority is source metadata,bigboss/O05/surfaces/rq.json,ADMIT_UNSUPERSEDED_SEMANTIC,CONTRACT_ONLY,,,,
rq.INV.4,rq,DOMAIN_INVARIANT,979/431 rows remain derived claims outside this packet,bigboss/O05/surfaces/rq.json,ADMIT_UNSUPERSEDED_SEMANTIC,CONTRACT_ONLY,,,,
rq.search,rq,DOMAIN_COMMAND,Excluded source remains traceable and can be included explicitly,bigboss/O05/surfaces/rq.json,PRESERVE_SEMANTICS_REBIND_LOCAL_ADAPTER,SEE_RUNTIME_COMMAND_REGISTRY; otherwise CONTRACT_ONLY,mode=CLAIMS,filtered relation table with inclusion reasons,Filter schema/domain collation validated,ResearchQualityDomain
rq.compare,rq,DOMAIN_COMMAND,Swapping pair reverses direction labels without rewriting either source,bigboss/O05/surfaces/rq.json,PRESERVE_SEMANTICS_REBIND_LOCAL_ADAPTER,SEE_RUNTIME_COMMAND_REGISTRY; otherwise CONTRACT_ONLY,pair=EXACT,comparison shows content and relation deltas,Both revisions available and type-compatible,ResearchQualityDomain
rq.review,rq,DOMAIN_COMMAND,Save conflict creates zero EvidenceDecision rows,bigboss/O05/surfaces/rq.json,PRESERVE_SEMANTICS_REBIND_LOCAL_ADAPTER,SEE_RUNTIME_COMMAND_REGISTRY; otherwise CONTRACT_ONLY,analysis=WORKING,working conflict saved with author and revision,Research analysis write permission; never ReviewDecisionCommand,ResearchQualityDomain
rq.provenance,rq,DOMAIN_COMMAND,"Missing original bytes yields DERIVED_ONLY, never original-hash assertion",bigboss/O05/surfaces/rq.json,PRESERVE_SEMANTICS_REBIND_LOCAL_ADAPTER,SEE_RUNTIME_COMMAND_REGISTRY; otherwise CONTRACT_ONLY,mode any,"source, authority, locator and revision displayed",Exact source identity; mark derived versus original,ResearchQualityDomain
runs.INV.1,runs,DOMAIN_INVARIANT,Run never writes authored definitions,bigboss/O05/surfaces/runs.json,ADMIT_UNSUPERSEDED_SEMANTIC,BOUNDED_FIXTURE,,,,
runs.INV.2,runs,DOMAIN_INVARIANT,Request states require provider ACK before terminal lifecycle change,bigboss/O05/surfaces/runs.json,ADMIT_UNSUPERSEDED_SEMANTIC,BOUNDED_FIXTURE,,,,
runs.INV.3,runs,DOMAIN_INVARIANT,Retries use invocation digest and expected aggregate version,bigboss/O05/surfaces/runs.json,ADMIT_UNSUPERSEDED_SEMANTIC,BOUNDED_FIXTURE,,,,
runs.INV.4,runs,DOMAIN_INVARIANT,Provider loss is not Run completion,bigboss/O05/surfaces/runs.json,ADMIT_UNSUPERSEDED_SEMANTIC,BOUNDED_FIXTURE,,,,
runs.INV.5,runs,DOMAIN_INVARIANT,Preflight READY expires when input or provider epoch changes,bigboss/O05/surfaces/runs.json,ADMIT_UNSUPERSEDED_SEMANTIC,BOUNDED_FIXTURE,,,,
runs.prepare,runs,DOMAIN_COMMAND,Changing source latest cannot alter frozen manifest; mismatch blocks start,bigboss/O05/surfaces/runs.json,PRESERVE_SEMANTICS_REBIND_LOCAL_ADAPTER,SEE_RUNTIME_COMMAND_REGISTRY; otherwise CONTRACT_ONLY,run=PREPARING,READY or BLOCKED,Canonical deterministic manifest encoding and all dependency digests,W03RunDomain
runs.start,runs,DOMAIN_COMMAND,Duplicate start returns same run; changed payload same key yields 409,bigboss/O05/surfaces/runs.json,PRESERVE_SEMANTICS_REBIND_LOCAL_ADAPTER,SEE_RUNTIME_COMMAND_REGISTRY; otherwise CONTRACT_ONLY,run=READY,STARTING then RUNNING only with ACK,Unexpired preflight bound to inputDigest/providerEpoch; unique invocation,W03RunDomain
runs.operate,runs,DOMAIN_COMMAND,Stop request without provider ACK never reports STOPPED,bigboss/O05/surfaces/runs.json,PRESERVE_SEMANTICS_REBIND_LOCAL_ADAPTER,SEE_RUNTIME_COMMAND_REGISTRY; otherwise CONTRACT_ONLY,run=RUNNING|PAUSED,pause→PAUSE_REQUESTED; resume→RESUME_REQUESTED; stop→STOP_REQUESTED; ACK decides resulting state,Provider capability supports operation and session lease current,W03RunDomain
runs.terminal,runs,DOMAIN_COMMAND,Expired lease rejects input; detach does not terminate whole run,bigboss/O05/surfaces/runs.json,PRESERVE_SEMANTICS_REBIND_LOCAL_ADAPTER,SEE_RUNTIME_COMMAND_REGISTRY; otherwise CONTRACT_ONLY,run=RUNNING and provider=CONNECTED,session IO receipts and causal event refs,Server authenticates actor/run/device and lease; input bytes not executable by browser host,W03RunDomain
runs.inspect,runs,DOMAIN_COMMAND,Out-of-order/gapped stream visible; no invented causal sequence,bigboss/O05/surfaces/runs.json,PRESERVE_SEMANTICS_REBIND_LOCAL_ADAPTER,SEE_RUNTIME_COMMAND_REGISTRY; otherwise CONTRACT_ONLY,any run state,observed trace and gap markers,Actor can read run; cursor belongs to run,W03RunDomain
runs.seal,runs,DOMAIN_COMMAND,"Repeated seal returns same Result; late data uses declared supplement revision, never rewrite",bigboss/O05/surfaces/runs.json,PRESERVE_SEMANTICS_REBIND_LOCAL_ADAPTER,SEE_RUNTIME_COMMAND_REGISTRY; otherwise CONTRACT_ONLY,run terminal and streams reconciled,immutable Result identity with terminal outcome and completeness flag,No pending output hidden; gap declaration explicit; idempotent result per run revision,W03RunDomain
scenarios.INV.1,scenarios,DOMAIN_INVARIANT,"Scenario is portable, not an Enterprise copy",bigboss/O05/surfaces/scenarios.json,ADMIT_UNSUPERSEDED_SEMANTIC,CONTRACT_ONLY,,,,
scenarios.INV.2,scenarios,DOMAIN_INVARIANT,Lab reference pins reusable definition revision,bigboss/O05/surfaces/scenarios.json,ADMIT_UNSUPERSEDED_SEMANTIC,CONTRACT_ONLY,,,,
scenarios.INV.3,scenarios,DOMAIN_INVARIANT,Environment requirements are distinct from resolved deployment binding,bigboss/O05/surfaces/scenarios.json,ADMIT_UNSUPERSEDED_SEMANTIC,CONTRACT_ONLY,,,,
scenarios.INV.4,scenarios,DOMAIN_INVARIANT,Published revision source remains unchanged by Run,bigboss/O05/surfaces/scenarios.json,ADMIT_UNSUPERSEDED_SEMANTIC,CONTRACT_ONLY,,,,
scenarios.author,scenarios,DOMAIN_COMMAND,Reorder preserves stable phase/module IDs and portable Lab refs,bigboss/O05/surfaces/scenarios.json,PRESERVE_SEMANTICS_REBIND_LOCAL_ADAPTER,SEE_RUNTIME_COMMAND_REGISTRY; otherwise CONTRACT_ONLY,definition=DRAFT|DIRTY,definition=DIRTY,Scenario adapter checks module/task shape; no learning lock semantics,W03ScenarioDomain
scenarios.validate,scenarios,DOMAIN_COMMAND,"Missing required network capability yields explicit blocker, not generic failed status",bigboss/O05/surfaces/scenarios.json,PRESERVE_SEMANTICS_REBIND_LOCAL_ADAPTER,SEE_RUNTIME_COMMAND_REGISTRY; otherwise CONTRACT_ONLY,binding=UNBOUND,COMPATIBLE or INCOMPATIBLE with requirement-level results,Validate exact contract digest; no runtime provisioning,W03ScenarioDomain
scenarios.revise,scenarios,DOMAIN_COMMAND,Published Scenario digest unchanged,bigboss/O05/surfaces/scenarios.json,PRESERVE_SEMANTICS_REBIND_LOCAL_ADAPTER,SEE_RUNTIME_COMMAND_REGISTRY; otherwise CONTRACT_ONLY,definition=PUBLISHED,definition=DRAFT with source lineage,Exact source revision and mutable successor,W03ScenarioDomain
scenarios.prepare,scenarios,DOMAIN_COMMAND,Changing Lab latest after prepare does not change prepared input,bigboss/O05/surfaces/scenarios.json,PRESERVE_SEMANTICS_REBIND_LOCAL_ADAPTER,SEE_RUNTIME_COMMAND_REGISTRY; otherwise CONTRACT_ONLY,definition=PUBLISHED and binding=COMPATIBLE,preparation receipt with immutable input manifest,All nested Lab refs exact; contract and binding compatibility current,W03ScenarioDomain
shell.INV.1,shell,DOMAIN_INVARIANT,Route state is not preference or domain state,bigboss/O05/surfaces/shell.json,ADMIT_UNSUPERSEDED_SEMANTIC,CONTRACT_ONLY,,,,
shell.INV.2,shell,DOMAIN_INVARIANT,PERSONAL_LOCAL_SINGLE_OWNER; no server authorization requirement,bigboss/O05/surfaces/shell.json,ADMIT_UNSUPERSEDED_SEMANTIC,CONTRACT_ONLY,,,,
shell.INV.3,shell,DOMAIN_INVARIANT,Navigation composition REOPENED; destination count not silently frozen,bigboss/O05/surfaces/shell.json,ADMIT_UNSUPERSEDED_SEMANTIC,CONTRACT_ONLY,,,,
shell.navigate,shell,DOMAIN_COMMAND,Back restores exact origin and scroll without duplicating domain stores,bigboss/O05/surfaces/shell.json,PRESERVE_SEMANTICS_REBIND_LOCAL_ADAPTER,SEE_RUNTIME_COMMAND_REGISTRY; otherwise CONTRACT_ONLY,navigation=IDLE|ACTIVE,navigation=ACTIVE and heading receives focus,One of five destinations; destination read authorization,GlobalShellDomain
shell.recover,shell,DOMAIN_COMMAND,"Missing bookmark falls back to destination heading, not fabricated object",bigboss/O05/surfaces/shell.json,PRESERVE_SEMANTICS_REBIND_LOCAL_ADAPTER,SEE_RUNTIME_COMMAND_REGISTRY; otherwise CONTRACT_ONLY,navigation=FAILED|NOT_FOUND,navigation=ACTIVE or explicit NOT_FOUND,Bookmark is actor-scoped and contains no secrets,GlobalShellDomain
shell.search,shell,DOMAIN_COMMAND,Visible trigger and keyboard route open same command registry once,bigboss/O05/surfaces/shell.json,PRESERVE_SEMANTICS_REBIND_LOCAL_ADAPTER,SEE_RUNTIME_COMMAND_REGISTRY; otherwise CONTRACT_ONLY,palette closed,palette open and search focused,No active IME composition; remappable binding,GlobalShellDomain
shell.leaveDirty,shell,DOMAIN_COMMAND,Failed save keeps text and old route; preserve is explicit,bigboss/O05/surfaces/shell.json,PRESERVE_SEMANTICS_REBIND_LOCAL_ADAPTER,SEE_RUNTIME_COMMAND_REGISTRY; otherwise CONTRACT_ONLY,dirtyDeparture=CHOICE_REQUIRED,cancel retains route; save awaits owner ACK; preserve retains recovery draft,Never discard implicitly; save failure prevents requested save-and-leave,GlobalShellDomain
today.INV.1,today,DOMAIN_INVARIANT,No Today canonical domain writes,bigboss/O05/surfaces/today.json,ADMIT_UNSUPERSEDED_SEMANTIC,CONTRACT_ONLY,,,,
today.INV.2,today,DOMAIN_INVARIANT,Progress is a projection; Mastery is W04-owned,bigboss/O05/surfaces/today.json,ADMIT_UNSUPERSEDED_SEMANTIC,CONTRACT_ONLY,,,,
today.INV.3,today,DOMAIN_INVARIANT,Recommendations never grant or deny access,bigboss/O05/surfaces/today.json,ADMIT_UNSUPERSEDED_SEMANTIC,CONTRACT_ONLY,,,,
today.resume,today,DOMAIN_COMMAND,Opening incomplete future activity preserves progress and return bookmark,bigboss/O05/surfaces/today.json,PRESERVE_SEMANTICS_REBIND_LOCAL_ADAPTER,SEE_RUNTIME_COMMAND_REGISTRY; otherwise CONTRACT_ONLY,continuation=RESOLVABLE,target route active; origin context retained,Target exists and actor can read target; do not test progress,TodayOrchestration
today.refresh,today,DOMAIN_COMMAND,"Failed queue provider and successful recent provider produce PARTIAL, not EMPTY",bigboss/O05/surfaces/today.json,PRESERVE_SEMANTICS_REBIND_LOCAL_ADAPTER,SEE_RUNTIME_COMMAND_REGISTRY; otherwise CONTRACT_ONLY,projection any,projection merges successful and failed observations independently,Authenticated actor injected by server,TodayOrchestration
today.filter,today,DOMAIN_COMMAND,Filter hiding all cards reports filtered-empty; source totals unchanged,bigboss/O05/surfaces/today.json,PRESERVE_SEMANTICS_REBIND_LOCAL_ADAPTER,SEE_RUNTIME_COMMAND_REGISTRY; otherwise CONTRACT_ONLY,cards visible,filtered projection with total and visible counts,Filter only recognized projection kinds,TodayOrchestration
today.why,today,DOMAIN_COMMAND,Missing rationale renders unavailable and never fabricates unlock logic,bigboss/O05/surfaces/today.json,PRESERVE_SEMANTICS_REBIND_LOCAL_ADAPTER,SEE_RUNTIME_COMMAND_REGISTRY; otherwise CONTRACT_ONLY,recommendation selected,source/rationale panel open,Exact recommendation version still resolvable,TodayOrchestration
validation.INV.1,validation,DOMAIN_INVARIANT,Technical validity is not admission/review/mastery,bigboss/O05/surfaces/validation.json,ADMIT_UNSUPERSEDED_SEMANTIC,CONTRACT_ONLY,,,,
validation.INV.2,validation,DOMAIN_INVARIANT,Validation findings not formal Review Findings,bigboss/O05/surfaces/validation.json,ADMIT_UNSUPERSEDED_SEMANTIC,CONTRACT_ONLY,,,,
validation.INV.3,validation,DOMAIN_INVARIANT,"Missing validator is unavailable, never PASS",bigboss/O05/surfaces/validation.json,ADMIT_UNSUPERSEDED_SEMANTIC,CONTRACT_ONLY,,,,
validation.validate,validation,DOMAIN_COMMAND,Result for artifact A cannot satisfy changed artifact B,bigboss/O05/surfaces/validation.json,PRESERVE_SEMANTICS_REBIND_LOCAL_ADAPTER,SEE_RUNTIME_COMMAND_REGISTRY; otherwise CONTRACT_ONLY,validation not run,QUEUED→RUNNING→technical outcome,Pinned digest/rules and deterministic validator identity,W05ValidationDomain
validation.inspect,validation,DOMAIN_COMMAND,TECHNICALLY_VALID leaves acceptance field absent,bigboss/O05/surfaces/validation.json,PRESERVE_SEMANTICS_REBIND_LOCAL_ADAPTER,SEE_RUNTIME_COMMAND_REGISTRY; otherwise CONTRACT_ONLY,validation terminal,exact input and limitations shown,Read exact result,W05ValidationDomain
validation.findings,validation,DOMAIN_COMMAND,Inspect technical finding creates no W04 Finding,bigboss/O05/surfaces/validation.json,PRESERVE_SEMANTICS_REBIND_LOCAL_ADAPTER,SEE_RUNTIME_COMMAND_REGISTRY; otherwise CONTRACT_ONLY,validation=TECHNICALLY_INVALID,technical findings table,Rules and source locators immutable,W05ValidationDomain
visualize.INV.1,visualize,DOMAIN_INVARIANT,representationId differs from canonicalObjectId,bigboss/O05/surfaces/visualize.json,ADMIT_UNSUPERSEDED_SEMANTIC,BOUNDED_FIXTURE,,,,
visualize.INV.2,visualize,DOMAIN_INVARIANT,Moving geometry creates no relationship,bigboss/O05/surfaces/visualize.json,ADMIT_UNSUPERSEDED_SEMANTIC,BOUNDED_FIXTURE,,,,
visualize.INV.3,visualize,DOMAIN_INVARIANT,All four views support domain-valid editing through same semantic command,bigboss/O05/surfaces/visualize.json,ADMIT_UNSUPERSEDED_SEMANTIC,BOUNDED_FIXTURE,,,,
visualize.INV.4,visualize,DOMAIN_INVARIANT,Accessible navigator operates same representation selection,bigboss/O05/surfaces/visualize.json,ADMIT_UNSUPERSEDED_SEMANTIC,BOUNDED_FIXTURE,,,,
visualize.select,visualize,DOMAIN_COMMAND,Keyboard navigator and pointer selection yield identical IDs,bigboss/O05/surfaces/visualize.json,PRESERVE_SEMANTICS_REBIND_LOCAL_ADAPTER,SEE_RUNTIME_COMMAND_REGISTRY; otherwise CONTRACT_ONLY,selection any,same selection set and context reference,All representation IDs belong to view,VisualizeDomain
visualize.link,visualize,DOMAIN_COMMAND,Drawing edge without validated relation command causes zero canonical writes,bigboss/O05/surfaces/visualize.json,PRESERVE_SEMANTICS_REBIND_LOCAL_ADAPTER,SEE_RUNTIME_COMMAND_REGISTRY; otherwise CONTRACT_ONLY,relation=DRAFT,relation=VALIDATED or REJECTED,"Knowledge adapter validates endpoint types, cycles and authority",VisualizeDomain
visualize.move,visualize,DOMAIN_COMMAND,Layout leaves canonical relationship digest identical,bigboss/O05/surfaces/visualize.json,PRESERVE_SEMANTICS_REBIND_LOCAL_ADAPTER,SEE_RUNTIME_COMMAND_REGISTRY; otherwise CONTRACT_ONLY,view editable,geometry updated in one presentation transaction,View membership and finite coordinates,VisualizeDomain
visualize.edit,visualize,DOMAIN_COMMAND,Edit one canonical object updates all representations without cloned content,bigboss/O05/surfaces/visualize.json,PRESERVE_SEMANTICS_REBIND_LOCAL_ADAPTER,SEE_RUNTIME_COMMAND_REGISTRY; otherwise CONTRACT_ONLY,canonical draft selected,canonical working draft changes; representations still reference it,Knowledge draft permission,VisualizeDomain
visualize.viewport,visualize,DOMAIN_COMMAND,Fit and minimap navigation are also keyboard reachable,bigboss/O05/surfaces/visualize.json,PRESERVE_SEMANTICS_REBIND_LOCAL_ADAPTER,SEE_RUNTIME_COMMAND_REGISTRY; otherwise CONTRACT_ONLY,view loaded,viewport changes independently of UI scale,"Finite transform, adapter bounds; browser zoom gesture preserved",VisualizeDomain
