source,bytes,sha256,authority_class,inspection,canonical_registry_match,preserved_content,text_lines
mission/00_START_HERE/COPY_PASTE_WORK_BOOTSTRAP_PROMPT.txt,3332,d3f9fbe8f0a1ff673341169ab0ed7f54551f4a0a3eae43adcdabc3ecbfb5e6f8,MISSION_CURRENT,FULL_BYTES_AND_STRUCTURED_CONTENT,False,authority/sources/mission/00_START_HERE/COPY_PASTE_WORK_BOOTSTRAP_PROMPT.txt,59
mission/00_START_HERE/MASTER_WORK_MISSION_v1.0.md,8746,c7ae915085d4f5fb2feda33ccacf15b49660f02fb5f1f317fe9f0042023756c8,MISSION_CURRENT,FULL_BYTES_AND_STRUCTURED_CONTENT,False,authority/sources/mission/00_START_HERE/MASTER_WORK_MISSION_v1.0.md,178
mission/00_START_HERE/MISSION_MANIFEST_v1.0.json,10850,1496d7aeb6dc4a07f6c7d5888c7b9b5f0c3a207e2d7cf3ea421fd070ad8bd15a,MISSION_CURRENT,FULL_BYTES_AND_STRUCTURED_CONTENT,False,authority/sources/mission/00_START_HERE/MISSION_MANIFEST_v1.0.json,286
mission/00_START_HERE/README_START_WORK_HERE.md,2056,2131f873518e40836a061dc7be9e0ec517ebad71beb3e51b0fe3feaef2f7b558,MISSION_CURRENT,FULL_BYTES_AND_STRUCTURED_CONTENT,False,authority/sources/mission/00_START_HERE/README_START_WORK_HERE.md,35
mission/01_AUTHORITY/AUTHORITY_CONFLICT_RESOLUTION_PROTOCOL_v1.0.md,1001,d67f516dcf0c3780d7375096e8751d623c2dea220b9e9fb8d67ed3e22172ec85,MISSION_CURRENT,FULL_BYTES_AND_STRUCTURED_CONTENT,False,authority/sources/mission/01_AUTHORITY/AUTHORITY_CONFLICT_RESOLUTION_PROTOCOL_v1.0.md,21
mission/01_AUTHORITY/CEP_ACCEPTED_LIBRARY_DONOR_TO_FOUNDATION_EXTRACTION_MAP_v1.0.csv,10530,a40e26e17e997c5026f37c69517efef19afcf514119ae03836df1eb8d3b8abbc,MISSION_CURRENT,FULL_BYTES_AND_STRUCTURED_CONTENT,False,authority/sources/mission/01_AUTHORITY/CEP_ACCEPTED_LIBRARY_DONOR_TO_FOUNDATION_EXTRACTION_MAP_v1.0.csv,35
mission/01_AUTHORITY/CEP_CANONICAL_AUTHORITY_AND_FOUNDATION_PREP_PACK_v1.0.json,39880,c75d48eebad742a3972ad477cf3e1f23140e19291874aa1d4d5ce08c21a44b84,MISSION_CURRENT,FULL_BYTES_AND_STRUCTURED_CONTENT,False,authority/sources/mission/01_AUTHORITY/CEP_CANONICAL_AUTHORITY_AND_FOUNDATION_PREP_PACK_v1.0.json,823
mission/01_AUTHORITY/CEP_CANONICAL_AUTHORITY_AND_FOUNDATION_PREP_REPORT_v1.0.md,7402,931ded2207ed41f3786c6c4db8685ae7dd89e4a75a32333fd424fb5a41509464,MISSION_CURRENT,FULL_BYTES_AND_STRUCTURED_CONTENT,False,authority/sources/mission/01_AUTHORITY/CEP_CANONICAL_AUTHORITY_AND_FOUNDATION_PREP_REPORT_v1.0.md,97
mission/01_AUTHORITY/CEP_CANONICAL_DECISION_SUPERSESSION_REGISTRY_v1.0.csv,59901,ced1495af8fab92f2e4be01e3bb265c8e78b7bcf240781adf3d59f7e62001f3b,MISSION_CURRENT,FULL_BYTES_AND_STRUCTURED_CONTENT,False,authority/sources/mission/01_AUTHORITY/CEP_CANONICAL_DECISION_SUPERSESSION_REGISTRY_v1.0.csv,132
mission/01_AUTHORITY/CEP_CANONICAL_SOURCE_AUTHORITY_REGISTRY_v1.0.csv,95705,cc6f510047498b133c2672bf01118553216d27cb09739451cb36454e349aa644,MISSION_CURRENT,FULL_BYTES_AND_STRUCTURED_CONTENT,False,authority/sources/mission/01_AUTHORITY/CEP_CANONICAL_SOURCE_AUTHORITY_REGISTRY_v1.0.csv,165
mission/01_AUTHORITY/CEP_FOUNDATION_EXECUTABLE_STRUCTURE_CONTRACT_v1.0.md,5202,55df8863815fac7b14ff55f4269c34f9e717a4c53920e569ac27577ac1eda9ef,MISSION_CURRENT,FULL_BYTES_AND_STRUCTURED_CONTENT,False,authority/sources/mission/01_AUTHORITY/CEP_FOUNDATION_EXECUTABLE_STRUCTURE_CONTRACT_v1.0.md,66
mission/01_AUTHORITY/CEP_FOUNDATION_PREBUILD_GATES_v1.0.csv,1988,6884c7638de3a698c695d5b4661741269e1a0b02d07d9a4476b0310c1d0db5b9,MISSION_CURRENT,FULL_BYTES_AND_STRUCTURED_CONTENT,False,authority/sources/mission/01_AUTHORITY/CEP_FOUNDATION_PREBUILD_GATES_v1.0.csv,13
mission/01_AUTHORITY/CEP_FUTURE_WORK_READ_FIRST_AUTHORITY_CONTRACT_v1.0.md,2781,f8ce77d8003e30f94a79d11cf5ff87e77a0e12043be701cb66ee8844eccc6001,MISSION_CURRENT,FULL_BYTES_AND_STRUCTURED_CONTENT,False,authority/sources/mission/01_AUTHORITY/CEP_FUTURE_WORK_READ_FIRST_AUTHORITY_CONTRACT_v1.0.md,36
mission/01_AUTHORITY/CEP_REUSABLE_FOUNDATION_CAPABILITY_MATRIX_v1.0.csv,61621,35abf3885ea4d73f2240b89646e4fe72314fb46b82d01ea939359415ef66cd22,MISSION_CURRENT,FULL_BYTES_AND_STRUCTURED_CONTENT,False,authority/sources/mission/01_AUTHORITY/CEP_REUSABLE_FOUNDATION_CAPABILITY_MATRIX_v1.0.csv,41
mission/01_AUTHORITY/DEPRECATED_OR_NON_AUTHORITATIVE_ASSUMPTIONS_v1.0.md,885,76913dee97d3c1d4f628f3f61d7e403c121e65c1a6fdbbda8754a44162ccf65e,MISSION_CURRENT,FULL_BYTES_AND_STRUCTURED_CONTENT,False,authority/sources/mission/01_AUTHORITY/DEPRECATED_OR_NON_AUTHORITATIVE_ASSUMPTIONS_v1.0.md,16
mission/01_AUTHORITY/OWNER_CURRENT_SUPERSESSION_ADDENDUM_v1.0.csv,6352,03b75687c0e3b42399cc575365ab8989a647d61e4558732f4bb8407e735d8c31,MISSION_CURRENT,FULL_BYTES_AND_STRUCTURED_CONTENT,False,authority/sources/mission/01_AUTHORITY/OWNER_CURRENT_SUPERSESSION_ADDENDUM_v1.0.csv,21
mission/01_AUTHORITY/OWNER_CURRENT_SUPERSESSION_ADDENDUM_v1.0.md,6327,647e8ccad1269ed55b809d57337a0c723177729304b0fdd00b0b129f76fce99a,MISSION_CURRENT,FULL_BYTES_AND_STRUCTURED_CONTENT,False,authority/sources/mission/01_AUTHORITY/OWNER_CURRENT_SUPERSESSION_ADDENDUM_v1.0.md,103
mission/01_AUTHORITY/SOURCE_READ_ORDER_AND_PATHS_v1.0.csv,2877,724d8b5725f609bc006d4d74786b116126bd4ac3e1fa572dbeb6b8df554ca176,MISSION_CURRENT,FULL_BYTES_AND_STRUCTURED_CONTENT,False,authority/sources/mission/01_AUTHORITY/SOURCE_READ_ORDER_AND_PATHS_v1.0.csv,20
mission/02_ACCEPTED_DONOR/CEP_ACCEPTED_LIBRARY_DONOR_CODE_CENSUS_v1.0.json,70712,d4275adbd0fdc6826e5373fc789aeae3ef012f4635a3c2bcfa1e2ecd05422311,MISSION_CURRENT,FULL_BYTES_AND_STRUCTURED_CONTENT,False,authority/sources/mission/02_ACCEPTED_DONOR/CEP_ACCEPTED_LIBRARY_DONOR_CODE_CENSUS_v1.0.json,3809
mission/02_ACCEPTED_DONOR/CEP_ACCEPTED_LIBRARY_DONOR_TO_FOUNDATION_EXTRACTION_MAP_v1.0.csv,10530,a40e26e17e997c5026f37c69517efef19afcf514119ae03836df1eb8d3b8abbc,MISSION_CURRENT,FULL_BYTES_AND_STRUCTURED_CONTENT,False,authority/sources/mission/02_ACCEPTED_DONOR/CEP_ACCEPTED_LIBRARY_DONOR_TO_FOUNDATION_EXTRACTION_MAP_v1.0.csv,35
mission/02_ACCEPTED_DONOR/DONOR_ARCHAEOLOGY_PROTOCOL_v1.0.md,1851,6c4286d1c51a346d5c3b028e7a7d5c95dddbbe333c045fefd37eb774b2ffbb6f,MISSION_CURRENT,FULL_BYTES_AND_STRUCTURED_CONTENT,False,authority/sources/mission/02_ACCEPTED_DONOR/DONOR_ARCHAEOLOGY_PROTOCOL_v1.0.md,52
mission/02_ACCEPTED_DONOR/DONOR_COVERAGE_LEDGER_TEMPLATE_v1.0.csv,291,7f1fb9ed91c663f30e82fff92e281594e24f83677231f76ce56e2fb4ed379b52,MISSION_CURRENT,FULL_BYTES_AND_STRUCTURED_CONTENT,False,authority/sources/mission/02_ACCEPTED_DONOR/DONOR_COVERAGE_LEDGER_TEMPLATE_v1.0.csv,1
mission/03_FOUNDATION_CONTRACTS/FOUNDATION_INHERITANCE_AND_DEVIATION_RULES_v1.0.md,671,0e7fa0a9de85937d9ac39e88c359624d870690ccee6718cac596ed902abdade9,MISSION_CURRENT,FULL_BYTES_AND_STRUCTURED_CONTENT,False,authority/sources/mission/03_FOUNDATION_CONTRACTS/FOUNDATION_INHERITANCE_AND_DEVIATION_RULES_v1.0.md,21
mission/03_FOUNDATION_CONTRACTS/REUSABLE_COMPONENT_FAMILIES_v1.0.md,1781,04bdafaa222ef93fff0c160d10239aca2d6432cb085e3582a1140778e5ff052d,MISSION_CURRENT,FULL_BYTES_AND_STRUCTURED_CONTENT,False,authority/sources/mission/03_FOUNDATION_CONTRACTS/REUSABLE_COMPONENT_FAMILIES_v1.0.md,16
mission/03_FOUNDATION_CONTRACTS/SURFACE_23_PROFILE_SEED_v1.0.csv,3025,483b6c9da7e07725d84724ecf928c3b6f48c705b36f866c8a53e8649574438b2,MISSION_CURRENT,FULL_BYTES_AND_STRUCTURED_CONTENT,False,authority/sources/mission/03_FOUNDATION_CONTRACTS/SURFACE_23_PROFILE_SEED_v1.0.csv,24
mission/03_FOUNDATION_CONTRACTS/UNIVERSAL_LAYOUT_SLOT_CONSTITUTION_v1.0.md,3390,fbd0b244879a0b78faff86dcd330145ccb96eb636c31d52b9da8d980ff7fe75c,MISSION_CURRENT,FULL_BYTES_AND_STRUCTURED_CONTENT,False,authority/sources/mission/03_FOUNDATION_CONTRACTS/UNIVERSAL_LAYOUT_SLOT_CONSTITUTION_v1.0.md,59
mission/04_EXECUTION_PLAN/ACCEPTANCE_MATRIX_v1.0.csv,1233,c63dd08d700454c347d06e8bed7ac32d713ae64220cd2f1d2691a7b05a2cd4fd,MISSION_CURRENT,FULL_BYTES_AND_STRUCTURED_CONTENT,False,authority/sources/mission/04_EXECUTION_PLAN/ACCEPTANCE_MATRIX_v1.0.csv,15
mission/04_EXECUTION_PLAN/DELIVERABLE_CONTRACT_v1.0.md,1933,a58e90a7f2b41629fbcfee3168bd3a28b350ad4c05c2a73fe9d460d4b168a90b,MISSION_CURRENT,FULL_BYTES_AND_STRUCTURED_CONTENT,False,authority/sources/mission/04_EXECUTION_PLAN/DELIVERABLE_CONTRACT_v1.0.md,63
mission/04_EXECUTION_PLAN/MISSION_PHASES_AND_GATES_v1.0.md,1986,9b28386a10f87ade75804befd5f266e565f88936338f2367c68f84164f0a7a63,MISSION_CURRENT,FULL_BYTES_AND_STRUCTURED_CONTENT,False,authority/sources/mission/04_EXECUTION_PLAN/MISSION_PHASES_AND_GATES_v1.0.md,48
mission/04_EXECUTION_PLAN/STACK_PROOF_PROTOCOL_v1.0.md,952,0ac760e80ade68e5e82a75b0107af4e40c858d3b9bd40b5098c5a6537577278b,MISSION_CURRENT,FULL_BYTES_AND_STRUCTURED_CONTENT,False,authority/sources/mission/04_EXECUTION_PLAN/STACK_PROOF_PROTOCOL_v1.0.md,29
mission/04_EXECUTION_PLAN/STOP_AND_ESCALATION_RULES_v1.0.md,704,e4a7e7fe3f60fa043494288070ba3e9a1e002c5dc535909aceff66761bcc4b63,MISSION_CURRENT,FULL_BYTES_AND_STRUCTURED_CONTENT,False,authority/sources/mission/04_EXECUTION_PLAN/STOP_AND_ESCALATION_RULES_v1.0.md,13
mission/04_EXECUTION_PLAN/THREE_PLUS_ONE_REUSE_PROOF_CONTRACT_v1.0.md,1365,aad4cf4b60334dbbd0eef4e61d25858037722881e9cf50933dd2df71388e487c,MISSION_CURRENT,FULL_BYTES_AND_STRUCTURED_CONTENT,False,authority/sources/mission/04_EXECUTION_PLAN/THREE_PLUS_ONE_REUSE_PROOF_CONTRACT_v1.0.md,21
mission/04_EXECUTION_PLAN/WORK_CHECKPOINT_PROTOCOL_v1.0.md,392,fdd12d7f4f04f56834abd7e0fcea9c9b00737451a106f49186848ce54a481e6c,MISSION_CURRENT,FULL_BYTES_AND_STRUCTURED_CONTENT,False,authority/sources/mission/04_EXECUTION_PLAN/WORK_CHECKPOINT_PROTOCOL_v1.0.md,14
mission/05_SCHEMAS/checkpoint.schema.json,1050,afde912d49dda4499d2564d936c0db3914f9e3d3ab7fa5bfeefb8fdec8c10c06,MISSION_CURRENT,FULL_BYTES_AND_STRUCTURED_CONTENT,False,authority/sources/mission/05_SCHEMAS/checkpoint.schema.json,61
mission/05_SCHEMAS/command_contract.schema.json,1012,c6f91c1a2159d84cab0b2e6a418f668fd9b8d63fa136d963dcabe7620e5c9a70,MISSION_CURRENT,FULL_BYTES_AND_STRUCTURED_CONTENT,False,authority/sources/mission/05_SCHEMAS/command_contract.schema.json,57
mission/05_SCHEMAS/component_contract.schema.json,1178,a824e89e761d72fd0524d6ac76ac5ff8e0f7f767030edef4491acac0124b69e1,MISSION_CURRENT,FULL_BYTES_AND_STRUCTURED_CONTENT,False,authority/sources/mission/05_SCHEMAS/component_contract.schema.json,69
mission/05_SCHEMAS/deviation_record.schema.json,777,b1c0a266427e581f9a3563bb5e9a65dccd8e40de136e7904a39fd6b6f0e6e488,MISSION_CURRENT,FULL_BYTES_AND_STRUCTURED_CONTENT,False,authority/sources/mission/05_SCHEMAS/deviation_record.schema.json,44
mission/05_SCHEMAS/mechanic_record.schema.json,1928,08ad6996e3f10ff258225257491524897dd652331b13fb2e1a020c2111e7f66f,MISSION_CURRENT,FULL_BYTES_AND_STRUCTURED_CONTENT,False,authority/sources/mission/05_SCHEMAS/mechanic_record.schema.json,115
mission/05_SCHEMAS/preference_contract.schema.json,789,92ccfbe5ad83d56f71399330cf772e63a48c6de6a10b6e18de3f9844d6ffbbca,MISSION_CURRENT,FULL_BYTES_AND_STRUCTURED_CONTENT,False,authority/sources/mission/05_SCHEMAS/preference_contract.schema.json,43
mission/05_SCHEMAS/surface_profile.schema.json,1218,d80f8a5b3a91752a583f85cf1ec6e8f8480dd089e6072f76da22884944c96c3a,MISSION_CURRENT,FULL_BYTES_AND_STRUCTURED_CONTENT,False,authority/sources/mission/05_SCHEMAS/surface_profile.schema.json,70
mission/05_SCHEMAS/test_case.schema.json,1084,3283bc67147579a4b74052f14b747400284962b8a5ff41e6cc50d18969e34c9c,MISSION_CURRENT,FULL_BYTES_AND_STRUCTURED_CONTENT,False,authority/sources/mission/05_SCHEMAS/test_case.schema.json,67
mission/06_TEMPLATES/CHECKPOINT_TEMPLATE.md,217,3039a04a25fa1f9c6e6d2da85e07283a1a3f4dacb35c98b7528a0aa71292030a,MISSION_CURRENT,FULL_BYTES_AND_STRUCTURED_CONTENT,False,authority/sources/mission/06_TEMPLATES/CHECKPOINT_TEMPLATE.md,11
mission/06_TEMPLATES/COMMAND_BINDING_TEMPLATE.json,215,fdc342c2a29c7b3d4796889b7d5771d1d5a759b8a4d7a94bb61e5e7122864d70,MISSION_CURRENT,FULL_BYTES_AND_STRUCTURED_CONTENT,False,authority/sources/mission/06_TEMPLATES/COMMAND_BINDING_TEMPLATE.json,13
mission/06_TEMPLATES/FINAL_HANDOFF_TEMPLATE.md,446,9ce0f7fbff0ea9a276d6fa24a5f56e3591a4b32d1bb8eb115f75e1af186d4631,MISSION_CURRENT,FULL_BYTES_AND_STRUCTURED_CONTENT,False,authority/sources/mission/06_TEMPLATES/FINAL_HANDOFF_TEMPLATE.md,32
mission/06_TEMPLATES/FOUNDATION_DIRECTORY_SEED.txt,374,32d519a4d7e3389bf6d6938827174d6a43183dc7e74df173eb8adbdbe76bf74f,MISSION_CURRENT,FULL_BYTES_AND_STRUCTURED_CONTENT,False,authority/sources/mission/06_TEMPLATES/FOUNDATION_DIRECTORY_SEED.txt,34
mission/06_TEMPLATES/GOLDEN_HARNESS_REQUIREMENTS_v1.0.md,1015,b02972b1fded3dbf6cd88db5681b1b9fe7690445a1f26f5bf78d2697d03fd76e,MISSION_CURRENT,FULL_BYTES_AND_STRUCTURED_CONTENT,False,authority/sources/mission/06_TEMPLATES/GOLDEN_HARNESS_REQUIREMENTS_v1.0.md,22
mission/06_TEMPLATES/MECHANIC_RECORD_TEMPLATE.json,399,57854480b36ccd6ed87f54dae4272e2b9f70a3d223df89527ee66ddc2a5464b6,MISSION_CURRENT,FULL_BYTES_AND_STRUCTURED_CONTENT,False,authority/sources/mission/06_TEMPLATES/MECHANIC_RECORD_TEMPLATE.json,20
mission/06_TEMPLATES/SURFACE_PROFILE_TEMPLATE.json,383,81315f2b808e94dcaa732f09682947157b857b2093550378b5b8bd64a5b7ef2e,MISSION_CURRENT,FULL_BYTES_AND_STRUCTURED_CONTENT,False,authority/sources/mission/06_TEMPLATES/SURFACE_PROFILE_TEMPLATE.json,21
mission/07_REFERENCE_INVENTORY/CEP_CONTROL_CENTER_CONFLICT_DUPLICATION_REGISTER_v1.0.csv,4836,0cd7ffed903e5e0fd8b92d65a894c2dafffe623ae495e5b64f0112691cc18aa2,MISSION_CURRENT,FULL_BYTES_AND_STRUCTURED_CONTENT,False,authority/sources/mission/07_REFERENCE_INVENTORY/CEP_CONTROL_CENTER_CONFLICT_DUPLICATION_REGISTER_v1.0.csv,15
mission/07_REFERENCE_INVENTORY/CEP_CONTROL_CENTER_DEEP_CONTENT_INVENTORY_v1.0.md,73683,d02044d0fc5ddfd6546336b6a55a6472a1efb5958fc7f0817b743a637a035215,MISSION_CURRENT,FULL_BYTES_AND_STRUCTURED_CONTENT,False,authority/sources/mission/07_REFERENCE_INVENTORY/CEP_CONTROL_CENTER_DEEP_CONTENT_INVENTORY_v1.0.md,327
mission/07_REFERENCE_INVENTORY/CEP_CONTROL_CENTER_DEEP_FILE_CATALOG_v1.0.csv,55890,0aa30f276fed4527ca6bc845a014cbcba433d524e6fbb1beb8b5c72b33ce3d3d,MISSION_CURRENT,FULL_BYTES_AND_STRUCTURED_CONTENT,False,authority/sources/mission/07_REFERENCE_INVENTORY/CEP_CONTROL_CENTER_DEEP_FILE_CATALOG_v1.0.csv,164
mission/07_REFERENCE_INVENTORY/CEP_CONTROL_CENTER_RECURSIVE_CONTENT_INDEX_v1.0.csv,1665249,b4e981d53e226d0701eee0906e7d83d4b35d1bbc4e6c63682713be72aff2e387,MISSION_CURRENT,FULL_BYTES_AND_STRUCTURED_CONTENT,False,authority/sources/mission/07_REFERENCE_INVENTORY/CEP_CONTROL_CENTER_RECURSIVE_CONTENT_INDEX_v1.0.csv,5130
mission/07_REFERENCE_INVENTORY/CEP_CONTROL_CENTER_SECTION_INDEX_v1.0.csv,1090607,34940cbd61cc893dcfe92489821923b55f91c1228bfbf3c264ad61a41b58805f,MISSION_CURRENT,FULL_BYTES_AND_STRUCTURED_CONTENT,False,authority/sources/mission/07_REFERENCE_INVENTORY/CEP_CONTROL_CENTER_SECTION_INDEX_v1.0.csv,5442
mission/README.md,254,76db6cfe10a26f5ed364761351d701b5b90ad1b74f97fd0d1d7c1139593a7b41,MISSION_CURRENT,FULL_BYTES_AND_STRUCTURED_CONTENT,False,authority/sources/mission/README.md,8
control/00_CONTROLLER_OPERATING_SYSTEM/00_READ_FIRST/CEP_CONTROLLER_OPERATING_SYSTEM_MANIFEST_v1.0.md,1618,92b092107de0416fee125ce43d4f8253bc8174aea2fbb0f0cddfe1f33e510fe3,CURRENT_CONTROLLER_OS,FULL_BYTES_AND_STRUCTURED_CONTENT,True,authority/sources/control/00_CONTROLLER_OPERATING_SYSTEM/00_READ_FIRST/CEP_CONTROLLER_OPERATING_SYSTEM_MANIFEST_v1.0.md,36
control/00_CONTROLLER_OPERATING_SYSTEM/00_READ_FIRST/CEP_CONTROLLER_OPERATING_SYSTEM_READ_FIRST_v1.0.md,3875,db0f554aebc48f21d5971d3860f327269807ff2e47663e9a3d89df4aaa4da4d1,CURRENT_CONTROLLER_OS,FULL_BYTES_AND_STRUCTURED_CONTENT,True,authority/sources/control/00_CONTROLLER_OPERATING_SYSTEM/00_READ_FIRST/CEP_CONTROLLER_OPERATING_SYSTEM_READ_FIRST_v1.0.md,78
control/00_CONTROLLER_OPERATING_SYSTEM/01_METHODS/CEP_COLAB_DRIVE_CUSTODY_AND_EXECUTION_STANDARD_v1.0.md,6278,d46a70c09ba6aba5f10fc5b758b33483fd4de3b03362c2ff70aed415163f8fa4,CURRENT_CONTROLLER_METHOD,FULL_BYTES_AND_STRUCTURED_CONTENT,True,authority/sources/control/00_CONTROLLER_OPERATING_SYSTEM/01_METHODS/CEP_COLAB_DRIVE_CUSTODY_AND_EXECUTION_STANDARD_v1.0.md,144
control/00_CONTROLLER_OPERATING_SYSTEM/01_METHODS/CEP_CONTROLLER_ASSURANCE_AND_EVIDENCE_PROTOCOL_v1.0.md,1752,45a4ca798ed562ee7b93c62518ec3506dfdb32f1ef148da39a200d309ad0f4b0,CURRENT_CONTROLLER_METHOD,FULL_BYTES_AND_STRUCTURED_CONTENT,True,authority/sources/control/00_CONTROLLER_OPERATING_SYSTEM/01_METHODS/CEP_CONTROLLER_ASSURANCE_AND_EVIDENCE_PROTOCOL_v1.0.md,41
control/00_CONTROLLER_OPERATING_SYSTEM/01_METHODS/CEP_CONTROLLER_DECISION_AND_ADJUDICATION_PROTOCOL_v1.0.md,1373,dfe9a2fd4a8b17bc74854746b2050a97f2b4a58406ad8131575524e3f884acc5,CURRENT_CONTROLLER_METHOD,FULL_BYTES_AND_STRUCTURED_CONTENT,True,authority/sources/control/00_CONTROLLER_OPERATING_SYSTEM/01_METHODS/CEP_CONTROLLER_DECISION_AND_ADJUDICATION_PROTOCOL_v1.0.md,35
control/00_CONTROLLER_OPERATING_SYSTEM/01_METHODS/CEP_CONTROLLER_GOVERNANCE_AND_EXECUTION_METHOD_v1.0.md,3779,48aeabfe336cbc450f313fd987baa4eda8621f7815547d5007e14c5c8441b5ff,CURRENT_CONTROLLER_METHOD,FULL_BYTES_AND_STRUCTURED_CONTENT,True,authority/sources/control/00_CONTROLLER_OPERATING_SYSTEM/01_METHODS/CEP_CONTROLLER_GOVERNANCE_AND_EXECUTION_METHOD_v1.0.md,71
control/00_CONTROLLER_OPERATING_SYSTEM/01_METHODS/CEP_CONTROLLER_KNOWLEDGE_PROMOTION_AND_ZERO_LOSS_PROTOCOL_v1.0.md,1461,ee4ba85e4b910c3eeb0854bed24c900b1251c181d3d0e2f9c2c1b0837f6d2bd3,CURRENT_CONTROLLER_METHOD,FULL_BYTES_AND_STRUCTURED_CONTENT,True,authority/sources/control/00_CONTROLLER_OPERATING_SYSTEM/01_METHODS/CEP_CONTROLLER_KNOWLEDGE_PROMOTION_AND_ZERO_LOSS_PROTOCOL_v1.0.md,27
control/00_CONTROLLER_OPERATING_SYSTEM/01_METHODS/CEP_CONTROLLER_SOURCE_AUTHORITY_AND_REQUIREMENT_ADMISSION_PROTOCOL_v1.0.md,2452,10514c7057721ccc0dd3623d90f739ec69b3aa158257aeff6ddb6940749e4ac4,CURRENT_CONTROLLER_METHOD,FULL_BYTES_AND_STRUCTURED_CONTENT,True,authority/sources/control/00_CONTROLLER_OPERATING_SYSTEM/01_METHODS/CEP_CONTROLLER_SOURCE_AUTHORITY_AND_REQUIREMENT_ADMISSION_PROTOCOL_v1.0.md,49
control/00_CONTROLLER_OPERATING_SYSTEM/01_METHODS/CEP_REPRODUCIBLE_PACKAGE_CONTAINER_IDENTITY_ADDENDUM_v1.0.md,2426,8cbb0882ebc77a4bcf8c2a4ddc487ae97f79cd2a56501e4a5217481fb4b27e84,CURRENT_CONTROLLER_METHOD,FULL_BYTES_AND_STRUCTURED_CONTENT,True,authority/sources/control/00_CONTROLLER_OPERATING_SYSTEM/01_METHODS/CEP_REPRODUCIBLE_PACKAGE_CONTAINER_IDENTITY_ADDENDUM_v1.0.md,49
control/00_CONTROLLER_OPERATING_SYSTEM/01_METHODS/CEP_RUNTIME_DISCOVERED_DEFECT_TRIAGE_AND_TEST_ALIGNMENT_PLAYBOOK_v1.0.md,8473,641ab6dc31bf6a989e8017174174a855b6b283d5e21389f1fe9e69390022c2c9,CURRENT_CONTROLLER_METHOD,FULL_BYTES_AND_STRUCTURED_CONTENT,True,authority/sources/control/00_CONTROLLER_OPERATING_SYSTEM/01_METHODS/CEP_RUNTIME_DISCOVERED_DEFECT_TRIAGE_AND_TEST_ALIGNMENT_PLAYBOOK_v1.0.md,156
control/00_CONTROLLER_OPERATING_SYSTEM/02_REGISTERS/CEP_CONTROLLER_DECISION_REGISTER_v1.0.json,3117,046af5e10eba24e06610ff63dd6ae51744c797bf1b959455128627cc9ee45c16,CURRENT_CONTROLLER_REGISTER_OR_LESSON,FULL_BYTES_AND_STRUCTURED_CONTENT,True,authority/sources/control/00_CONTROLLER_OPERATING_SYSTEM/02_REGISTERS/CEP_CONTROLLER_DECISION_REGISTER_v1.0.json,82
control/00_CONTROLLER_OPERATING_SYSTEM/02_REGISTERS/CEP_CONTROLLER_OPEN_GATES_REGISTER_v1.0.json,1787,478f3f9ea851b9a27333f86dcc0a14f591429ea8a8d8e49c5f9f4c7ba0f31bf3,CURRENT_CONTROLLER_REGISTER_OR_LESSON,FULL_BYTES_AND_STRUCTURED_CONTENT,True,authority/sources/control/00_CONTROLLER_OPERATING_SYSTEM/02_REGISTERS/CEP_CONTROLLER_OPEN_GATES_REGISTER_v1.0.json,59
control/00_CONTROLLER_OPERATING_SYSTEM/02_REGISTERS/CEP_CONTROLLER_ZERO_LOSS_COLAB_RUNTIME_SUPPLEMENT_v1.0.json,14344,e789c2b3d79657477b5b546a5b2f6604fa1888ee2de0cff6cbc77481baae687c,RUNTIME_METHOD_OR_EVIDENCE,FULL_BYTES_AND_STRUCTURED_CONTENT,True,authority/sources/control/00_CONTROLLER_OPERATING_SYSTEM/02_REGISTERS/CEP_CONTROLLER_ZERO_LOSS_COLAB_RUNTIME_SUPPLEMENT_v1.0.json,271
control/00_CONTROLLER_OPERATING_SYSTEM/02_REGISTERS/CEP_CONTROLLER_ZERO_LOSS_KNOWLEDGE_REGISTER_v1.0.json,12427,3931f91430c5b997ca0cae5dfc036a3267f028f7076043a2c2b794ed25eeb76a,CURRENT_CONTROLLER_REGISTER_OR_LESSON,FULL_BYTES_AND_STRUCTURED_CONTENT,True,authority/sources/control/00_CONTROLLER_OPERATING_SYSTEM/02_REGISTERS/CEP_CONTROLLER_ZERO_LOSS_KNOWLEDGE_REGISTER_v1.0.json,292
control/00_CONTROLLER_OPERATING_SYSTEM/03_HANDOFF_RECOVERY/CEP_CONTROLLER_CURRENT_RECOVERY_HANDOFF_v2.2.md,1064,df090190e515d6c61a4018c66ec303d4a269fd747a1609cc91c2307ab01e534e,SUPPORTING_CONTROL_OR_EVIDENCE,FULL_BYTES_AND_STRUCTURED_CONTENT,True,authority/sources/control/00_CONTROLLER_OPERATING_SYSTEM/03_HANDOFF_RECOVERY/CEP_CONTROLLER_CURRENT_RECOVERY_HANDOFF_v2.2.md,22
control/00_CONTROLLER_OPERATING_SYSTEM/03_HANDOFF_RECOVERY/CEP_CONTROLLER_HANDOFF_AND_RECOVERY_STANDARD_v2.0.md,1989,c52d4d5723e3873336cfbb4b0b14d62e7dfed23075de65f0836e8197745b2e5a,CURRENT_CONTROLLER_METHOD,FULL_BYTES_AND_STRUCTURED_CONTENT,True,authority/sources/control/00_CONTROLLER_OPERATING_SYSTEM/03_HANDOFF_RECOVERY/CEP_CONTROLLER_HANDOFF_AND_RECOVERY_STANDARD_v2.0.md,32
control/00_CONTROLLER_OPERATING_SYSTEM/03_HANDOFF_RECOVERY/CEP_W01_W02_C025_CURRENT_HANDOFF_v1.0.md,1996,27cdd4a791c836f6d012059b6b1a1c64b92f7945b38c6a3ec0708e5c2bec280e,SUPPORTING_CONTROL_OR_EVIDENCE,FULL_BYTES_AND_STRUCTURED_CONTENT,True,authority/sources/control/00_CONTROLLER_OPERATING_SYSTEM/03_HANDOFF_RECOVERY/CEP_W01_W02_C025_CURRENT_HANDOFF_v1.0.md,47
control/00_CONTROLLER_OPERATING_SYSTEM/04_LESSONS/CEP_CONTROLLER_COLAB_RUNTIME_TEST_LESSONS_SUPPLEMENT_v1.0.json,10006,828c5974a0818b523c5ca34910c05358ce29362e05e58f27c8f9e5529a799c28,CURRENT_CONTROLLER_REGISTER_OR_LESSON,FULL_BYTES_AND_STRUCTURED_CONTENT,True,authority/sources/control/00_CONTROLLER_OPERATING_SYSTEM/04_LESSONS/CEP_CONTROLLER_COLAB_RUNTIME_TEST_LESSONS_SUPPLEMENT_v1.0.json,196
control/00_CONTROLLER_OPERATING_SYSTEM/04_LESSONS/CEP_CONTROLLER_COLAB_RUNTIME_TEST_LESSONS_SUPPLEMENT_v1.1.json,1503,783414f427413359812ffbfb2264cfdc0f68f5f8e515655c8e22b0d7326b38d2,CURRENT_CONTROLLER_REGISTER_OR_LESSON,FULL_BYTES_AND_STRUCTURED_CONTENT,True,authority/sources/control/00_CONTROLLER_OPERATING_SYSTEM/04_LESSONS/CEP_CONTROLLER_COLAB_RUNTIME_TEST_LESSONS_SUPPLEMENT_v1.1.json,17
control/00_CONTROLLER_OPERATING_SYSTEM/04_LESSONS/CEP_CONTROLLER_CONTROL_CHANGELOG_v1.0.md,858,611ff2d6b276a24e2552bba8f905a79adc5a92a18bcc4a4141eb755905d49149,CURRENT_CONTROLLER_REGISTER_OR_LESSON,FULL_BYTES_AND_STRUCTURED_CONTENT,True,authority/sources/control/00_CONTROLLER_OPERATING_SYSTEM/04_LESSONS/CEP_CONTROLLER_CONTROL_CHANGELOG_v1.0.md,13
control/00_CONTROLLER_OPERATING_SYSTEM/04_LESSONS/CEP_CONTROLLER_LESSONS_AND_FAILURE_PATTERNS_v1.0.json,7439,a3d2c675ae61f0f184657cbf7ea7d66661b84ca29922670454871f0cf80e7ef9,CURRENT_CONTROLLER_REGISTER_OR_LESSON,FULL_BYTES_AND_STRUCTURED_CONTENT,True,authority/sources/control/00_CONTROLLER_OPERATING_SYSTEM/04_LESSONS/CEP_CONTROLLER_LESSONS_AND_FAILURE_PATTERNS_v1.0.json,150
control/00_CONTROLLER_OPERATING_SYSTEM/05_TEMPLATES/CEP_CONTROLLER_HANDOFF_TEMPLATE_v2.0.md,543,a8487f1ea437f24bb29e12614d165b60085f0f4bd5f65a3e3a733d7fad34c6b2,SUPPORTING_CONTROL_OR_EVIDENCE,FULL_BYTES_AND_STRUCTURED_CONTENT,True,authority/sources/control/00_CONTROLLER_OPERATING_SYSTEM/05_TEMPLATES/CEP_CONTROLLER_HANDOFF_TEMPLATE_v2.0.md,35
control/00_CONTROLLER_OPERATING_SYSTEM/05_TEMPLATES/CEP_CONTROLLER_WAVE_CLOSEOUT_CHECKLIST_v1.0.md,1205,2b35eaeab355929a993694088ea3209eb21d2d63ecd4b85e7c47af1f32f6f000,SUPPORTING_CONTROL_OR_EVIDENCE,FULL_BYTES_AND_STRUCTURED_CONTENT,True,authority/sources/control/00_CONTROLLER_OPERATING_SYSTEM/05_TEMPLATES/CEP_CONTROLLER_WAVE_CLOSEOUT_CHECKLIST_v1.0.md,31
control/00_CONTROLLER_OPERATING_SYSTEM/05_TEMPLATES/CEP_FINAL_RUNTIME_TEST_COLAB_REUSABLE_CHECKLIST_v1.0.md,4189,5c276dc7ebf689f5de279850f975d757b55a4d51ccca2b9335416aa446420252,RUNTIME_METHOD_OR_EVIDENCE,FULL_BYTES_AND_STRUCTURED_CONTENT,True,authority/sources/control/00_CONTROLLER_OPERATING_SYSTEM/05_TEMPLATES/CEP_FINAL_RUNTIME_TEST_COLAB_REUSABLE_CHECKLIST_v1.0.md,106
control/00_CONTROLLER_OPERATING_SYSTEM/06_WORKSPACE_CONTROLS/W01_W02/CEP_CONTROLLER_W01_W02_v1.1.5_PRE_COLAB_MICRO_CORRECTION_REGISTER_v1.0.csv,1338,d0582f126bc97a200f79f4aac4bfc8e235b218a910e7e2f5835dc95fe812c5a6,RUNTIME_METHOD_OR_EVIDENCE,FULL_BYTES_AND_STRUCTURED_CONTENT,True,authority/sources/control/00_CONTROLLER_OPERATING_SYSTEM/06_WORKSPACE_CONTROLS/W01_W02/CEP_CONTROLLER_W01_W02_v1.1.5_PRE_COLAB_MICRO_CORRECTION_REGISTER_v1.0.csv,2
control/00_CONTROLLER_OPERATING_SYSTEM/06_WORKSPACE_CONTROLS/W03/CEP_W03_WORLD_CLASS_PROPOSAL_SECTION_RECONCILIATION_SEED_v1.0.json,44854,5112230f73d6c8874b85c87b5b03599d791df524c4ceecf9b58600b99cfa4bae,CURRENT_W03_CONTROLLER_FINDING_OR_ADJUDICATION,FULL_BYTES_AND_STRUCTURED_CONTENT,True,authority/sources/control/00_CONTROLLER_OPERATING_SYSTEM/06_WORKSPACE_CONTROLS/W03/CEP_W03_WORLD_CLASS_PROPOSAL_SECTION_RECONCILIATION_SEED_v1.0.json,1179
control/00_CONTROLLER_OPERATING_SYSTEM/06_WORKSPACE_CONTROLS/W03/CEP_W03_WORLD_CLASS_PROPOSAL_ZERO_LOSS_RECONCILIATION_MANDATE_v1.0.md,2805,6ae193ec60356a4ec55637ee861f5d9ab7c4efca7d106fd4b02ac0315debd5f1,CURRENT_W03_CONTROLLER_FINDING_OR_ADJUDICATION,FULL_BYTES_AND_STRUCTURED_CONTENT,True,authority/sources/control/00_CONTROLLER_OPERATING_SYSTEM/06_WORKSPACE_CONTROLS/W03/CEP_W03_WORLD_CLASS_PROPOSAL_ZERO_LOSS_RECONCILIATION_MANDATE_v1.0.md,56
control/00_CONTROLLER_OPERATING_SYSTEM/PACKAGE_MANIFEST.json,4867,f2958af631fcf9ed30c423881073d8cd538b288659a9ee4b9d74d24f34ef2aa8,SUPPORTING_CONTROL_OR_EVIDENCE,FULL_BYTES_AND_STRUCTURED_CONTENT,True,authority/sources/control/00_CONTROLLER_OPERATING_SYSTEM/PACKAGE_MANIFEST.json,122
control/00_CURRENT_CONTROL/CEP_CURRENT_CONTROLLER_STATE_v1.6.md,3987,bd134235a790acd3c8650e3976d4450be3ffa679f2d8ee03db005338744fae99,HISTORICAL_SUPERSEDED_CONTROL,FULL_BYTES_AND_STRUCTURED_CONTENT,True,authority/sources/control/00_CURRENT_CONTROL/CEP_CURRENT_CONTROLLER_STATE_v1.6.md,85
control/00_CURRENT_CONTROL/CEP_CURRENT_CONTROLLER_STATE_v1.7.md,3463,1566f02c228164cc1de462deac79a9e5eaa5876eacbda5a3ecbfe5695a0f40df,CURRENT_CONTROLLER_STATE,FULL_BYTES_AND_STRUCTURED_CONTENT,True,authority/sources/control/00_CURRENT_CONTROL/CEP_CURRENT_CONTROLLER_STATE_v1.7.md,77
control/00_CURRENT_CONTROL/CEP_EXECUTION_CONTROL_CENTER_CURRENT_MANIFEST_v1.10.md,2115,ed5ec0ae9d9485573f6e849463331ed781ca9e04dcd1d8e53517816833541cc5,CURRENT_EXECUTION_MANIFEST,FULL_BYTES_AND_STRUCTURED_CONTENT,True,authority/sources/control/00_CURRENT_CONTROL/CEP_EXECUTION_CONTROL_CENTER_CURRENT_MANIFEST_v1.10.md,48
control/00_CURRENT_CONTROL/CEP_EXECUTION_CONTROL_CENTER_CURRENT_MANIFEST_v1.9.md,1747,0e18fcba8b5c83f7c36eeed60ebd5f674ea36616f95170cb923af21fe2d73484,HISTORICAL_SUPERSEDED_CONTROL,FULL_BYTES_AND_STRUCTURED_CONTENT,True,authority/sources/control/00_CURRENT_CONTROL/CEP_EXECUTION_CONTROL_CENTER_CURRENT_MANIFEST_v1.9.md,45
control/00_CURRENT_CONTROL/CEP_EXECUTION_CONTROL_CENTER_README_v2.0.md,2279,df78b1b0d3ebe88aea3526bfb5fb5a6dcfe7b4a0b1122c6857f3c2393e9d2e16,CURRENT_CONTROL_PLANE_README,FULL_BYTES_AND_STRUCTURED_CONTENT,True,authority/sources/control/00_CURRENT_CONTROL/CEP_EXECUTION_CONTROL_CENTER_README_v2.0.md,38
control/01_OWNER_GLOBAL_RULES/CEP_GLOBAL_OWNER_WRITER_RULES_v1.0.md,4544,6f4333cc7a0a510b7f126a357b617266d2c00802ec024b62b232cba4299cdd3d,CURRENT_GOVERNED_OWNER_RULE,FULL_BYTES_AND_STRUCTURED_CONTENT,True,authority/sources/control/01_OWNER_GLOBAL_RULES/CEP_GLOBAL_OWNER_WRITER_RULES_v1.0.md,103
control/01_OWNER_GLOBAL_RULES/CEP_OWNER_BLUEPRINT_TO_PRODUCTION_TRACEABILITY_FACTORY_CONFIRMATION_v1.0.md,6599,64df155d3a4be2edf5a2563a947bd497e2f7d9b6c1b609672fb36aa731d4fc92,CURRENT_DIRECT_OWNER_RULE,FULL_BYTES_AND_STRUCTURED_CONTENT,True,authority/sources/control/01_OWNER_GLOBAL_RULES/CEP_OWNER_BLUEPRINT_TO_PRODUCTION_TRACEABILITY_FACTORY_CONFIRMATION_v1.0.md,146
control/01_OWNER_GLOBAL_RULES/CEP_OWNER_GLOBAL_SPATIAL_AND_VIEW_INTERACTION_ADDENDUM_v1.0.md,3974,003552c3f962dc07966ee47fd8657e49da47e1976b997deb30b0f16e6de372aa,CURRENT_DIRECT_OWNER_RULE,FULL_BYTES_AND_STRUCTURED_CONTENT,True,authority/sources/control/01_OWNER_GLOBAL_RULES/CEP_OWNER_GLOBAL_SPATIAL_AND_VIEW_INTERACTION_ADDENDUM_v1.0.md,57
control/01_OWNER_GLOBAL_RULES/CEP_PRODUCTION_DESTINATION_OWNER_RESOLUTION_PROTOCOL_v1.0.md,3139,c9a1c39317757c876eb0186d5543d4a0fb75edb3272972574bb27069b63eb75f,CURRENT_GOVERNED_OWNER_RULE,FULL_BYTES_AND_STRUCTURED_CONTENT,True,authority/sources/control/01_OWNER_GLOBAL_RULES/CEP_PRODUCTION_DESTINATION_OWNER_RESOLUTION_PROTOCOL_v1.0.md,72
control/02_WRITER_PACKETS/CEP_W01_W02_COLAB_FINAL_RUNTIME_DB_BROWSER_EVIDENCE_PACKET_v1.0.md,2821,66cfbbb919ff0e50cc8ab5f97af5d54292b96359019ebd01a5e53566cbadc509,RUNTIME_METHOD_OR_EVIDENCE,FULL_BYTES_AND_STRUCTURED_CONTENT,True,authority/sources/control/02_WRITER_PACKETS/CEP_W01_W02_COLAB_FINAL_RUNTIME_DB_BROWSER_EVIDENCE_PACKET_v1.0.md,58
control/02_WRITER_PACKETS/CEP_WRITER_A_W03_v3.3.1_OWNER_DIRECT_REVIEW_CORRECTION_PACKET_v1.1_ZERO_LOSS_HARDENED.md,3432,a875a343b0862098cd2f2376751d615d4007e99be5e5930408e5ee6da63bcede,WRITER_PACKET_OR_HANDOFF,FULL_BYTES_AND_STRUCTURED_CONTENT,True,authority/sources/control/02_WRITER_PACKETS/CEP_WRITER_A_W03_v3.3.1_OWNER_DIRECT_REVIEW_CORRECTION_PACKET_v1.1_ZERO_LOSS_HARDENED.md,65
control/04_WRITER_HANDOFFS/W01_W02/CEP_W01_W02_WRITER_B_FINAL_CLOSURE_HANDOFF_AR_v1.1.4.md,1907,ed2853799ee3b6472689d0e01aba49b0393e8a5fcfd4b8a20ae47a5e9d57b0ec,WRITER_PACKET_OR_HANDOFF,FULL_BYTES_AND_STRUCTURED_CONTENT,True,authority/sources/control/04_WRITER_HANDOFFS/W01_W02/CEP_W01_W02_WRITER_B_FINAL_CLOSURE_HANDOFF_AR_v1.1.4.md,28
control/04_WRITER_HANDOFFS/W01_W02/CEP_W01_W02_WRITER_B_PRE_COLAB_SOURCE_COMPLETION_HANDOFF_AR_v1.1.5.md,5718,40c50501b3a4a7bda932ed12a6263071974a6934efd5716ebe9e7d95c241a9d6,WRITER_PACKET_OR_HANDOFF,FULL_BYTES_AND_STRUCTURED_CONTENT,True,authority/sources/control/04_WRITER_HANDOFFS/W01_W02/CEP_W01_W02_WRITER_B_PRE_COLAB_SOURCE_COMPLETION_HANDOFF_AR_v1.1.5.md,108
control/04_WRITER_HANDOFFS/W01_W02/CEP_W01_W02_WRITER_B_PRE_COLAB_SOURCE_COMPLETION_VERIFICATION_AR_v1.1.5.md,1238,76a9128a6064845234a9753fc24daa75e76dbec83a589795cef51d2abed183a2,WRITER_PACKET_OR_HANDOFF,FULL_BYTES_AND_STRUCTURED_CONTENT,True,authority/sources/control/04_WRITER_HANDOFFS/W01_W02/CEP_W01_W02_WRITER_B_PRE_COLAB_SOURCE_COMPLETION_VERIFICATION_AR_v1.1.5.md,32
control/04_WRITER_HANDOFFS/W01_W02/CEP_W01_W02_WRITER_B_V1.1.1_DELIVERY_SHA256.txt,462,3d815a83864eec5196f62d1f9697b5d5460cabf2d4e007db4fd188d0de9cc37f,WRITER_PACKET_OR_HANDOFF,FULL_BYTES_AND_STRUCTURED_CONTENT,True,authority/sources/control/04_WRITER_HANDOFFS/W01_W02/CEP_W01_W02_WRITER_B_V1.1.1_DELIVERY_SHA256.txt,3
control/04_WRITER_HANDOFFS/W01_W02/CEP_W01_W02_WRITER_B_V1_1_1_REVIEW_HARDENED_HANDOFF_AR.md,7881,df3d765b4ad0c5d9843c6fc39dc92f172f8b6ef290cbacdd7155733874ef6121,WRITER_PACKET_OR_HANDOFF,FULL_BYTES_AND_STRUCTURED_CONTENT,True,authority/sources/control/04_WRITER_HANDOFFS/W01_W02/CEP_W01_W02_WRITER_B_V1_1_1_REVIEW_HARDENED_HANDOFF_AR.md,111
control/04_WRITER_HANDOFFS/W01_W02/CEP_W01_W02_WRITER_B_v1.1.4_DELIVERY_SHA256.txt,1493,4fd94dfc333dae004154fb93decacfb1e6c2facf46cb958c36ef4f2021c05525,WRITER_PACKET_OR_HANDOFF,FULL_BYTES_AND_STRUCTURED_CONTENT,True,authority/sources/control/04_WRITER_HANDOFFS/W01_W02/CEP_W01_W02_WRITER_B_v1.1.4_DELIVERY_SHA256.txt,10
control/04_WRITER_HANDOFFS/W01_W02/CEP_W01_W02_WRITER_B_v1.1.5_FINAL_SHA256.txt,1035,52e55a94d346763e196ea944764270bc47faaa94c718d60c50644457512cefd0,WRITER_PACKET_OR_HANDOFF,FULL_BYTES_AND_STRUCTURED_CONTENT,True,authority/sources/control/04_WRITER_HANDOFFS/W01_W02/CEP_W01_W02_WRITER_B_v1.1.5_FINAL_SHA256.txt,7
control/04_WRITER_HANDOFFS/W01_W02/CEP_W01_W02_ZERO_ORPHAN_PRODUCTION_TRACEABILITY_GATE_v1.1.1.md,2888,88535fd8e81efdd306065a7df6d94f668d570e56f63a5e5c8148793ae09d83d6,TRACEABILITY_OR_ASSURANCE_EVIDENCE,FULL_BYTES_AND_STRUCTURED_CONTENT,True,authority/sources/control/04_WRITER_HANDOFFS/W01_W02/CEP_W01_W02_ZERO_ORPHAN_PRODUCTION_TRACEABILITY_GATE_v1.1.1.md,34
control/04_WRITER_HANDOFFS/W01_W02/CEP_W01_W02_v1.1.5.1_FINAL_SHA256.txt,322,c2574eef29daee11cd363c7dd51f1af366495ee4fe3660aea66a9983718eb7f4,SUPPORTING_CONTROL_OR_EVIDENCE,FULL_BYTES_AND_STRUCTURED_CONTENT,True,authority/sources/control/04_WRITER_HANDOFFS/W01_W02/CEP_W01_W02_v1.1.5.1_FINAL_SHA256.txt,2
control/04_WRITER_HANDOFFS/W03/CEP_W03_v3.3.1_CONTROLLER_BOUNDED_CORRECTION_DELIVERY_RECEIPT.json,2646,657d40483c996588ccccb2832829612ca0255cf2e2723aafe7bed50fd35f8780,CURRENT_W03_CONTROLLER_FINDING_OR_ADJUDICATION,FULL_BYTES_AND_STRUCTURED_CONTENT,True,authority/sources/control/04_WRITER_HANDOFFS/W03/CEP_W03_v3.3.1_CONTROLLER_BOUNDED_CORRECTION_DELIVERY_RECEIPT.json,69
control/04_WRITER_HANDOFFS/W03/CEP_W03_v3.3_WRITER_A_DELIVERY_RECEIPT.json,2508,ea46ebc64167a2a6e7e67f3455c4d665e58e6a4a3be7e84186de2d47e6db8a7e,WRITER_PACKET_OR_HANDOFF,FULL_BYTES_AND_STRUCTURED_CONTENT,True,authority/sources/control/04_WRITER_HANDOFFS/W03/CEP_W03_v3.3_WRITER_A_DELIVERY_RECEIPT.json,59
control/04_WRITER_HANDOFFS/W03/CEP_W03_v3.4_ALL_FIVE_SURFACE_SHARED_MECHANICS_PARITY_MATRIX.csv,2409,010a54babc703e7c258ce0671490c11099bc39d0813d2ef6f6628a000697ff95,W03_WRITER_CANDIDATE_OR_EVIDENCE,FULL_BYTES_AND_STRUCTURED_CONTENT,True,authority/sources/control/04_WRITER_HANDOFFS/W03/CEP_W03_v3.4_ALL_FIVE_SURFACE_SHARED_MECHANICS_PARITY_MATRIX.csv,13
control/04_WRITER_HANDOFFS/W03/CEP_W03_v3.4_DONOR_INHERITANCE_BEHAVIORAL_MATRIX.csv,3280,66ea7270db5e885ff2d56ee4860721cd7afe52c6070546424c7da533060db6ea,W03_WRITER_CANDIDATE_OR_EVIDENCE,FULL_BYTES_AND_STRUCTURED_CONTENT,True,authority/sources/control/04_WRITER_HANDOFFS/W03/CEP_W03_v3.4_DONOR_INHERITANCE_BEHAVIORAL_MATRIX.csv,13
control/04_WRITER_HANDOFFS/W03/CEP_W03_v3.4_EXACT_ROUTE_STATUS.json,10269,8635db766216909632d89e6c77b7995d809c75af65ef248af9127c8c87b63cbb,W03_WRITER_CANDIDATE_OR_EVIDENCE,FULL_BYTES_AND_STRUCTURED_CONTENT,True,authority/sources/control/04_WRITER_HANDOFFS/W03/CEP_W03_v3.4_EXACT_ROUTE_STATUS.json,160
control/04_WRITER_HANDOFFS/W03/CEP_W03_v3.4_INTERACTION_ACCEPTANCE_MATRIX_COMPLETED.csv,17314,e5d1b26ffc0dcf63208a2f586b9ed64a2f26150bac9746303c5bf906c321aeb5,W03_WRITER_CANDIDATE_OR_EVIDENCE,FULL_BYTES_AND_STRUCTURED_CONTENT,True,authority/sources/control/04_WRITER_HANDOFFS/W03/CEP_W03_v3.4_INTERACTION_ACCEPTANCE_MATRIX_COMPLETED.csv,39
control/04_WRITER_HANDOFFS/W03/CEP_W03_v3.4_MANIFEST_SHA256.csv,36432,abbfbe1085de005656b1777d2ee1a648fc00b9c668557cceb2f57c27d8d4c38c,W03_WRITER_CANDIDATE_OR_EVIDENCE,FULL_BYTES_AND_STRUCTURED_CONTENT,True,authority/sources/control/04_WRITER_HANDOFFS/W03/CEP_W03_v3.4_MANIFEST_SHA256.csv,254
control/04_WRITER_HANDOFFS/W03/CEP_W03_v3.4_ODR_CORRECTION_REGISTER_UPDATED.csv,24967,9e32ef9d6e35f4e770b5b5d3606664e209b2557a89f31e89039bb069d014abad,W03_WRITER_CANDIDATE_OR_EVIDENCE,FULL_BYTES_AND_STRUCTURED_CONTENT,True,authority/sources/control/04_WRITER_HANDOFFS/W03/CEP_W03_v3.4_ODR_CORRECTION_REGISTER_UPDATED.csv,21
control/04_WRITER_HANDOFFS/W03/CEP_W03_v3.4_OWNER_DIRECT_REVIEW_CORRECTION_DELIVERY_RECEIPT.json,1738,24c47d75ae1f3952c88f1041be6f45e8388c56bc13aa6ecb38eaa226999ad40b,W03_WRITER_CANDIDATE_OR_EVIDENCE,FULL_BYTES_AND_STRUCTURED_CONTENT,True,authority/sources/control/04_WRITER_HANDOFFS/W03/CEP_W03_v3.4_OWNER_DIRECT_REVIEW_CORRECTION_DELIVERY_RECEIPT.json,40
control/04_WRITER_HANDOFFS/W03/CEP_W03_v3.4_SOURCE_IDENTITY.json,846,459d3c2930eeb9f9346465d7aaeceb8e6a3f405bdee5b08f401abfe783497f1a,W03_WRITER_CANDIDATE_OR_EVIDENCE,FULL_BYTES_AND_STRUCTURED_CONTENT,True,authority/sources/control/04_WRITER_HANDOFFS/W03/CEP_W03_v3.4_SOURCE_IDENTITY.json,17
control/04_WRITER_HANDOFFS/W03/CEP_W03_v3.4_TEST_RECEIPT.json,2167,1b95735651b669698eb78a34d73ec31e0d8ee31c3a8c003996effabd188ff999,W03_WRITER_CANDIDATE_OR_EVIDENCE,FULL_BYTES_AND_STRUCTURED_CONTENT,True,authority/sources/control/04_WRITER_HANDOFFS/W03/CEP_W03_v3.4_TEST_RECEIPT.json,82
control/04_WRITER_HANDOFFS/W03/CEP_W03_v3.4_WRITER_CANDIDATE_STATUS.md,1345,2907786ed4d983d97d813fc0c42051c721e6cd2b065c8f5bc886d1d21301aa56,W03_WRITER_CANDIDATE_OR_EVIDENCE,FULL_BYTES_AND_STRUCTURED_CONTENT,True,authority/sources/control/04_WRITER_HANDOFFS/W03/CEP_W03_v3.4_WRITER_CANDIDATE_STATUS.md,25
control/05_TRACEABILITY_ASSURANCE/CEP_LIBRARY_BLUEPRINT_TO_PRODUCTION_ASSURANCE_FACTORY_v1.0.json,1106,3bde39a49bb36c6d29f9e0cecc32203adbe159bb5c944eddbaf0b1bfc60dd89e,LIBRARY_TRACEABILITY_EVIDENCE,FULL_BYTES_AND_STRUCTURED_CONTENT,True,authority/sources/control/05_TRACEABILITY_ASSURANCE/CEP_LIBRARY_BLUEPRINT_TO_PRODUCTION_ASSURANCE_FACTORY_v1.0.json,37
control/05_TRACEABILITY_ASSURANCE/CEP_LIBRARY_BLUEPRINT_TO_PRODUCTION_TRACEABILITY_MATRIX_v1.0.csv,23689,a6023607f62a8e79d15245554fc27511bc2a1ef2001844257a44b3ca67c50a0e,LIBRARY_TRACEABILITY_EVIDENCE,FULL_BYTES_AND_STRUCTURED_CONTENT,True,authority/sources/control/05_TRACEABILITY_ASSURANCE/CEP_LIBRARY_BLUEPRINT_TO_PRODUCTION_TRACEABILITY_MATRIX_v1.0.csv,61
control/05_TRACEABILITY_ASSURANCE/CEP_OWNER_DIRECT_REVIEW_W03_v3.3.1_CORRECTION_REGISTER_v1.0.csv,18419,5d70981c74e56ddf21dcfd22ae5d5171c980583f9d17994c134ce3f134f466f9,CURRENT_W03_CONTROLLER_FINDING_OR_ADJUDICATION,FULL_BYTES_AND_STRUCTURED_CONTENT,True,authority/sources/control/05_TRACEABILITY_ASSURANCE/CEP_OWNER_DIRECT_REVIEW_W03_v3.3.1_CORRECTION_REGISTER_v1.0.csv,21
control/05_TRACEABILITY_ASSURANCE/CEP_OWNER_DIRECT_REVIEW_W03_v3.3.1_INTERACTION_ACCEPTANCE_MATRIX_v1.0.csv,10746,fcfe2b5a020422d9970d68dc0569faeee985aaf90e0d3303f41dcb1db1fefaf1,CURRENT_W03_CONTROLLER_FINDING_OR_ADJUDICATION,FULL_BYTES_AND_STRUCTURED_CONTENT,True,authority/sources/control/05_TRACEABILITY_ASSURANCE/CEP_OWNER_DIRECT_REVIEW_W03_v3.3.1_INTERACTION_ACCEPTANCE_MATRIX_v1.0.csv,39
control/05_TRACEABILITY_ASSURANCE/CEP_W01_W02_BLUEPRINT_TO_PRODUCTION_TRACEABILITY_MATRIX_v1.1.2_CONTROLLER_ADJUDICATED.csv,183826,6e18805b8109b30073ff7dca17e7b54f67e103786ef1e61abc65751714aab3ef,TRACEABILITY_OR_ASSURANCE_EVIDENCE,FULL_BYTES_AND_STRUCTURED_CONTENT,True,authority/sources/control/05_TRACEABILITY_ASSURANCE/CEP_W01_W02_BLUEPRINT_TO_PRODUCTION_TRACEABILITY_MATRIX_v1.1.2_CONTROLLER_ADJUDICATED.csv,81
control/05_TRACEABILITY_ASSURANCE/CEP_W01_W02_BLUEPRINT_TO_PRODUCTION_TRACEABILITY_MATRIX_v1.1.2_CONTROLLER_ADJUDICATED.json,255232,89587f75ff6931f0f676749c18a38ac88e3f14092fae54fccc40dfaf16945eb1,TRACEABILITY_OR_ASSURANCE_EVIDENCE,FULL_BYTES_AND_STRUCTURED_CONTENT,True,authority/sources/control/05_TRACEABILITY_ASSURANCE/CEP_W01_W02_BLUEPRINT_TO_PRODUCTION_TRACEABILITY_MATRIX_v1.1.2_CONTROLLER_ADJUDICATED.json,2722
control/05_TRACEABILITY_ASSURANCE/CEP_W01_W02_BLUEPRINT_TO_PRODUCTION_TRACEABILITY_MATRIX_v1.1.4_FINAL_CLOSURE_HARDENED.json,415753,f4ca55a01f95be0a489ad1d74d1145e5da86393201ed977b80dde9c6465068ca,TRACEABILITY_OR_ASSURANCE_EVIDENCE,FULL_BYTES_AND_STRUCTURED_CONTENT,True,authority/sources/control/05_TRACEABILITY_ASSURANCE/CEP_W01_W02_BLUEPRINT_TO_PRODUCTION_TRACEABILITY_MATRIX_v1.1.4_FINAL_CLOSURE_HARDENED.json,3202
control/05_TRACEABILITY_ASSURANCE/CEP_W01_W02_BLUEPRINT_TO_PRODUCTION_TRACEABILITY_MATRIX_v1.1.5_PRE_COLAB_SOURCE_COMPLETE.csv,338066,935cf1c766bb2a7aaa4158c6eb27ee0a2aba50d8fe46437e064387fd59875af5,TRACEABILITY_OR_ASSURANCE_EVIDENCE,FULL_BYTES_AND_STRUCTURED_CONTENT,True,authority/sources/control/05_TRACEABILITY_ASSURANCE/CEP_W01_W02_BLUEPRINT_TO_PRODUCTION_TRACEABILITY_MATRIX_v1.1.5_PRE_COLAB_SOURCE_COMPLETE.csv,81
control/05_TRACEABILITY_ASSURANCE/CEP_W01_W02_BLUEPRINT_TO_PRODUCTION_TRACEABILITY_MATRIX_v1.1.5_PRE_COLAB_SOURCE_COMPLETE.json,428091,26aa851c316432b36045e07ebec56d92b2dd050f8ca89c6b8d0735562114f645,TRACEABILITY_OR_ASSURANCE_EVIDENCE,FULL_BYTES_AND_STRUCTURED_CONTENT,True,authority/sources/control/05_TRACEABILITY_ASSURANCE/CEP_W01_W02_BLUEPRINT_TO_PRODUCTION_TRACEABILITY_MATRIX_v1.1.5_PRE_COLAB_SOURCE_COMPLETE.json,3202
control/05_TRACEABILITY_ASSURANCE/CEP_W01_W02_C001_C032_CORRECTION_LEDGER_v1.1.4_FINAL_CLOSURE_HARDENED.csv,34617,188c7713206a6b212949961e2ff397f5417bbf78a164179aede6b581bf803535,TRACEABILITY_OR_ASSURANCE_EVIDENCE,FULL_BYTES_AND_STRUCTURED_CONTENT,True,authority/sources/control/05_TRACEABILITY_ASSURANCE/CEP_W01_W02_C001_C032_CORRECTION_LEDGER_v1.1.4_FINAL_CLOSURE_HARDENED.csv,33
control/05_TRACEABILITY_ASSURANCE/CEP_W01_W02_C001_C032_CORRECTION_LEDGER_v1.1.5_PRE_COLAB_SOURCE_COMPLETE.csv,36088,7d9599c70cfc41ac32c4391af9de1c79940e61f6129d4352ae548458c2344e52,TRACEABILITY_OR_ASSURANCE_EVIDENCE,FULL_BYTES_AND_STRUCTURED_CONTENT,True,authority/sources/control/05_TRACEABILITY_ASSURANCE/CEP_W01_W02_C001_C032_CORRECTION_LEDGER_v1.1.5_PRE_COLAB_SOURCE_COMPLETE.csv,33
control/05_TRACEABILITY_ASSURANCE/CEP_W01_W02_C001_C032_CORRECTION_LEDGER_v1.1.5_PRE_COLAB_SOURCE_COMPLETE.json,50992,4598bc43acbfb4e66fbca1bf07d031f3b9b6e7e0e4e38adb78555406a8da142c,TRACEABILITY_OR_ASSURANCE_EVIDENCE,FULL_BYTES_AND_STRUCTURED_CONTENT,True,authority/sources/control/05_TRACEABILITY_ASSURANCE/CEP_W01_W02_C001_C032_CORRECTION_LEDGER_v1.1.5_PRE_COLAB_SOURCE_COMPLETE.json,546
control/05_TRACEABILITY_ASSURANCE/CEP_W01_W02_EXPLICIT_GATES_REGISTER_v1.1.4_FINAL_CLOSURE_HARDENED.csv,4194,7345830656c3b467dc668e0e8c4a55b3887981ae2458a4ed8ec9ae603a3d1beb,TRACEABILITY_OR_ASSURANCE_EVIDENCE,FULL_BYTES_AND_STRUCTURED_CONTENT,True,authority/sources/control/05_TRACEABILITY_ASSURANCE/CEP_W01_W02_EXPLICIT_GATES_REGISTER_v1.1.4_FINAL_CLOSURE_HARDENED.csv,9
control/05_TRACEABILITY_ASSURANCE/CEP_W01_W02_EXPLICIT_REMAINING_GATES_REGISTER_v1.1.5_PRE_COLAB.csv,5582,cb2ac76bfc1c9607f15d5d0c6c09adeab2e2141af4ad691ec0521d70e7623281,TRACEABILITY_OR_ASSURANCE_EVIDENCE,FULL_BYTES_AND_STRUCTURED_CONTENT,True,authority/sources/control/05_TRACEABILITY_ASSURANCE/CEP_W01_W02_EXPLICIT_REMAINING_GATES_REGISTER_v1.1.5_PRE_COLAB.csv,13
control/05_TRACEABILITY_ASSURANCE/CEP_W01_W02_FINAL_CLOSURE_TEST_AND_ASSURANCE_RECEIPT_v1.1.4.json,4952,cdb2269b9811f8537e4914381e97c8ba16e83865c995245c9d7345dc31b00682,TRACEABILITY_OR_ASSURANCE_EVIDENCE,FULL_BYTES_AND_STRUCTURED_CONTENT,True,authority/sources/control/05_TRACEABILITY_ASSURANCE/CEP_W01_W02_FINAL_CLOSURE_TEST_AND_ASSURANCE_RECEIPT_v1.1.4.json,144
control/05_TRACEABILITY_ASSURANCE/CEP_W01_W02_PRE_COLAB_SOURCE_COMPLETION_ACCEPTANCE_MATRIX_v1.0.csv,3065,6c8402ecf2ca7663509041d16c886f66dd2702e055738b9e159a2da5bcd7608e,TRACEABILITY_OR_ASSURANCE_EVIDENCE,FULL_BYTES_AND_STRUCTURED_CONTENT,True,authority/sources/control/05_TRACEABILITY_ASSURANCE/CEP_W01_W02_PRE_COLAB_SOURCE_COMPLETION_ACCEPTANCE_MATRIX_v1.0.csv,10
control/05_TRACEABILITY_ASSURANCE/CEP_W01_W02_PRE_COLAB_SOURCE_COMPLETION_ACCEPTANCE_MATRIX_v1.1.5_COMPLETED.csv,6955,d941e0aef7538ff382f05324467673b993a757d6939ac1846a742e7850b15a20,TRACEABILITY_OR_ASSURANCE_EVIDENCE,FULL_BYTES_AND_STRUCTURED_CONTENT,True,authority/sources/control/05_TRACEABILITY_ASSURANCE/CEP_W01_W02_PRE_COLAB_SOURCE_COMPLETION_ACCEPTANCE_MATRIX_v1.1.5_COMPLETED.csv,10
control/05_TRACEABILITY_ASSURANCE/CEP_W01_W02_PRE_COLAB_TEST_AND_SEMANTIC_RECEIPT_v1.1.5.json,6459,f375279ca5f256f674c8f23373bd855800e2bf42fecdff8758a0804a695fc9fc,TRACEABILITY_OR_ASSURANCE_EVIDENCE,FULL_BYTES_AND_STRUCTURED_CONTENT,True,authority/sources/control/05_TRACEABILITY_ASSURANCE/CEP_W01_W02_PRE_COLAB_TEST_AND_SEMANTIC_RECEIPT_v1.1.5.json,159
control/05_TRACEABILITY_ASSURANCE/CEP_W01_W02_ZERO_ORPHAN_AND_FINAL_IMPLEMENTATION_GATE_v1.1.4.md,1395,dba06f4fb3ab9bdaff0a54666bf2237b9614c92124658b12a1735df3fd4791ff,TRACEABILITY_OR_ASSURANCE_EVIDENCE,FULL_BYTES_AND_STRUCTURED_CONTENT,True,authority/sources/control/05_TRACEABILITY_ASSURANCE/CEP_W01_W02_ZERO_ORPHAN_AND_FINAL_IMPLEMENTATION_GATE_v1.1.4.md,31
control/05_TRACEABILITY_ASSURANCE/CEP_W01_W02_ZERO_ORPHAN_AND_PRE_COLAB_SOURCE_GATE_v1.1.5.md,943,39a5253de6026f970e71a254803f5c842ebdf1e1b401948395cf07a35c1862c3,TRACEABILITY_OR_ASSURANCE_EVIDENCE,FULL_BYTES_AND_STRUCTURED_CONTENT,True,authority/sources/control/05_TRACEABILITY_ASSURANCE/CEP_W01_W02_ZERO_ORPHAN_AND_PRE_COLAB_SOURCE_GATE_v1.1.5.md,20
control/05_TRACEABILITY_ASSURANCE/CEP_W01_W02_ZERO_ORPHAN_PRODUCTION_TRACEABILITY_GATE_v1.1.2_CONTROLLER_ADJUDICATED.md,1241,e1de3eb719bb89db781170d1455a0fbe7709f2172b0c6ce7ccce3449710e9f02,TRACEABILITY_OR_ASSURANCE_EVIDENCE,FULL_BYTES_AND_STRUCTURED_CONTENT,True,authority/sources/control/05_TRACEABILITY_ASSURANCE/CEP_W01_W02_ZERO_ORPHAN_PRODUCTION_TRACEABILITY_GATE_v1.1.2_CONTROLLER_ADJUDICATED.md,36
control/06_BROWSER_VISUAL_EVIDENCE/CEP_CONTROLLER_W03_v3.3_VISUAL_REVIEW_RECEIPT_v1.0.json,718,25fe09cfe8bf007ca56412a7223a36b2c58d6c7a6384d1c3040648c785f506fc,CURRENT_W03_CONTROLLER_FINDING_OR_ADJUDICATION,FULL_BYTES_AND_STRUCTURED_CONTENT,True,authority/sources/control/06_BROWSER_VISUAL_EVIDENCE/CEP_CONTROLLER_W03_v3.3_VISUAL_REVIEW_RECEIPT_v1.0.json,22
control/07_CONTROLLER_REVIEWS/CEP_CONTROLLER_ADJUDICATION_W01_W02_C004_AND_LINKED_STICKY_NOTES_v1.0.md,2592,30f0987997c360dd0c94ce1359185236c6392932a0c45c6680d3d75add5a5af6,CURRENT_CONTROLLER_ADJUDICATION,FULL_BYTES_AND_STRUCTURED_CONTENT,True,authority/sources/control/07_CONTROLLER_REVIEWS/CEP_CONTROLLER_ADJUDICATION_W01_W02_C004_AND_LINKED_STICKY_NOTES_v1.0.md,89
control/07_CONTROLLER_REVIEWS/CEP_CONTROLLER_ADJUDICATION_W01_W02_PRE_COLAB_SOURCE_COMPLETION_v1.0.md,10856,ab8c78bcdd78b2f9a22b0929a5289eb0694929b056c1912417368888bdd2b649,CURRENT_CONTROLLER_ADJUDICATION,FULL_BYTES_AND_STRUCTURED_CONTENT,True,authority/sources/control/07_CONTROLLER_REVIEWS/CEP_CONTROLLER_ADJUDICATION_W01_W02_PRE_COLAB_SOURCE_COMPLETION_v1.0.md,242
control/07_CONTROLLER_REVIEWS/CEP_CONTROLLER_INDEPENDENT_REVIEW_W01_W02_v1.1.1_v1.0.md,5014,5f4a9ea2cda1f5f20f5199d4e16805dc4c6847d35cd4f89bfe96180e12165699,INDEPENDENT_CONTROLLER_REVIEW_EVIDENCE,FULL_BYTES_AND_STRUCTURED_CONTENT,True,authority/sources/control/07_CONTROLLER_REVIEWS/CEP_CONTROLLER_INDEPENDENT_REVIEW_W01_W02_v1.1.1_v1.0.md,147
control/07_CONTROLLER_REVIEWS/CEP_CONTROLLER_INDEPENDENT_REVIEW_W01_W02_v1.1.5_PRE_COLAB_v1.0.md,5199,32069d8fdf0379afef20fd99b1016149e986a0572609196bb351560583ab3899,INDEPENDENT_CONTROLLER_REVIEW_EVIDENCE,FULL_BYTES_AND_STRUCTURED_CONTENT,True,authority/sources/control/07_CONTROLLER_REVIEWS/CEP_CONTROLLER_INDEPENDENT_REVIEW_W01_W02_v1.1.5_PRE_COLAB_v1.0.md,97
control/07_CONTROLLER_REVIEWS/CEP_CONTROLLER_INDEPENDENT_REVIEW_W03_v3.3_v1.0.md,6689,0b4aa97c6e7cb8a859fece91bd4661d2363c10e89baf7abf2b1fc94be3d6b28d,INDEPENDENT_CONTROLLER_REVIEW_EVIDENCE,FULL_BYTES_AND_STRUCTURED_CONTENT,True,authority/sources/control/07_CONTROLLER_REVIEWS/CEP_CONTROLLER_INDEPENDENT_REVIEW_W03_v3.3_v1.0.md,163
control/07_CONTROLLER_REVIEWS/CEP_CONTROLLER_W01_W02_v1.1.5.1_PRE_COLAB_FINAL_DELIVERY_RECEIPT.json,1630,bb25e22b441cf40ebb01319ce019ec003152e7da463097a8c053231c7613775f,TRACEABILITY_OR_ASSURANCE_EVIDENCE,FULL_BYTES_AND_STRUCTURED_CONTENT,True,authority/sources/control/07_CONTROLLER_REVIEWS/CEP_CONTROLLER_W01_W02_v1.1.5.1_PRE_COLAB_FINAL_DELIVERY_RECEIPT.json,46
control/07_CONTROLLER_REVIEWS/CEP_OWNER_DIRECT_REVIEW_W03_v3.3.1_FINDINGS_AND_DECISIONS_v1.0.md,8559,c84c014c6d7f996be3ae7e7f681e2e2f35e72b503af3cf88351e16ce0544053a,CURRENT_W03_CONTROLLER_FINDING_OR_ADJUDICATION,FULL_BYTES_AND_STRUCTURED_CONTENT,True,authority/sources/control/07_CONTROLLER_REVIEWS/CEP_OWNER_DIRECT_REVIEW_W03_v3.3.1_FINDINGS_AND_DECISIONS_v1.0.md,64
control/07_CONTROLLER_REVIEWS/CEP_W01_W02_C025_FORENSIC_EXECUTION_REPORT_v1.0.md,6760,0c6c7d912c46f60d4bd5dfd43d376cecd933e1ea6269083512c190bb3916d358,SUPPORTING_CONTROL_OR_EVIDENCE,FULL_BYTES_AND_STRUCTURED_CONTENT,True,authority/sources/control/07_CONTROLLER_REVIEWS/CEP_W01_W02_C025_FORENSIC_EXECUTION_REPORT_v1.0.md,183
control/07_CONTROLLER_REVIEWS/CEP_W01_W02_POST_DEEP_AUDIT_SUCCESSOR_CONTROL_CYCLE1_v1.0.md,4833,2d1830a951c9aec5dbac02b525f381b9416b1593bfb8e2a03684b0102f7ff550,SUPPORTING_CONTROL_OR_EVIDENCE,FULL_BYTES_AND_STRUCTURED_CONTENT,True,authority/sources/control/07_CONTROLLER_REVIEWS/CEP_W01_W02_POST_DEEP_AUDIT_SUCCESSOR_CONTROL_CYCLE1_v1.0.md,65
control/07_CONTROLLER_REVIEWS/CEP_W01_W02_WRITER_B_FINAL_CLOSURE_VERIFICATION_AR_v1.1.4.md,4074,b33cb88e89c3c117ef9501aaf08118c451e9cfa55bc99bc44825b3a4ff5d2e48,INDEPENDENT_CONTROLLER_REVIEW_EVIDENCE,FULL_BYTES_AND_STRUCTURED_CONTENT,True,authority/sources/control/07_CONTROLLER_REVIEWS/CEP_W01_W02_WRITER_B_FINAL_CLOSURE_VERIFICATION_AR_v1.1.4.md,57
control/07_CONTROLLER_REVIEWS/CEP_W03_v3.2_CONTROLLER_CYCLE_RESULT.md,3548,45eb63fee09ef98dd272b8548694072a9f39c11ad658b4480a215c56bfbe39a9,CURRENT_W03_CONTROLLER_FINDING_OR_ADJUDICATION,FULL_BYTES_AND_STRUCTURED_CONTENT,True,authority/sources/control/07_CONTROLLER_REVIEWS/CEP_W03_v3.2_CONTROLLER_CYCLE_RESULT.md,50
control/07_CONTROLLER_REVIEWS/CEP_W03_v3.2_RECONCILED_BOUNDED_CORRECTION_DELIVERY_RECEIPT.json,568,044d7cf33b51cdbdf3b265da4f04658e265633a5e07cfaca0ae74fe6f0de912e,CURRENT_W03_CONTROLLER_FINDING_OR_ADJUDICATION,FULL_BYTES_AND_STRUCTURED_CONTENT,True,authority/sources/control/07_CONTROLLER_REVIEWS/CEP_W03_v3.2_RECONCILED_BOUNDED_CORRECTION_DELIVERY_RECEIPT.json,13
control/08_COLAB_TASKS/W01_W02_FINAL_EVIDENCE_01/CEP_W01_W02_CELL_02_5_STATIC_VALIDATION_RECEIPT_v1.0.json,1279,991663909b75739695304af41defbc222e5dc33a9f9d53e52ebc12a744852d4d,TRACEABILITY_OR_ASSURANCE_EVIDENCE,FULL_BYTES_AND_STRUCTURED_CONTENT,True,authority/sources/control/08_COLAB_TASKS/W01_W02_FINAL_EVIDENCE_01/CEP_W01_W02_CELL_02_5_STATIC_VALIDATION_RECEIPT_v1.0.json,32
control/08_COLAB_TASKS/W01_W02_FINAL_EVIDENCE_01/CEP_W01_W02_COLAB_CLEAN_PROVEN_PATH_v1.0.1_SHA256.txt,115,2a8a9f925838d810267158da8853fe8ca6232b32aebf10d076519b90e5fdff8c,RUNTIME_METHOD_OR_EVIDENCE,FULL_BYTES_AND_STRUCTURED_CONTENT,True,authority/sources/control/08_COLAB_TASKS/W01_W02_FINAL_EVIDENCE_01/CEP_W01_W02_COLAB_CLEAN_PROVEN_PATH_v1.0.1_SHA256.txt,1
control/08_COLAB_TASKS/W01_W02_FINAL_EVIDENCE_01/CEP_W01_W02_COLAB_CLEAN_PROVEN_PATH_v1.0_SHA256.txt,113,d3fc6a9b6a370e05f9b59a0c4393fd6eff95a957bf654e6d63307096eb356701,RUNTIME_METHOD_OR_EVIDENCE,FULL_BYTES_AND_STRUCTURED_CONTENT,True,authority/sources/control/08_COLAB_TASKS/W01_W02_FINAL_EVIDENCE_01/CEP_W01_W02_COLAB_CLEAN_PROVEN_PATH_v1.0_SHA256.txt,1
control/08_COLAB_TASKS/W01_W02_FINAL_EVIDENCE_01/CEP_W01_W02_COLAB_FINAL_EVIDENCE_TASK_v1.0_SHA256.txt,113,153af9d04ee4d35053a8579a32ff2abae2a581f600079e927a1a605c0458a1d7,RUNTIME_METHOD_OR_EVIDENCE,FULL_BYTES_AND_STRUCTURED_CONTENT,True,authority/sources/control/08_COLAB_TASKS/W01_W02_FINAL_EVIDENCE_01/CEP_W01_W02_COLAB_FINAL_EVIDENCE_TASK_v1.0_SHA256.txt,1
control/08_COLAB_TASKS/W01_W02_FINAL_EVIDENCE_01/CEP_W01_W02_COLAB_TASK_C025_TO_C026_CUSTODY_BRIDGE_ADDENDUM_v1.0.md,1507,3ed7cd74b38eb1e1d3f4f75bda594539b0520d111f5077581c20417b0e0ed13e,RUNTIME_METHOD_OR_EVIDENCE,FULL_BYTES_AND_STRUCTURED_CONTENT,True,authority/sources/control/08_COLAB_TASKS/W01_W02_FINAL_EVIDENCE_01/CEP_W01_W02_COLAB_TASK_C025_TO_C026_CUSTODY_BRIDGE_ADDENDUM_v1.0.md,34
control/08_COLAB_TASKS/W01_W02_FINAL_EVIDENCE_01/CEP_W01_W02_COLAB_TASK_CONTRACT_v1.0.md,4524,fc855e8e3302e7b9b0d30ac46ca0b8d6878978e12a414cbf48160ff365bba8e3,RUNTIME_METHOD_OR_EVIDENCE,FULL_BYTES_AND_STRUCTURED_CONTENT,True,authority/sources/control/08_COLAB_TASKS/W01_W02_FINAL_EVIDENCE_01/CEP_W01_W02_COLAB_TASK_CONTRACT_v1.0.md,91
control/08_COLAB_TASKS/W01_W02_FINAL_EVIDENCE_01/CEP_W01_W02_COLAB_TASK_STATIC_VALIDATION_RECEIPT_v1.0.json,3282,cf6228045aa428e20167555b5baa4be38ad8c528df19e28a5699d06be5503d5c,TRACEABILITY_OR_ASSURANCE_EVIDENCE,FULL_BYTES_AND_STRUCTURED_CONTENT,True,authority/sources/control/08_COLAB_TASKS/W01_W02_FINAL_EVIDENCE_01/CEP_W01_W02_COLAB_TASK_STATIC_VALIDATION_RECEIPT_v1.0.json,102
control/99_ARCHIVE_SUPERSEDED/CEP_CONTROLLER_CURRENT_RECOVERY_HANDOFF_v2.0.md,2184,b5d333a559b3b5ee0f75f4efae788728545e3c019fec40cf6ed9d72e23da25b3,SUPPORTING_CONTROL_OR_EVIDENCE,FULL_BYTES_AND_STRUCTURED_CONTENT,True,authority/sources/control/99_ARCHIVE_SUPERSEDED/CEP_CONTROLLER_CURRENT_RECOVERY_HANDOFF_v2.0.md,49
control/99_ARCHIVE_SUPERSEDED/CEP_CONTROLLER_CURRENT_RECOVERY_HANDOFF_v2.1.md,1533,e6c6912591ee2889f6381713fd244e4dd8db1cfacd77c5bee5a158633a9c1984,SUPPORTING_CONTROL_OR_EVIDENCE,FULL_BYTES_AND_STRUCTURED_CONTENT,True,authority/sources/control/99_ARCHIVE_SUPERSEDED/CEP_CONTROLLER_CURRENT_RECOVERY_HANDOFF_v2.1.md,27
control/99_ARCHIVE_SUPERSEDED/CEP_CURRENT_CONTROLLER_STATE_v1.0.md,2007,b1420e4e99cdf7d3a8adcbbf775386c117de1d70e7a766027c4c276d4400bb98,HISTORICAL_SUPERSEDED_CONTROL,FULL_BYTES_AND_STRUCTURED_CONTENT,True,authority/sources/control/99_ARCHIVE_SUPERSEDED/CEP_CURRENT_CONTROLLER_STATE_v1.0.md,68
control/99_ARCHIVE_SUPERSEDED/CEP_CURRENT_CONTROLLER_STATE_v1.1.md,1847,1c403ace96eaa4cb296f20b038fdc107186c95fe0cd119956ec357702ca8ebf8,HISTORICAL_SUPERSEDED_CONTROL,FULL_BYTES_AND_STRUCTURED_CONTENT,True,authority/sources/control/99_ARCHIVE_SUPERSEDED/CEP_CURRENT_CONTROLLER_STATE_v1.1.md,30
control/99_ARCHIVE_SUPERSEDED/CEP_CURRENT_CONTROLLER_STATE_v1.2.md,2608,1ee13a0bf636fa30255bb69cc9e98b99c9b8ed95dcb49c1126f2a135b948cc57,HISTORICAL_SUPERSEDED_CONTROL,FULL_BYTES_AND_STRUCTURED_CONTENT,True,authority/sources/control/99_ARCHIVE_SUPERSEDED/CEP_CURRENT_CONTROLLER_STATE_v1.2.md,67
control/99_ARCHIVE_SUPERSEDED/CEP_CURRENT_CONTROLLER_STATE_v1.3.md,1983,07893c104b7b4193f85eb9e5c3224bae0b921670d0a733db5502ce18f28507af,HISTORICAL_SUPERSEDED_CONTROL,FULL_BYTES_AND_STRUCTURED_CONTENT,True,authority/sources/control/99_ARCHIVE_SUPERSEDED/CEP_CURRENT_CONTROLLER_STATE_v1.3.md,51
control/99_ARCHIVE_SUPERSEDED/CEP_CURRENT_CONTROLLER_STATE_v1.4.md,1893,f5d6034fbdfd2faa108b85dec4612ba1f2375b8f431468ec0a55af44a46cd784,HISTORICAL_SUPERSEDED_CONTROL,FULL_BYTES_AND_STRUCTURED_CONTENT,True,authority/sources/control/99_ARCHIVE_SUPERSEDED/CEP_CURRENT_CONTROLLER_STATE_v1.4.md,41
control/99_ARCHIVE_SUPERSEDED/CEP_CURRENT_CONTROLLER_STATE_v1.5.md,1695,0baf461217b0753777dba9bf7281e057bbdb6509bada896042d84c55f163dced,HISTORICAL_SUPERSEDED_CONTROL,FULL_BYTES_AND_STRUCTURED_CONTENT,True,authority/sources/control/99_ARCHIVE_SUPERSEDED/CEP_CURRENT_CONTROLLER_STATE_v1.5.md,36
control/99_ARCHIVE_SUPERSEDED/CEP_CURRENT_WRITER_RETURN_LEDGER_v1.0.md,2262,7d9a55b801f9b76ca797ecbf39c981bc103e3b793822436e1a2b0eb27eb12247,SUPPORTING_CONTROL_OR_EVIDENCE,FULL_BYTES_AND_STRUCTURED_CONTENT,True,authority/sources/control/99_ARCHIVE_SUPERSEDED/CEP_CURRENT_WRITER_RETURN_LEDGER_v1.0.md,54
control/99_ARCHIVE_SUPERSEDED/CEP_EXECUTION_CONTROL_CENTER_CURRENT_MANIFEST_v1.3.md,2544,018545a1d38e3c2b5f405e4d817aeaab1ca2cbc96fbd92a73de55d2337d6853a,HISTORICAL_SUPERSEDED_CONTROL,FULL_BYTES_AND_STRUCTURED_CONTENT,True,authority/sources/control/99_ARCHIVE_SUPERSEDED/CEP_EXECUTION_CONTROL_CENTER_CURRENT_MANIFEST_v1.3.md,68
control/99_ARCHIVE_SUPERSEDED/CEP_EXECUTION_CONTROL_CENTER_CURRENT_MANIFEST_v1.4.md,2339,696257b5ab34d37f7421c81cb7b1b65a40b9d728f8b6a3d1d3af04a9919fd1ae,HISTORICAL_SUPERSEDED_CONTROL,FULL_BYTES_AND_STRUCTURED_CONTENT,True,authority/sources/control/99_ARCHIVE_SUPERSEDED/CEP_EXECUTION_CONTROL_CENTER_CURRENT_MANIFEST_v1.4.md,47
control/99_ARCHIVE_SUPERSEDED/CEP_EXECUTION_CONTROL_CENTER_CURRENT_MANIFEST_v1.5.md,2831,c875a022702e74cc994a97c217737c07f369e7a193e74e3257492b9a011f3a47,HISTORICAL_SUPERSEDED_CONTROL,FULL_BYTES_AND_STRUCTURED_CONTENT,True,authority/sources/control/99_ARCHIVE_SUPERSEDED/CEP_EXECUTION_CONTROL_CENTER_CURRENT_MANIFEST_v1.5.md,76
control/99_ARCHIVE_SUPERSEDED/CEP_EXECUTION_CONTROL_CENTER_CURRENT_MANIFEST_v1.6.md,1598,2bc15a21f6162ed991117269685506fd97fb244fd0c34e17c235402aa20c12b7,HISTORICAL_SUPERSEDED_CONTROL,FULL_BYTES_AND_STRUCTURED_CONTENT,True,authority/sources/control/99_ARCHIVE_SUPERSEDED/CEP_EXECUTION_CONTROL_CENTER_CURRENT_MANIFEST_v1.6.md,35
control/99_ARCHIVE_SUPERSEDED/CEP_EXECUTION_CONTROL_CENTER_CURRENT_MANIFEST_v1.7.md,1299,857ad598271db581980019e8eb1dff449969fa2944e3feb381a49d70b553c0e9,HISTORICAL_SUPERSEDED_CONTROL,FULL_BYTES_AND_STRUCTURED_CONTENT,True,authority/sources/control/99_ARCHIVE_SUPERSEDED/CEP_EXECUTION_CONTROL_CENTER_CURRENT_MANIFEST_v1.7.md,35
control/99_ARCHIVE_SUPERSEDED/CEP_EXECUTION_CONTROL_CENTER_CURRENT_MANIFEST_v1.8.md,1208,e07f65b42e2271eb32703531ed0f1bd66431d3774063bcfd6c4bad200606413a,HISTORICAL_SUPERSEDED_CONTROL,FULL_BYTES_AND_STRUCTURED_CONTENT,True,authority/sources/control/99_ARCHIVE_SUPERSEDED/CEP_EXECUTION_CONTROL_CENTER_CURRENT_MANIFEST_v1.8.md,29
control/99_ARCHIVE_SUPERSEDED/CEP_EXECUTION_CONTROL_CENTER_README_v1.0.md,2743,e4df665354637f6edfd7667073e1f5e41d3d7aa635a7b51e74af754b7bc6a9dc,SUPPORTING_CONTROL_OR_EVIDENCE,FULL_BYTES_AND_STRUCTURED_CONTENT,True,authority/sources/control/99_ARCHIVE_SUPERSEDED/CEP_EXECUTION_CONTROL_CENTER_README_v1.0.md,47
control/99_ARCHIVE_SUPERSEDED/CEP_NEXT_PARALLEL_WAVE_LIBRARY_LAUNCH_MANIFEST_v1.0.md,4711,36f9070e1b54ada52d43333fbb8d1f693dc639fa3444cdf5ac78c509691abc40,HISTORICAL_SUPERSEDED_CONTROL,FULL_BYTES_AND_STRUCTURED_CONTENT,True,authority/sources/control/99_ARCHIVE_SUPERSEDED/CEP_NEXT_PARALLEL_WAVE_LIBRARY_LAUNCH_MANIFEST_v1.0.md,75
control/99_ARCHIVE_SUPERSEDED/CEP_NEXT_PARALLEL_WAVE_LIBRARY_LAUNCH_MANIFEST_v1.1.md,4101,55a9acc2e3e615d788f3818b07e6ff2a63c5c8e98262416b4c065071614914c7,HISTORICAL_SUPERSEDED_CONTROL,FULL_BYTES_AND_STRUCTURED_CONTENT,True,authority/sources/control/99_ARCHIVE_SUPERSEDED/CEP_NEXT_PARALLEL_WAVE_LIBRARY_LAUNCH_MANIFEST_v1.1.md,108
control/99_ARCHIVE_SUPERSEDED/CEP_NEXT_PARALLEL_WAVE_LIBRARY_LAUNCH_MANIFEST_v1.2.md,3360,12f8793c7a46028c6c98295d548eea36c1b858af80779988cb4e7939a6719f93,HISTORICAL_SUPERSEDED_CONTROL,FULL_BYTES_AND_STRUCTURED_CONTENT,True,authority/sources/control/99_ARCHIVE_SUPERSEDED/CEP_NEXT_PARALLEL_WAVE_LIBRARY_LAUNCH_MANIFEST_v1.2.md,64
control/99_ARCHIVE_SUPERSEDED/CEP_WRITER_A_W03_CUMULATIVE_COMPLETION_LAUNCH_PROMPT_v1.0.md,11459,252f172ea309a488eca7b02eafb1f78238955edfcd0c709f0cadbd60502c221a,WRITER_PACKET_OR_HANDOFF,FULL_BYTES_AND_STRUCTURED_CONTENT,True,authority/sources/control/99_ARCHIVE_SUPERSEDED/CEP_WRITER_A_W03_CUMULATIVE_COMPLETION_LAUNCH_PROMPT_v1.0.md,295
control/99_ARCHIVE_SUPERSEDED/CEP_WRITER_A_W03_CUMULATIVE_COMPLETION_LAUNCH_PROMPT_v1.1_TRACEABILITY_GATED.md,5110,687262d103c0682784daff2ddce3a168e3cf4a952aee2313b30ff3c516e41b1d,WRITER_PACKET_OR_HANDOFF,FULL_BYTES_AND_STRUCTURED_CONTENT,True,authority/sources/control/99_ARCHIVE_SUPERSEDED/CEP_WRITER_A_W03_CUMULATIVE_COMPLETION_LAUNCH_PROMPT_v1.1_TRACEABILITY_GATED.md,137
control/99_ARCHIVE_SUPERSEDED/CEP_WRITER_A_W03_v3.3.1_OWNER_DIRECT_REVIEW_CORRECTION_PACKET_v1.0.md,5997,8bb549cbf10612451b4d46f5ea5493a76c51fb12f65db6e1a6d5e44f282dbdf1,WRITER_PACKET_OR_HANDOFF,FULL_BYTES_AND_STRUCTURED_CONTENT,True,authority/sources/control/99_ARCHIVE_SUPERSEDED/CEP_WRITER_A_W03_v3.3.1_OWNER_DIRECT_REVIEW_CORRECTION_PACKET_v1.0.md,119
control/99_ARCHIVE_SUPERSEDED/CEP_WRITER_A_W03_v3.3_CONTROLLER_BOUNDED_CORRECTION_PACKET_v1.0.md,3694,1a3e7d191c4a82eb275d0acae5633c145e9fa4ac4b31db31453d0b5dce118af9,WRITER_PACKET_OR_HANDOFF,FULL_BYTES_AND_STRUCTURED_CONTENT,True,authority/sources/control/99_ARCHIVE_SUPERSEDED/CEP_WRITER_A_W03_v3.3_CONTROLLER_BOUNDED_CORRECTION_PACKET_v1.0.md,105
control/99_ARCHIVE_SUPERSEDED/CEP_WRITER_B_W01_W02_POST_ZERO_ORPHAN_BOUNDED_PRODUCTION_PARITY_PACKET_v1.0.md,4319,32c6740655d11b385a421768d5c7fa8a5d94c64a7a99e82ebe7508ff57720a30,WRITER_PACKET_OR_HANDOFF,FULL_BYTES_AND_STRUCTURED_CONTENT,True,authority/sources/control/99_ARCHIVE_SUPERSEDED/CEP_WRITER_B_W01_W02_POST_ZERO_ORPHAN_BOUNDED_PRODUCTION_PARITY_PACKET_v1.0.md,103
control/99_ARCHIVE_SUPERSEDED/CEP_WRITER_B_W01_W02_PRE_COLAB_FINAL_SOURCE_COMPLETION_PACKET_v1.0.md,6033,4faf5b1a289264c0c0366a43c3104f3c344694edebf072f4e01cc281287f7580,WRITER_PACKET_OR_HANDOFF,FULL_BYTES_AND_STRUCTURED_CONTENT,True,authority/sources/control/99_ARCHIVE_SUPERSEDED/CEP_WRITER_B_W01_W02_PRE_COLAB_FINAL_SOURCE_COMPLETION_PACKET_v1.0.md,160
control/99_ARCHIVE_SUPERSEDED/CEP_WRITER_B_W01_W02_PRODUCTION_CORRECTION_LAUNCH_PROMPT_v1.0.md,13525,9bab7f71563c151646d669afabe907fa6159d6cb85d90ddf3feef7b4894d3192,WRITER_PACKET_OR_HANDOFF,FULL_BYTES_AND_STRUCTURED_CONTENT,True,authority/sources/control/99_ARCHIVE_SUPERSEDED/CEP_WRITER_B_W01_W02_PRODUCTION_CORRECTION_LAUNCH_PROMPT_v1.0.md,335
control/99_ARCHIVE_SUPERSEDED/CEP_WRITER_B_W01_W02_PRODUCTION_CORRECTION_LAUNCH_PROMPT_v1.1_TRACEABILITY_GATED.md,5742,91489220481bda850c1fab37afcae2171ea63ab11709ff7d92b4fa445b3fabb4,WRITER_PACKET_OR_HANDOFF,FULL_BYTES_AND_STRUCTURED_CONTENT,True,authority/sources/control/99_ARCHIVE_SUPERSEDED/CEP_WRITER_B_W01_W02_PRODUCTION_CORRECTION_LAUNCH_PROMPT_v1.1_TRACEABILITY_GATED.md,168
control/99_ARCHIVE_SUPERSEDED/CEP_WRITER_B_W01_W02_v1.1.5_PRE_COLAB_CONTROLLER_MICRO_CORRECTION_PACKET_v1.0.md,3097,cff183ebe87695c0a98ad592f3d46ebd190b5df80450353b9af9ea25a8046927,WRITER_PACKET_OR_HANDOFF,FULL_BYTES_AND_STRUCTURED_CONTENT,True,authority/sources/control/99_ARCHIVE_SUPERSEDED/CEP_WRITER_B_W01_W02_v1.1.5_PRE_COLAB_CONTROLLER_MICRO_CORRECTION_PACKET_v1.0.md,81
control/CEP_NEXT_PARALLEL_WAVE_CURRENT_CONTROL.txt,2621,d7b757883d965af12465d0081a123d94851121505e540b2e75474227305e0d89,CURRENT_EXECUTION_POINTER,FULL_BYTES_AND_STRUCTURED_CONTENT,True,authority/sources/control/CEP_NEXT_PARALLEL_WAVE_CURRENT_CONTROL.txt,51
