decision_id,priority,scope,family,decision,supersedes,status,authority,resolution,evidence,implementation_status,source,future_work_rule,mission_override
OWNER-20260910-001,P0,PORTFOLIO,CUSTOMIZATION_GENERALIZATION,Customization is a general CEP principle. Safe presentation/workspace settings should be customizable where meaningful; not a language-only exception.,Fixed surface-local/default-only customization laws.,CURRENT,CURRENT_DIRECT_OWNER_2026_09_10,ENFORCE_CURRENT_OWNER,01_AUTHORITY/OWNER_CURRENT_SUPERSESSION_ADDENDUM_v1.0.csv#OWNER-20260910-001,See mechanic/requirement ledger; resolution is not proof of implementation,,,
OWNER-20260910-002,P0,PORTFOLIO,SAFE_DEFAULT_NOT_PRODUCT_LAW,"Defaults are starting values, not immutable laws unless a safety/domain reason requires non-configurability.","Arabic-first, fixed RTL, fixed theme/layout formulations.",CURRENT,CURRENT_DIRECT_OWNER_2026_09_10,ENFORCE_CURRENT_OWNER,01_AUTHORITY/OWNER_CURRENT_SUPERSESSION_ADDENDUM_v1.0.csv#OWNER-20260910-002,See mechanic/requirement ledger; resolution is not proof of implementation,,,
OWNER-20260910-003,P0,W02_LIBRARY_EDITOR,ACCEPTED_BLUEPRINT_SCOPE,Library Editor v1.2.17 is the currently accepted executable design donor; compatible mechanics must be mined directly.,Inference that latest candidate equals accepted blueprint.,CURRENT,CURRENT_DIRECT_OWNER_2026_09_10,ENFORCE_CURRENT_OWNER,01_AUTHORITY/OWNER_CURRENT_SUPERSESSION_ADDENDUM_v1.0.csv#OWNER-20260910-003,See mechanic/requirement ledger; resolution is not proof of implementation,,,
OWNER-20260910-004,P0,ALL_OTHER_BLUEPRINTS,CANDIDATE_NOT_AUTHORITY,Visualize/W03/other non-Library blueprints are requirement/value/evidence inputs only until future explicit design acceptance.,Latest-file-equals-authority behavior.,CURRENT,CURRENT_DIRECT_OWNER_2026_09_10,ENFORCE_CURRENT_OWNER,01_AUTHORITY/OWNER_CURRENT_SUPERSESSION_ADDENDUM_v1.0.csv#OWNER-20260910-004,See mechanic/requirement ledger; resolution is not proof of implementation,,,
OWNER-20260910-005,P0,ALL_SURFACES,FOUNDATION_REUSE_FIRST,"Maximize executable reuse across all 23 surfaces using global foundation, family engines, and thin domain adapters.",Independent generic engines per surface.,CURRENT,CURRENT_DIRECT_OWNER_2026_09_10,ENFORCE_CURRENT_OWNER,01_AUTHORITY/OWNER_CURRENT_SUPERSESSION_ADDENDUM_v1.0.csv#OWNER-20260910-005,See mechanic/requirement ledger; resolution is not proof of implementation,,,
OWNER-20260910-006,P0,EDITOR_COMPATIBLE_SURFACES,EDITOR_ENGINE_REUSE,Accepted Library editor mechanics become reusable executable structured/editor primitives for Learn and all compatible authoring surfaces.,Library-only editor implementation.,CURRENT,CURRENT_DIRECT_OWNER_2026_09_10,ENFORCE_CURRENT_OWNER,01_AUTHORITY/OWNER_CURRENT_SUPERSESSION_ADDENDUM_v1.0.csv#OWNER-20260910-006,See mechanic/requirement ledger; resolution is not proof of implementation,,,
OWNER-20260910-007,P0,SPATIAL_CONSUMERS,SPATIAL_ENGINE_REUSE,Spatial mechanics become one reusable engine with domain adapters for Visualize/W03/eligible consumers.,Separate spatial engines per surface.,CURRENT,CURRENT_DIRECT_OWNER_2026_09_10,ENFORCE_CURRENT_OWNER,01_AUTHORITY/OWNER_CURRENT_SUPERSESSION_ADDENDUM_v1.0.csv#OWNER-20260910-007,See mechanic/requirement ledger; resolution is not proof of implementation,,,
OWNER-20260910-008,P0,FUTURE_WORK,AUTHORITY_INTAKE_HARDENING,Read canonical authority/supersession before raw candidates; historical framework paths/classes/routes are not new-foundation architecture authority.,Historical production paths treated as current target.,CURRENT,CURRENT_DIRECT_OWNER_2026_09_10,ENFORCE_CURRENT_OWNER,01_AUTHORITY/OWNER_CURRENT_SUPERSESSION_ADDENDUM_v1.0.csv#OWNER-20260910-008,See mechanic/requirement ledger; resolution is not proof of implementation,,,
OWNER-20260910-009,P1,ACCEPTED_LIBRARY,MICRO_SUPERSESSION_ALLOWED,Preserve accepted Library donor value while applying exact newer Owner corrections only to affected mechanics.,Whole-donor rejection for one corrected mechanic.,CURRENT,CURRENT_DIRECT_OWNER_2026_09_10,ENFORCE_CURRENT_OWNER,01_AUTHORITY/OWNER_CURRENT_SUPERSESSION_ADDENDUM_v1.0.csv#OWNER-20260910-009,See mechanic/requirement ledger; resolution is not proof of implementation,,,
OWNER-20260910-010,P0,GLOBAL_SHELL,SHELL_DESIGN_REOPENED,"Current Shell/navigation visual composition is not accepted as strong/final. Mine useful interaction/context mechanics, but redesign global shell/navigation after shared workbench foundation is stable.",AppShell/W02Nav REUSE_AS_IS assumptions.,CURRENT,CURRENT_DIRECT_OWNER_2026_09_10,ENFORCE_CURRENT_OWNER,01_AUTHORITY/OWNER_CURRENT_SUPERSESSION_ADDENDUM_v1.0.csv#OWNER-20260910-010,See mechanic/requirement ledger; resolution is not proof of implementation,,,
OWNER-20260910-011,P0,ALL_SURFACES,GLOBAL_LAYOUT_SLOT_CONSTITUTION,"Provide executable universal layout/slot templates. Shared pane/toolbar/context/action surfaces keep the same layout grammar, design language, placement grammar and interaction model; surfaces change domain content/actions only.",Surface-local layout invention.,CURRENT,CURRENT_DIRECT_OWNER_2026_09_10,ENFORCE_CURRENT_OWNER,01_AUTHORITY/OWNER_CURRENT_SUPERSESSION_ADDENDUM_v1.0.csv#OWNER-20260910-011,See mechanic/requirement ledger; resolution is not proof of implementation,,,
OWNER-20260910-012,P0,WORKSPACE_PANES,PANE_SYSTEM_UNIFICATION,"LEFT/RIGHT side panes, TOP region and BOTTOM shelf use shared pane/region mechanics. Internal pane close/collapse controls are distinct from external edge reveal/toggle controls. Resize/responsive/preferred-vs-effective behavior is shared.",Independent pane mechanics and ambiguous reopen controls.,CURRENT,CURRENT_DIRECT_OWNER_2026_09_10,ENFORCE_CURRENT_OWNER,01_AUTHORITY/OWNER_CURRENT_SUPERSESSION_ADDENDUM_v1.0.csv#OWNER-20260910-012,See mechanic/requirement ledger; resolution is not proof of implementation,,,
OWNER-20260910-013,P0,TOOLBARS,TOOLBAR_TEMPLATE_UNIFICATION,"Use one toolbar template/grammar with stable universal action slots, common behavior/location and customizable composition. Domain actions bind into slots instead of redefining toolbar layout.",Different toolbar grammar/placement per surface.,CURRENT,CURRENT_DIRECT_OWNER_2026_09_10,ENFORCE_CURRENT_OWNER,01_AUTHORITY/OWNER_CURRENT_SUPERSESSION_ADDENDUM_v1.0.csv#OWNER-20260910-013,See mechanic/requirement ledger; resolution is not proof of implementation,,,
OWNER-20260910-014,P0,ACTIONS_TRANSIENTS,ACTION_SURFACE_REUSE,"Command Palette, Context Action Menu, Selection Action Surface and similar reusable action containers use common executable templates; only command groups/capability bindings change.",Independent menus/palettes per surface.,CURRENT,CURRENT_DIRECT_OWNER_2026_09_10,ENFORCE_CURRENT_OWNER,01_AUTHORITY/OWNER_CURRENT_SUPERSESSION_ADDENDUM_v1.0.csv#OWNER-20260910-014,See mechanic/requirement ledger; resolution is not proof of implementation,,,
OWNER-20260910-015,P0,INTERACTION,MULTI_ROUTE_REVERSIBILITY,"Keyboard is one route, not the only route. Reversible/transient UI requires multiple appropriate reverse/dismiss routes; persistent panes must not disappear merely from focus loss.",Escape-only or keyboard-only exit behavior.,CURRENT,CURRENT_DIRECT_OWNER_2026_09_10,ENFORCE_CURRENT_OWNER,01_AUTHORITY/OWNER_CURRENT_SUPERSESSION_ADDENDUM_v1.0.csv#OWNER-20260910-015,See mechanic/requirement ledger; resolution is not proof of implementation,,,
OWNER-20260910-016,P0,LEARN,MAX_LIBRARY_INHERITANCE,Learn should feel like the Library-grade workbench/editor with learning-specific journey/practice/assessment/lab/progress/recommendation additions; do not resurrect the old consumption-only/no-authoring CENTER restriction.,Old Learn no-authoring CENTER / read-only-first authority.,CURRENT,CURRENT_DIRECT_OWNER_2026_09_10,ENFORCE_CURRENT_OWNER,01_AUTHORITY/OWNER_CURRENT_SUPERSESSION_ADDENDUM_v1.0.csv#OWNER-20260910-016,See mechanic/requirement ledger; resolution is not proof of implementation,,,
OWNER-20260910-017,P0,W03_RUNTIME,INTERNAL_SIMULATION_DEFAULT,W03 default is InternalSimulationAdapter. Container/VM/remote/real-device are optional adapters. Simulated terminal commands operate simulation state; PowerShell/WSL/PTy are not default W03 requirements.,Host-shell-first terminal interpretation.,CURRENT,CURRENT_DIRECT_OWNER_2026_09_10,ENFORCE_CURRENT_OWNER,01_AUTHORITY/OWNER_CURRENT_SUPERSESSION_ADDENDUM_v1.0.csv#OWNER-20260910-017,See mechanic/requirement ledger; resolution is not proof of implementation,,,
OWNER-20260910-018,P1,STACK_PROOF,TECHNOLOGY_MUST_EARN_ADMISSION,Vue/TypeScript/Vite/Vue Flow/Electron/Tauri/Python bridge/SQLite/xterm.js are candidates or specialized tools only; no final stack freeze before measured proof.,Historical-stack preservation by inertia.,CURRENT,CURRENT_DIRECT_OWNER_2026_09_10,ENFORCE_CURRENT_OWNER,01_AUTHORITY/OWNER_CURRENT_SUPERSESSION_ADDENDUM_v1.0.csv#OWNER-20260910-018,See mechanic/requirement ledger; resolution is not proof of implementation,,,
OWNER-20260910-019,P0,WORK_OUTPUT,EXECUTABLE_NOT_PROSE_ONLY,"Foundation outputs must be executable/reusable components/templates/cores plus machine-readable contracts and tests, not merely guidelines or reference prose.",Documentation-only design system.,CURRENT,CURRENT_DIRECT_OWNER_2026_09_10,ENFORCE_CURRENT_OWNER,01_AUTHORITY/OWNER_CURRENT_SUPERSESSION_ADDENDUM_v1.0.csv#OWNER-20260910-019,See mechanic/requirement ledger; resolution is not proof of implementation,,,
OWNER-20260910-020,P0,GOVERNANCE,MINIMIZE_WRITER_DISCRETION,"Foundation and surface contracts should constrain future Writers so generic design/interaction choices are inherited, not reinvented. Deviations require explicit justification.",Writer-local design discretion for shared mechanics.,CURRENT,CURRENT_DIRECT_OWNER_2026_09_10,ENFORCE_CURRENT_OWNER,01_AUTHORITY/OWNER_CURRENT_SUPERSESSION_ADDENDUM_v1.0.csv#OWNER-20260910-020,See mechanic/requirement ledger; resolution is not proof of implementation,,,
OSD-001,P0,PORTFOLIO,OWNER_SOVEREIGNTY,"When current direct Owner intent conflicts with older surface contracts, reviewer packets, writer assumptions, or planning cautions, the current direct Owner intent controls normative design synthesis. Descriptive current-code facts remain factual and are not rewritten by preference.",conflicting legacy normative authority,CURRENT_UNLESS_SUPERSEDED_BY_LATER_OWNER_DIRECT,CURRENT_DIRECT_OWNER_BIG_BOSS_NORMALIZED,ADMIT_UNSUPERSEDED_CONCEPT_ONLY,CEP_CANONICAL_DECISION_SUPERSESSION_REGISTRY_v1.0.csv#OSD-001,DESIGN_REQUIREMENT_NOT_PRODUCT_IMPLEMENTED,Big Boss v1.2 O01/owner_intent_registry.json,ADMIT_NORMATIVE_NEED; DO_NOT_IMPORT_STACK_SPECIFIC_TARGET_PATHS,All OWNER-20260910 rows take precedence; physical paths/server/auth claims are not target law
OSD-002,P0,PORTFOLIO,FREEDOM,"For this single-owner personal platform, default to freedom of navigation, inspection, editing, customization, reordering, revisiting and experimentation unless a hard constraint passes the Restriction Legitimacy Test.",forced workflow defaults,CURRENT_UNLESS_SUPERSEDED_BY_LATER_OWNER_DIRECT,CURRENT_DIRECT_OWNER_BIG_BOSS_NORMALIZED,ADMIT_UNSUPERSEDED_CONCEPT_ONLY,CEP_CANONICAL_DECISION_SUPERSESSION_REGISTRY_v1.0.csv#OSD-002,DESIGN_REQUIREMENT_NOT_PRODUCT_IMPLEMENTED,Big Boss v1.2 O01/owner_intent_registry.json,ADMIT_NORMATIVE_NEED; DO_NOT_IMPORT_STACK_SPECIFIC_TARGET_PATHS,All OWNER-20260910 rows take precedence; physical paths/server/auth claims are not target law
OSD-003,P0,LEARN+PORTFOLIO,FREEDOM,"Prerequisites, recommendations, progression, warnings and preferred workflows guide the Owner but do not arbitrarily block access.",hard progression locks,CURRENT_UNLESS_SUPERSEDED_BY_LATER_OWNER_DIRECT,CURRENT_DIRECT_OWNER_BIG_BOSS_NORMALIZED,ADMIT_UNSUPERSEDED_CONCEPT_ONLY,CEP_CANONICAL_DECISION_SUPERSESSION_REGISTRY_v1.0.csv#OSD-003,DESIGN_REQUIREMENT_NOT_PRODUCT_IMPLEMENTED,Big Boss v1.2 O01/owner_intent_registry.json,ADMIT_NORMATIVE_NEED; DO_NOT_IMPORT_STACK_SPECIFIC_TARGET_PATHS,All OWNER-20260910 rows take precedence; physical paths/server/auth claims are not target law
OSD-004,P0,PORTFOLIO,RESTRICTION,"A hard restriction is valid only when required by irreversible integrity, security/access control, external platform impossibility, legal/safety constraint, or a deliberately selected Owner policy. Otherwise downgrade it to guidance, warning, configurable policy or recoverable override.",,CURRENT_UNLESS_SUPERSEDED_BY_LATER_OWNER_DIRECT,CURRENT_DIRECT_OWNER_BIG_BOSS_NORMALIZED,ADMIT_UNSUPERSEDED_CONCEPT_ONLY,CEP_CANONICAL_DECISION_SUPERSESSION_REGISTRY_v1.0.csv#OSD-004,DESIGN_REQUIREMENT_NOT_PRODUCT_IMPLEMENTED,Big Boss v1.2 O01/owner_intent_registry.json,ADMIT_NORMATIVE_NEED; DO_NOT_IMPORT_STACK_SPECIFIC_TARGET_PATHS,All OWNER-20260910 rows take precedence; physical paths/server/auth claims are not target law
OSD-005,P0,PORTFOLIO,EDITABILITY,Any user-owned semantically editable object should have a professional edit route. Do not make ordinary editable content read-only merely because a prior surface was consumption-oriented.,consumption-only assumptions,CURRENT_UNLESS_SUPERSEDED_BY_LATER_OWNER_DIRECT,CURRENT_DIRECT_OWNER_BIG_BOSS_NORMALIZED,ADMIT_UNSUPERSEDED_CONCEPT_ONLY,CEP_CANONICAL_DECISION_SUPERSESSION_REGISTRY_v1.0.csv#OSD-005,DESIGN_REQUIREMENT_NOT_PRODUCT_IMPLEMENTED,Big Boss v1.2 O01/owner_intent_registry.json,ADMIT_NORMATIVE_NEED; DO_NOT_IMPORT_STACK_SPECIFIC_TARGET_PATHS,All OWNER-20260910 rows take precedence; physical paths/server/auth claims are not target law
OSD-006,P0,PORTFOLIO,EDITABILITY,"Integrity-sensitive records should preserve provenance/history via revision, supersession, annotation, restore-as-new, or explicit advanced override instead of paternalistic blanket denial.",,CURRENT_UNLESS_SUPERSEDED_BY_LATER_OWNER_DIRECT,CURRENT_DIRECT_OWNER_BIG_BOSS_NORMALIZED,ADMIT_UNSUPERSEDED_CONCEPT_ONLY,CEP_CANONICAL_DECISION_SUPERSESSION_REGISTRY_v1.0.csv#OSD-006,DESIGN_REQUIREMENT_NOT_PRODUCT_IMPLEMENTED,Big Boss v1.2 O01/owner_intent_registry.json,ADMIT_NORMATIVE_NEED; DO_NOT_IMPORT_STACK_SPECIFIC_TARGET_PATHS,All OWNER-20260910 rows take precedence; physical paths/server/auth claims are not target law
OSD-007,P1,PORTFOLIO,EDITABILITY,"If an object/property can safely be edited in place, prefer direct edit plus alternative routes rather than forcing navigation to a separate settings/edit page.",,CURRENT_UNLESS_SUPERSEDED_BY_LATER_OWNER_DIRECT,CURRENT_DIRECT_OWNER_BIG_BOSS_NORMALIZED,ADMIT_UNSUPERSEDED_CONCEPT_ONLY,CEP_CANONICAL_DECISION_SUPERSESSION_REGISTRY_v1.0.csv#OSD-007,DESIGN_REQUIREMENT_NOT_PRODUCT_IMPLEMENTED,Big Boss v1.2 O01/owner_intent_registry.json,ADMIT_NORMATIVE_NEED; DO_NOT_IMPORT_STACK_SPECIFIC_TARGET_PATHS,All OWNER-20260910 rows take precedence; physical paths/server/auth claims are not target law
OSD-008,P0,PORTFOLIO,INHERITANCE,A mature donor mechanic is the default foundation for eligible surfaces. Deviation requires an explicit reason; do not rebuild a poorer parallel engine.,,CURRENT_UNLESS_SUPERSEDED_BY_LATER_OWNER_DIRECT,CURRENT_DIRECT_OWNER_BIG_BOSS_NORMALIZED,ADMIT_UNSUPERSEDED_CONCEPT_ONLY,CEP_CANONICAL_DECISION_SUPERSESSION_REGISTRY_v1.0.csv#OSD-008,DESIGN_REQUIREMENT_NOT_PRODUCT_IMPLEMENTED,Big Boss v1.2 O01/owner_intent_registry.json,ADMIT_NORMATIVE_NEED; DO_NOT_IMPORT_STACK_SPECIFIC_TARGET_PATHS,All OWNER-20260910 rows take precedence; physical paths/server/auth claims are not target law
OSD-009,P0,PORTFOLIO,INHERITANCE,"Accepted donors are not immutable templates. Weak interaction, accessibility, organization, performance or architecture may be improved while preserving useful value.",,CURRENT_UNLESS_SUPERSEDED_BY_LATER_OWNER_DIRECT,CURRENT_DIRECT_OWNER_BIG_BOSS_NORMALIZED,ADMIT_UNSUPERSEDED_CONCEPT_ONLY,CEP_CANONICAL_DECISION_SUPERSESSION_REGISTRY_v1.0.csv#OSD-009,DESIGN_REQUIREMENT_NOT_PRODUCT_IMPLEMENTED,Big Boss v1.2 O01/owner_intent_registry.json,ADMIT_NORMATIVE_NEED; DO_NOT_IMPORT_STACK_SPECIFIC_TARGET_PATHS,All OWNER-20260910 rows take precedence; physical paths/server/auth claims are not target law
OSD-010,P0,PORTFOLIO,INHERITANCE,New surfaces should add domain-specific capabilities above eligible shared foundations rather than replace mature shared mechanics with a thinner bespoke UI.,,CURRENT_UNLESS_SUPERSEDED_BY_LATER_OWNER_DIRECT,CURRENT_DIRECT_OWNER_BIG_BOSS_NORMALIZED,ADMIT_UNSUPERSEDED_CONCEPT_ONLY,CEP_CANONICAL_DECISION_SUPERSESSION_REGISTRY_v1.0.csv#OSD-010,DESIGN_REQUIREMENT_NOT_PRODUCT_IMPLEMENTED,Big Boss v1.2 O01/owner_intent_registry.json,ADMIT_NORMATIVE_NEED; DO_NOT_IMPORT_STACK_SPECIFIC_TARGET_PATHS,All OWNER-20260910 rows take precedence; physical paths/server/auth claims are not target law
OSD-011,P0,PORTFOLIO,QUALITY_FLOOR,"For eligible structured/workbench surfaces, the mature Library interaction/editor/pane/note/customization/accessibility quality is a floor, not a ceiling.",,CURRENT_UNLESS_SUPERSEDED_BY_LATER_OWNER_DIRECT,CURRENT_DIRECT_OWNER_BIG_BOSS_NORMALIZED,ADMIT_UNSUPERSEDED_CONCEPT_ONLY,CEP_CANONICAL_DECISION_SUPERSESSION_REGISTRY_v1.0.csv#OSD-011,DESIGN_REQUIREMENT_NOT_PRODUCT_IMPLEMENTED,Big Boss v1.2 O01/owner_intent_registry.json,ADMIT_NORMATIVE_NEED; DO_NOT_IMPORT_STACK_SPECIFIC_TARGET_PATHS,All OWNER-20260910 rows take precedence; physical paths/server/auth claims are not target law
OSD-012,P0,W02_LEARN,LEARN,Learn should inherit the eligible Library workspace/editor foundation deeply and build learning-specific progress/journey/practice/assessment/lab tools on top.,Learn consumption-only UI,CURRENT_UNLESS_SUPERSEDED_BY_LATER_OWNER_DIRECT,CURRENT_DIRECT_OWNER_BIG_BOSS_NORMALIZED,ADMIT_UNSUPERSEDED_CONCEPT_ONLY,CEP_CANONICAL_DECISION_SUPERSESSION_REGISTRY_v1.0.csv#OSD-012,DESIGN_REQUIREMENT_NOT_PRODUCT_IMPLEMENTED,Big Boss v1.2 O01/owner_intent_registry.json,ADMIT_NORMATIVE_NEED; DO_NOT_IMPORT_STACK_SPECIFIC_TARGET_PATHS,All OWNER-20260910 rows take precedence; physical paths/server/auth claims are not target law
OSD-013,P0,W02_LEARN,LEARN,Learn lessons/sections/practice/assessment may expose progression/recommendation status but must not be arbitrarily inaccessible solely because an earlier activity is incomplete.,Assessment locked until Practice; sequential lesson locks,CURRENT_UNLESS_SUPERSEDED_BY_LATER_OWNER_DIRECT,CURRENT_DIRECT_OWNER_BIG_BOSS_NORMALIZED,ADMIT_UNSUPERSEDED_CONCEPT_ONLY,CEP_CANONICAL_DECISION_SUPERSESSION_REGISTRY_v1.0.csv#OSD-013,DESIGN_REQUIREMENT_NOT_PRODUCT_IMPLEMENTED,Big Boss v1.2 O01/owner_intent_registry.json,ADMIT_NORMATIVE_NEED; DO_NOT_IMPORT_STACK_SPECIFIC_TARGET_PATHS,All OWNER-20260910 rows take precedence; physical paths/server/auth claims are not target law
OSD-014,P0,W02_LEARN,LEARN,Do not ban authoring chrome from Learn CENTER by category. Reuse the unified editor for editable canonical/user-owned learning content and apply capability profiles for Learn-specific semantics.,Do not put authoring chrome on CENTER,CURRENT_UNLESS_SUPERSEDED_BY_LATER_OWNER_DIRECT,CURRENT_DIRECT_OWNER_BIG_BOSS_NORMALIZED,ADMIT_UNSUPERSEDED_CONCEPT_ONLY,CEP_CANONICAL_DECISION_SUPERSESSION_REGISTRY_v1.0.csv#OSD-014,DESIGN_REQUIREMENT_NOT_PRODUCT_IMPLEMENTED,Big Boss v1.2 O01/owner_intent_registry.json,ADMIT_NORMATIVE_NEED; DO_NOT_IMPORT_STACK_SPECIFIC_TARGET_PATHS,All OWNER-20260910 rows take precedence; physical paths/server/auth claims are not target law
OSD-015,P0,W02_LEARN,LEARN,"Learn should support reading, writing/editing, focus and mixed modes where meaningful, with explicit current mode and reversible switching.",,CURRENT_UNLESS_SUPERSEDED_BY_LATER_OWNER_DIRECT,CURRENT_DIRECT_OWNER_BIG_BOSS_NORMALIZED,ADMIT_UNSUPERSEDED_CONCEPT_ONLY,CEP_CANONICAL_DECISION_SUPERSESSION_REGISTRY_v1.0.csv#OSD-015,DESIGN_REQUIREMENT_NOT_PRODUCT_IMPLEMENTED,Big Boss v1.2 O01/owner_intent_registry.json,ADMIT_NORMATIVE_NEED; DO_NOT_IMPORT_STACK_SPECIFIC_TARGET_PATHS,All OWNER-20260910 rows take precedence; physical paths/server/auth claims are not target law
OSD-016,P0,W02_LEARN,LEARN,Tracking completion/progress is useful and should remain truthful even though it does not gate access.,,CURRENT_UNLESS_SUPERSEDED_BY_LATER_OWNER_DIRECT,CURRENT_DIRECT_OWNER_BIG_BOSS_NORMALIZED,ADMIT_UNSUPERSEDED_CONCEPT_ONLY,CEP_CANONICAL_DECISION_SUPERSESSION_REGISTRY_v1.0.csv#OSD-016,DESIGN_REQUIREMENT_NOT_PRODUCT_IMPLEMENTED,Big Boss v1.2 O01/owner_intent_registry.json,ADMIT_NORMATIVE_NEED; DO_NOT_IMPORT_STACK_SPECIFIC_TARGET_PATHS,All OWNER-20260910 rows take precedence; physical paths/server/auth claims are not target law
OSD-017,P0,PORTFOLIO,MULTI_ROUTE,An essential capability must not depend unnecessarily on one input modality or one hidden route.,,CURRENT_UNLESS_SUPERSEDED_BY_LATER_OWNER_DIRECT,CURRENT_DIRECT_OWNER_BIG_BOSS_NORMALIZED,ADMIT_UNSUPERSEDED_CONCEPT_ONLY,CEP_CANONICAL_DECISION_SUPERSESSION_REGISTRY_v1.0.csv#OSD-017,DESIGN_REQUIREMENT_NOT_PRODUCT_IMPLEMENTED,Big Boss v1.2 O01/owner_intent_registry.json,ADMIT_NORMATIVE_NEED; DO_NOT_IMPORT_STACK_SPECIFIC_TARGET_PATHS,All OWNER-20260910 rows take precedence; physical paths/server/auth claims are not target law
OSD-018,P0,PORTFOLIO,MULTI_ROUTE,"Pointer, keyboard, context menu, command search, inspector and other entry routes for the same intention dispatch one semantic owner and produce equivalent state effects.",,CURRENT_UNLESS_SUPERSEDED_BY_LATER_OWNER_DIRECT,CURRENT_DIRECT_OWNER_BIG_BOSS_NORMALIZED,ADMIT_UNSUPERSEDED_CONCEPT_ONLY,CEP_CANONICAL_DECISION_SUPERSESSION_REGISTRY_v1.0.csv#OSD-018,DESIGN_REQUIREMENT_NOT_PRODUCT_IMPLEMENTED,Big Boss v1.2 O01/owner_intent_registry.json,ADMIT_NORMATIVE_NEED; DO_NOT_IMPORT_STACK_SPECIFIC_TARGET_PATHS,All OWNER-20260910 rows take precedence; physical paths/server/auth claims are not target law
OSD-019,P0,PORTFOLIO,MULTI_ROUTE,"A control that opens/enables/expands a reversible state normally provides a direct discoverable route to reverse it, including same-control toggle when the widget pattern supports it.",,CURRENT_UNLESS_SUPERSEDED_BY_LATER_OWNER_DIRECT,CURRENT_DIRECT_OWNER_BIG_BOSS_NORMALIZED,ADMIT_UNSUPERSEDED_CONCEPT_ONLY,CEP_CANONICAL_DECISION_SUPERSESSION_REGISTRY_v1.0.csv#OSD-019,DESIGN_REQUIREMENT_NOT_PRODUCT_IMPLEMENTED,Big Boss v1.2 O01/owner_intent_registry.json,ADMIT_NORMATIVE_NEED; DO_NOT_IMPORT_STACK_SPECIFIC_TARGET_PATHS,All OWNER-20260910 rows take precedence; physical paths/server/auth claims are not target law
OSD-020,P0,PORTFOLIO,DISMISSAL,Do not apply one close rule to every transient. Define dismissal semantics by disclosure/menu/popover/palette/modal/modeless/pinned/persistent class.,,CURRENT_UNLESS_SUPERSEDED_BY_LATER_OWNER_DIRECT,CURRENT_DIRECT_OWNER_BIG_BOSS_NORMALIZED,ADMIT_UNSUPERSEDED_CONCEPT_ONLY,CEP_CANONICAL_DECISION_SUPERSESSION_REGISTRY_v1.0.csv#OSD-020,DESIGN_REQUIREMENT_NOT_PRODUCT_IMPLEMENTED,Big Boss v1.2 O01/owner_intent_registry.json,ADMIT_NORMATIVE_NEED; DO_NOT_IMPORT_STACK_SPECIFIC_TARGET_PATHS,All OWNER-20260910 rows take precedence; physical paths/server/auth claims are not target law
OSD-021,P0,PORTFOLIO,DISMISSAL,"Command/search palettes must support multiple appropriate dismiss routes such as Esc, visible close where useful, outside pointer dismissal, selection/commit behavior, conflicting-transient replacement and focus-out when truly leaving a non-modal interaction subtree.",Escape-only command palette,CURRENT_UNLESS_SUPERSEDED_BY_LATER_OWNER_DIRECT,CURRENT_DIRECT_OWNER_BIG_BOSS_NORMALIZED,ADMIT_UNSUPERSEDED_CONCEPT_ONLY,CEP_CANONICAL_DECISION_SUPERSESSION_REGISTRY_v1.0.csv#OSD-021,DESIGN_REQUIREMENT_NOT_PRODUCT_IMPLEMENTED,Big Boss v1.2 O01/owner_intent_registry.json,ADMIT_NORMATIVE_NEED; DO_NOT_IMPORT_STACK_SPECIFIC_TARGET_PATHS,All OWNER-20260910 rows take precedence; physical paths/server/auth claims are not target law
OSD-022,P0,PORTFOLIO,DISMISSAL,Modal dialogs keep background inert and focus contained; provide Esc plus visible Close/Cancel and explicit completion routes. Outside click dismissal is optional only when safe.,,CURRENT_UNLESS_SUPERSEDED_BY_LATER_OWNER_DIRECT,CURRENT_DIRECT_OWNER_BIG_BOSS_NORMALIZED,ADMIT_UNSUPERSEDED_CONCEPT_ONLY,CEP_CANONICAL_DECISION_SUPERSESSION_REGISTRY_v1.0.csv#OSD-022,DESIGN_REQUIREMENT_NOT_PRODUCT_IMPLEMENTED,Big Boss v1.2 O01/owner_intent_registry.json,ADMIT_NORMATIVE_NEED; DO_NOT_IMPORT_STACK_SPECIFIC_TARGET_PATHS,All OWNER-20260910 rows take precedence; physical paths/server/auth claims are not target law
OSD-023,P0,PORTFOLIO,DISMISSAL,"Disclosure/accordion/toggle controls should support activation of the same trigger to open and close, with Enter/Space parity. Auto-close of sibling sections may coexist but is not the only close route.",,CURRENT_UNLESS_SUPERSEDED_BY_LATER_OWNER_DIRECT,CURRENT_DIRECT_OWNER_BIG_BOSS_NORMALIZED,ADMIT_UNSUPERSEDED_CONCEPT_ONLY,CEP_CANONICAL_DECISION_SUPERSESSION_REGISTRY_v1.0.csv#OSD-023,DESIGN_REQUIREMENT_NOT_PRODUCT_IMPLEMENTED,Big Boss v1.2 O01/owner_intent_registry.json,ADMIT_NORMATIVE_NEED; DO_NOT_IMPORT_STACK_SPECIFIC_TARGET_PATHS,All OWNER-20260910 rows take precedence; physical paths/server/auth claims are not target law
OSD-024,P1,PORTFOLIO,DISMISSAL,Pinned/persistent panes require explicit hide/close/customization commands; focus movement alone should not destroy persistent workspace context.,,CURRENT_UNLESS_SUPERSEDED_BY_LATER_OWNER_DIRECT,CURRENT_DIRECT_OWNER_BIG_BOSS_NORMALIZED,ADMIT_UNSUPERSEDED_CONCEPT_ONLY,CEP_CANONICAL_DECISION_SUPERSESSION_REGISTRY_v1.0.csv#OSD-024,DESIGN_REQUIREMENT_NOT_PRODUCT_IMPLEMENTED,Big Boss v1.2 O01/owner_intent_registry.json,ADMIT_NORMATIVE_NEED; DO_NOT_IMPORT_STACK_SPECIFIC_TARGET_PATHS,All OWNER-20260910 rows take precedence; physical paths/server/auth claims are not target law
OSD-025,P0,PORTFOLIO,CUSTOMIZATION,Extreme customizability must use one coherent PreferenceStore/Settings architecture rather than independent mini-settings engines scattered across panels.,,CURRENT_UNLESS_SUPERSEDED_BY_LATER_OWNER_DIRECT,CURRENT_DIRECT_OWNER_BIG_BOSS_NORMALIZED,ADMIT_UNSUPERSEDED_CONCEPT_ONLY,CEP_CANONICAL_DECISION_SUPERSESSION_REGISTRY_v1.0.csv#OSD-025,DESIGN_REQUIREMENT_NOT_PRODUCT_IMPLEMENTED,Big Boss v1.2 O01/owner_intent_registry.json,ADMIT_NORMATIVE_NEED; DO_NOT_IMPORT_STACK_SPECIFIC_TARGET_PATHS,All OWNER-20260910 rows take precedence; physical paths/server/auth claims are not target law
OSD-026,P0,PORTFOLIO,CUSTOMIZATION,"Contextual Customize/Settings actions may deep-link or modify the same centralized preference, but must not create duplicate state owners.",,CURRENT_UNLESS_SUPERSEDED_BY_LATER_OWNER_DIRECT,CURRENT_DIRECT_OWNER_BIG_BOSS_NORMALIZED,ADMIT_UNSUPERSEDED_CONCEPT_ONLY,CEP_CANONICAL_DECISION_SUPERSESSION_REGISTRY_v1.0.csv#OSD-026,DESIGN_REQUIREMENT_NOT_PRODUCT_IMPLEMENTED,Big Boss v1.2 O01/owner_intent_registry.json,ADMIT_NORMATIVE_NEED; DO_NOT_IMPORT_STACK_SPECIFIC_TARGET_PATHS,All OWNER-20260910 rows take precedence; physical paths/server/auth claims are not target law
OSD-027,P0,PORTFOLIO,CUSTOMIZATION,"Settings must be searchable, categorized, compact/comfortable, visually subordinate to work, responsive and appropriately sized rather than an oversized generic sheet.",,CURRENT_UNLESS_SUPERSEDED_BY_LATER_OWNER_DIRECT,CURRENT_DIRECT_OWNER_BIG_BOSS_NORMALIZED,ADMIT_UNSUPERSEDED_CONCEPT_ONLY,CEP_CANONICAL_DECISION_SUPERSESSION_REGISTRY_v1.0.csv#OSD-027,DESIGN_REQUIREMENT_NOT_PRODUCT_IMPLEMENTED,Big Boss v1.2 O01/owner_intent_registry.json,ADMIT_NORMATIVE_NEED; DO_NOT_IMPORT_STACK_SPECIFIC_TARGET_PATHS,All OWNER-20260910 rows take precedence; physical paths/server/auth claims are not target law
OSD-028,P0,PORTFOLIO,CUSTOMIZATION,"Expose high-frequency local controls near the work and keep advanced/rare controls in centralized grouped Settings, without duplicating semantics.",,CURRENT_UNLESS_SUPERSEDED_BY_LATER_OWNER_DIRECT,CURRENT_DIRECT_OWNER_BIG_BOSS_NORMALIZED,ADMIT_UNSUPERSEDED_CONCEPT_ONLY,CEP_CANONICAL_DECISION_SUPERSESSION_REGISTRY_v1.0.csv#OSD-028,DESIGN_REQUIREMENT_NOT_PRODUCT_IMPLEMENTED,Big Boss v1.2 O01/owner_intent_registry.json,ADMIT_NORMATIVE_NEED; DO_NOT_IMPORT_STACK_SPECIFIC_TARGET_PATHS,All OWNER-20260910 rows take precedence; physical paths/server/auth claims are not target law
OSD-029,P0,PORTFOLIO,CUSTOMIZATION,Preferences may inherit Global → Workspace → Surface → View → Component override with explicit reset-to-parent/default semantics.,,CURRENT_UNLESS_SUPERSEDED_BY_LATER_OWNER_DIRECT,CURRENT_DIRECT_OWNER_BIG_BOSS_NORMALIZED,ADMIT_UNSUPERSEDED_CONCEPT_ONLY,CEP_CANONICAL_DECISION_SUPERSESSION_REGISTRY_v1.0.csv#OSD-029,DESIGN_REQUIREMENT_NOT_PRODUCT_IMPLEMENTED,Big Boss v1.2 O01/owner_intent_registry.json,ADMIT_NORMATIVE_NEED; DO_NOT_IMPORT_STACK_SPECIFIC_TARGET_PATHS,All OWNER-20260910 rows take precedence; physical paths/server/auth claims are not target law
OSD-030,P0,PORTFOLIO,CUSTOMIZATION,Provide reset current control/surface/view/workspace/keymap/default visibility and import/export/versioned migration where relevant.,,CURRENT_UNLESS_SUPERSEDED_BY_LATER_OWNER_DIRECT,CURRENT_DIRECT_OWNER_BIG_BOSS_NORMALIZED,ADMIT_UNSUPERSEDED_CONCEPT_ONLY,CEP_CANONICAL_DECISION_SUPERSESSION_REGISTRY_v1.0.csv#OSD-030,DESIGN_REQUIREMENT_NOT_PRODUCT_IMPLEMENTED,Big Boss v1.2 O01/owner_intent_registry.json,ADMIT_NORMATIVE_NEED; DO_NOT_IMPORT_STACK_SPECIFIC_TARGET_PATHS,All OWNER-20260910 rows take precedence; physical paths/server/auth claims are not target law
OSD-031,P0,PORTFOLIO,CUSTOMIZATION,Hiding/moving chrome preserves alternate access through command search/context/settings/shortcut unless the capability itself is intentionally disabled.,,CURRENT_UNLESS_SUPERSEDED_BY_LATER_OWNER_DIRECT,CURRENT_DIRECT_OWNER_BIG_BOSS_NORMALIZED,ADMIT_UNSUPERSEDED_CONCEPT_ONLY,CEP_CANONICAL_DECISION_SUPERSESSION_REGISTRY_v1.0.csv#OSD-031,DESIGN_REQUIREMENT_NOT_PRODUCT_IMPLEMENTED,Big Boss v1.2 O01/owner_intent_registry.json,ADMIT_NORMATIVE_NEED; DO_NOT_IMPORT_STACK_SPECIFIC_TARGET_PATHS,All OWNER-20260910 rows take precedence; physical paths/server/auth claims are not target law
OSD-032,P1,PORTFOLIO,CUSTOMIZATION,"Because this is a single-owner personal platform, allow aggressive personal layout/density/tool visibility customization while preserving mandatory safety/error/authority disclosures and recovery routes.",,CURRENT_UNLESS_SUPERSEDED_BY_LATER_OWNER_DIRECT,CURRENT_DIRECT_OWNER_BIG_BOSS_NORMALIZED,ADMIT_UNSUPERSEDED_CONCEPT_ONLY,CEP_CANONICAL_DECISION_SUPERSESSION_REGISTRY_v1.0.csv#OSD-032,DESIGN_REQUIREMENT_NOT_PRODUCT_IMPLEMENTED,Big Boss v1.2 O01/owner_intent_registry.json,ADMIT_NORMATIVE_NEED; DO_NOT_IMPORT_STACK_SPECIFIC_TARGET_PATHS,All OWNER-20260910 rows take precedence; physical paths/server/auth claims are not target law
OSD-033,P0,PORTFOLIO,ACTION_SURFACE,"Every action-bearing container participates in InteractionSurfaceRegistry/ActionSurfaceModel with owner, grouping, lifecycle, responsive, accessibility and customization contracts.",,CURRENT_UNLESS_SUPERSEDED_BY_LATER_OWNER_DIRECT,CURRENT_DIRECT_OWNER_BIG_BOSS_NORMALIZED,ADMIT_UNSUPERSEDED_CONCEPT_ONLY,CEP_CANONICAL_DECISION_SUPERSESSION_REGISTRY_v1.0.csv#OSD-033,DESIGN_REQUIREMENT_NOT_PRODUCT_IMPLEMENTED,Big Boss v1.2 O01/owner_intent_registry.json,ADMIT_NORMATIVE_NEED; DO_NOT_IMPORT_STACK_SPECIFIC_TARGET_PATHS,All OWNER-20260910 rows take precedence; physical paths/server/auth claims are not target law
OSD-034,P0,PORTFOLIO,ACTION_SURFACE,"Use grouping, progressive disclosure, context sensitivity, favorites/recents, search, split-buttons, menus and responsive overflow so adding capability does not overwhelm the work surface.",,CURRENT_UNLESS_SUPERSEDED_BY_LATER_OWNER_DIRECT,CURRENT_DIRECT_OWNER_BIG_BOSS_NORMALIZED,ADMIT_UNSUPERSEDED_CONCEPT_ONLY,CEP_CANONICAL_DECISION_SUPERSESSION_REGISTRY_v1.0.csv#OSD-034,DESIGN_REQUIREMENT_NOT_PRODUCT_IMPLEMENTED,Big Boss v1.2 O01/owner_intent_registry.json,ADMIT_NORMATIVE_NEED; DO_NOT_IMPORT_STACK_SPECIFIC_TARGET_PATHS,All OWNER-20260910 rows take precedence; physical paths/server/auth claims are not target law
OSD-035,P0,PORTFOLIO,ACTION_SURFACE,"Destructive/high-impact actions get isolated grouping, impact explanation, undo/recovery truth and appropriate confirmation policy.",,CURRENT_UNLESS_SUPERSEDED_BY_LATER_OWNER_DIRECT,CURRENT_DIRECT_OWNER_BIG_BOSS_NORMALIZED,ADMIT_UNSUPERSEDED_CONCEPT_ONLY,CEP_CANONICAL_DECISION_SUPERSESSION_REGISTRY_v1.0.csv#OSD-035,DESIGN_REQUIREMENT_NOT_PRODUCT_IMPLEMENTED,Big Boss v1.2 O01/owner_intent_registry.json,ADMIT_NORMATIVE_NEED; DO_NOT_IMPORT_STACK_SPECIFIC_TARGET_PATHS,All OWNER-20260910 rows take precedence; physical paths/server/auth claims are not target law
OSD-036,P0,PORTFOLIO,ACCESSIBILITY,"Accessibility architecture should maximize independent ability to navigate, inspect, edit, configure and recover through multiple input paths, not merely add ARIA attributes.",,CURRENT_UNLESS_SUPERSEDED_BY_LATER_OWNER_DIRECT,CURRENT_DIRECT_OWNER_BIG_BOSS_NORMALIZED,ADMIT_UNSUPERSEDED_CONCEPT_ONLY,CEP_CANONICAL_DECISION_SUPERSESSION_REGISTRY_v1.0.csv#OSD-036,DESIGN_REQUIREMENT_NOT_PRODUCT_IMPLEMENTED,Big Boss v1.2 O01/owner_intent_registry.json,ADMIT_NORMATIVE_NEED; DO_NOT_IMPORT_STACK_SPECIFIC_TARGET_PATHS,All OWNER-20260910 rows take precedence; physical paths/server/auth claims are not target law
OSD-037,P0,PORTFOLIO,ACCESSIBILITY,"Every transient, modal, pane, context switch and editor action defines initial focus, traversal, containment if applicable, and deterministic return/fallback.",,CURRENT_UNLESS_SUPERSEDED_BY_LATER_OWNER_DIRECT,CURRENT_DIRECT_OWNER_BIG_BOSS_NORMALIZED,ADMIT_UNSUPERSEDED_CONCEPT_ONLY,CEP_CANONICAL_DECISION_SUPERSESSION_REGISTRY_v1.0.csv#OSD-037,DESIGN_REQUIREMENT_NOT_PRODUCT_IMPLEMENTED,Big Boss v1.2 O01/owner_intent_registry.json,ADMIT_NORMATIVE_NEED; DO_NOT_IMPORT_STACK_SPECIFIC_TARGET_PATHS,All OWNER-20260910 rows take precedence; physical paths/server/auth claims are not target law
OSD-038,P0,PORTFOLIO,ACCESSIBILITY,Hover may enhance discovery but essential commands must be reachable without hover.,,CURRENT_UNLESS_SUPERSEDED_BY_LATER_OWNER_DIRECT,CURRENT_DIRECT_OWNER_BIG_BOSS_NORMALIZED,ADMIT_UNSUPERSEDED_CONCEPT_ONLY,CEP_CANONICAL_DECISION_SUPERSESSION_REGISTRY_v1.0.csv#OSD-038,DESIGN_REQUIREMENT_NOT_PRODUCT_IMPLEMENTED,Big Boss v1.2 O01/owner_intent_registry.json,ADMIT_NORMATIVE_NEED; DO_NOT_IMPORT_STACK_SPECIFIC_TARGET_PATHS,All OWNER-20260910 rows take precedence; physical paths/server/auth claims are not target law
OSD-039,P1,PORTFOLIO,ACCESSIBILITY,Support comfortable UI scaling/density independently from spatial canvas zoom when architecture permits.,,CURRENT_UNLESS_SUPERSEDED_BY_LATER_OWNER_DIRECT,CURRENT_DIRECT_OWNER_BIG_BOSS_NORMALIZED,ADMIT_UNSUPERSEDED_CONCEPT_ONLY,CEP_CANONICAL_DECISION_SUPERSESSION_REGISTRY_v1.0.csv#OSD-039,DESIGN_REQUIREMENT_NOT_PRODUCT_IMPLEMENTED,Big Boss v1.2 O01/owner_intent_registry.json,ADMIT_NORMATIVE_NEED; DO_NOT_IMPORT_STACK_SPECIFIC_TARGET_PATHS,All OWNER-20260910 rows take precedence; physical paths/server/auth claims are not target law
OSD-040,P0,PORTFOLIO,INPUT,"Keyboard/mouse/trackpad behavior should use versioned profiles with conflict detection, reset and accessibility-safe behavior, rather than hard-coded one-size-fits-all input assumptions.",,CURRENT_UNLESS_SUPERSEDED_BY_LATER_OWNER_DIRECT,CURRENT_DIRECT_OWNER_BIG_BOSS_NORMALIZED,ADMIT_UNSUPERSEDED_CONCEPT_ONLY,CEP_CANONICAL_DECISION_SUPERSESSION_REGISTRY_v1.0.csv#OSD-040,DESIGN_REQUIREMENT_NOT_PRODUCT_IMPLEMENTED,Big Boss v1.2 O01/owner_intent_registry.json,ADMIT_NORMATIVE_NEED; DO_NOT_IMPORT_STACK_SPECIFIC_TARGET_PATHS,All OWNER-20260910 rows take precedence; physical paths/server/auth claims are not target law
OSD-041,P0,PORTFOLIO,INPUT,"Global shortcuts/gestures must not steal ordinary text input, IME composition, native panel scrolling or assistive-technology interaction without explicit scope.",,CURRENT_UNLESS_SUPERSEDED_BY_LATER_OWNER_DIRECT,CURRENT_DIRECT_OWNER_BIG_BOSS_NORMALIZED,ADMIT_UNSUPERSEDED_CONCEPT_ONLY,CEP_CANONICAL_DECISION_SUPERSESSION_REGISTRY_v1.0.csv#OSD-041,DESIGN_REQUIREMENT_NOT_PRODUCT_IMPLEMENTED,Big Boss v1.2 O01/owner_intent_registry.json,ADMIT_NORMATIVE_NEED; DO_NOT_IMPORT_STACK_SPECIFIC_TARGET_PATHS,All OWNER-20260910 rows take precedence; physical paths/server/auth claims are not target law
OSD-042,P0,PORTFOLIO,STATE,Responsive collapse/overlay behavior may temporarily override layout but must not silently overwrite the Owner preferred pane/layout state.,,CURRENT_UNLESS_SUPERSEDED_BY_LATER_OWNER_DIRECT,CURRENT_DIRECT_OWNER_BIG_BOSS_NORMALIZED,ADMIT_UNSUPERSEDED_CONCEPT_ONLY,CEP_CANONICAL_DECISION_SUPERSESSION_REGISTRY_v1.0.csv#OSD-042,DESIGN_REQUIREMENT_NOT_PRODUCT_IMPLEMENTED,Big Boss v1.2 O01/owner_intent_registry.json,ADMIT_NORMATIVE_NEED; DO_NOT_IMPORT_STACK_SPECIFIC_TARGET_PATHS,All OWNER-20260910 rows take precedence; physical paths/server/auth claims are not target law
OSD-043,P0,PORTFOLIO,STATE,Unavailable/error/stale/unobserved/empty/locked-by-platform states must not be conflated with user-hidden/collapsed/filtered/personal preferences.,,CURRENT_UNLESS_SUPERSEDED_BY_LATER_OWNER_DIRECT,CURRENT_DIRECT_OWNER_BIG_BOSS_NORMALIZED,ADMIT_UNSUPERSEDED_CONCEPT_ONLY,CEP_CANONICAL_DECISION_SUPERSESSION_REGISTRY_v1.0.csv#OSD-043,DESIGN_REQUIREMENT_NOT_PRODUCT_IMPLEMENTED,Big Boss v1.2 O01/owner_intent_registry.json,ADMIT_NORMATIVE_NEED; DO_NOT_IMPORT_STACK_SPECIFIC_TARGET_PATHS,All OWNER-20260910 rows take precedence; physical paths/server/auth claims are not target law
OSD-044,P0,PORTFOLIO,STATE,"Editable representations, projections, spatial copies and contextual views must not silently create or mutate canonical domain truth unless the command explicitly targets the canonical owner.",,CURRENT_UNLESS_SUPERSEDED_BY_LATER_OWNER_DIRECT,CURRENT_DIRECT_OWNER_BIG_BOSS_NORMALIZED,ADMIT_UNSUPERSEDED_CONCEPT_ONLY,CEP_CANONICAL_DECISION_SUPERSESSION_REGISTRY_v1.0.csv#OSD-044,DESIGN_REQUIREMENT_NOT_PRODUCT_IMPLEMENTED,Big Boss v1.2 O01/owner_intent_registry.json,ADMIT_NORMATIVE_NEED; DO_NOT_IMPORT_STACK_SPECIFIC_TARGET_PATHS,All OWNER-20260910 rows take precedence; physical paths/server/auth claims are not target law
OSD-045,P0,PORTFOLIO,HISTORY,"The Owner should be able to experiment aggressively because reversible actions, history, revision, restore and recovery are first-class where feasible.",,CURRENT_UNLESS_SUPERSEDED_BY_LATER_OWNER_DIRECT,CURRENT_DIRECT_OWNER_BIG_BOSS_NORMALIZED,ADMIT_UNSUPERSEDED_CONCEPT_ONLY,CEP_CANONICAL_DECISION_SUPERSESSION_REGISTRY_v1.0.csv#OSD-045,DESIGN_REQUIREMENT_NOT_PRODUCT_IMPLEMENTED,Big Boss v1.2 O01/owner_intent_registry.json,ADMIT_NORMATIVE_NEED; DO_NOT_IMPORT_STACK_SPECIFIC_TARGET_PATHS,All OWNER-20260910 rows take precedence; physical paths/server/auth claims are not target law
OSD-046,P0,PORTFOLIO,AUTHORITY,Authority/gating information should explain real commit/integrity boundaries but should not disable safe local/draft/design interactions unnecessarily.,,CURRENT_UNLESS_SUPERSEDED_BY_LATER_OWNER_DIRECT,CURRENT_DIRECT_OWNER_BIG_BOSS_NORMALIZED,ADMIT_UNSUPERSEDED_CONCEPT_ONLY,CEP_CANONICAL_DECISION_SUPERSESSION_REGISTRY_v1.0.csv#OSD-046,DESIGN_REQUIREMENT_NOT_PRODUCT_IMPLEMENTED,Big Boss v1.2 O01/owner_intent_registry.json,ADMIT_NORMATIVE_NEED; DO_NOT_IMPORT_STACK_SPECIFIC_TARGET_PATHS,All OWNER-20260910 rows take precedence; physical paths/server/auth claims are not target law
OSD-047,P0,PORTFOLIO,AUTHORITY,"Old reviewer findings, old writer packets and old approved interpretations are revalidated; they may be superseded by current Owner intent, newer evidence or better architecture.",,CURRENT_UNLESS_SUPERSEDED_BY_LATER_OWNER_DIRECT,CURRENT_DIRECT_OWNER_BIG_BOSS_NORMALIZED,ADMIT_UNSUPERSEDED_CONCEPT_ONLY,CEP_CANONICAL_DECISION_SUPERSESSION_REGISTRY_v1.0.csv#OSD-047,DESIGN_REQUIREMENT_NOT_PRODUCT_IMPLEMENTED,Big Boss v1.2 O01/owner_intent_registry.json,ADMIT_NORMATIVE_NEED; DO_NOT_IMPORT_STACK_SPECIFIC_TARGET_PATHS,All OWNER-20260910 rows take precedence; physical paths/server/auth claims are not target law
OSD-048,P0,PORTFOLIO,WRITER,Future Blueprint and Production writers should receive self-contained decision-complete execution capsules that minimize interpretation and do not require reading the entire Big Boss corpus.,,CURRENT_UNLESS_SUPERSEDED_BY_LATER_OWNER_DIRECT,CURRENT_DIRECT_OWNER_BIG_BOSS_NORMALIZED,ADMIT_UNSUPERSEDED_CONCEPT_ONLY,CEP_CANONICAL_DECISION_SUPERSESSION_REGISTRY_v1.0.csv#OSD-048,DESIGN_REQUIREMENT_NOT_PRODUCT_IMPLEMENTED,Big Boss v1.2 O01/owner_intent_registry.json,ADMIT_NORMATIVE_NEED; DO_NOT_IMPORT_STACK_SPECIFIC_TARGET_PATHS,All OWNER-20260910 rows take precedence; physical paths/server/auth claims are not target law
OSD-049,P0,PORTFOLIO,WRITER,Compile only the exact authority/donor/requirements/state/mapping slices needed for the task; avoid context bloat that can distract or create conflicting interpretations.,,CURRENT_UNLESS_SUPERSEDED_BY_LATER_OWNER_DIRECT,CURRENT_DIRECT_OWNER_BIG_BOSS_NORMALIZED,ADMIT_UNSUPERSEDED_CONCEPT_ONLY,CEP_CANONICAL_DECISION_SUPERSESSION_REGISTRY_v1.0.csv#OSD-049,DESIGN_REQUIREMENT_NOT_PRODUCT_IMPLEMENTED,Big Boss v1.2 O01/owner_intent_registry.json,ADMIT_NORMATIVE_NEED; DO_NOT_IMPORT_STACK_SPECIFIC_TARGET_PATHS,All OWNER-20260910 rows take precedence; physical paths/server/auth claims are not target law
OSD-050,P0,PORTFOLIO,WRITER,"Product semantics, Owner requirements, state ownership, authority boundaries and acceptance criteria are pre-decided. Executor discretion is limited to implementation details that preserve the contract.",,CURRENT_UNLESS_SUPERSEDED_BY_LATER_OWNER_DIRECT,CURRENT_DIRECT_OWNER_BIG_BOSS_NORMALIZED,ADMIT_UNSUPERSEDED_CONCEPT_ONLY,CEP_CANONICAL_DECISION_SUPERSESSION_REGISTRY_v1.0.csv#OSD-050,DESIGN_REQUIREMENT_NOT_PRODUCT_IMPLEMENTED,Big Boss v1.2 O01/owner_intent_registry.json,ADMIT_NORMATIVE_NEED; DO_NOT_IMPORT_STACK_SPECIFIC_TARGET_PATHS,All OWNER-20260910 rows take precedence; physical paths/server/auth claims are not target law
OSD-051,P0,PORTFOLIO,WRITER,"Ban vague executor-facing terms such as professional/best/appropriate/clean/etc. unless accompanied by measurable behaviors, state tables, examples, constraints or acceptance assertions.",,CURRENT_UNLESS_SUPERSEDED_BY_LATER_OWNER_DIRECT,CURRENT_DIRECT_OWNER_BIG_BOSS_NORMALIZED,ADMIT_UNSUPERSEDED_CONCEPT_ONLY,CEP_CANONICAL_DECISION_SUPERSESSION_REGISTRY_v1.0.csv#OSD-051,DESIGN_REQUIREMENT_NOT_PRODUCT_IMPLEMENTED,Big Boss v1.2 O01/owner_intent_registry.json,ADMIT_NORMATIVE_NEED; DO_NOT_IMPORT_STACK_SPECIFIC_TARGET_PATHS,All OWNER-20260910 rows take precedence; physical paths/server/auth claims are not target law
OSD-052,P0,PORTFOLIO,WRITER,"Break execution into atomic tasks with exact inputs, paths/components, state transition, required behavior, tests/evidence and done conditions; serialize only shared/colliding owners.",,CURRENT_UNLESS_SUPERSEDED_BY_LATER_OWNER_DIRECT,CURRENT_DIRECT_OWNER_BIG_BOSS_NORMALIZED,ADMIT_UNSUPERSEDED_CONCEPT_ONLY,CEP_CANONICAL_DECISION_SUPERSESSION_REGISTRY_v1.0.csv#OSD-052,DESIGN_REQUIREMENT_NOT_PRODUCT_IMPLEMENTED,Big Boss v1.2 O01/owner_intent_registry.json,ADMIT_NORMATIVE_NEED; DO_NOT_IMPORT_STACK_SPECIFIC_TARGET_PATHS,All OWNER-20260910 rows take precedence; physical paths/server/auth claims are not target law
OSD-053,P0,PORTFOLIO,WRITER,"Writer packets should be executable by capable ordinary ChatGPT chats, not depend on Work-scale context or hidden memory. Heavy Work is reserved for synthesis/research/complex integration, while writer capsules remain compact and deterministic.",,CURRENT_UNLESS_SUPERSEDED_BY_LATER_OWNER_DIRECT,CURRENT_DIRECT_OWNER_BIG_BOSS_NORMALIZED,ADMIT_UNSUPERSEDED_CONCEPT_ONLY,CEP_CANONICAL_DECISION_SUPERSESSION_REGISTRY_v1.0.csv#OSD-053,DESIGN_REQUIREMENT_NOT_PRODUCT_IMPLEMENTED,Big Boss v1.2 O01/owner_intent_registry.json,ADMIT_NORMATIVE_NEED; DO_NOT_IMPORT_STACK_SPECIFIC_TARGET_PATHS,All OWNER-20260910 rows take precedence; physical paths/server/auth claims are not target law
OSD-054,P0,PORTFOLIO,WRITER,A writer may identify contradictions but must not silently reinterpret the product. It records the conflict and applies the packet precedence/supersession rules.,,CURRENT_UNLESS_SUPERSEDED_BY_LATER_OWNER_DIRECT,CURRENT_DIRECT_OWNER_BIG_BOSS_NORMALIZED,ADMIT_UNSUPERSEDED_CONCEPT_ONLY,CEP_CANONICAL_DECISION_SUPERSESSION_REGISTRY_v1.0.csv#OSD-054,DESIGN_REQUIREMENT_NOT_PRODUCT_IMPLEMENTED,Big Boss v1.2 O01/owner_intent_registry.json,ADMIT_NORMATIVE_NEED; DO_NOT_IMPORT_STACK_SPECIFIC_TARGET_PATHS,All OWNER-20260910 rows take precedence; physical paths/server/auth claims are not target law
OSD-055,P0,PORTFOLIO,WRITER,"Packets include what must not change, what must not be duplicated, forbidden state owners, forbidden shortcuts and known traps, not only desired features.",,CURRENT_UNLESS_SUPERSEDED_BY_LATER_OWNER_DIRECT,CURRENT_DIRECT_OWNER_BIG_BOSS_NORMALIZED,ADMIT_UNSUPERSEDED_CONCEPT_ONLY,CEP_CANONICAL_DECISION_SUPERSESSION_REGISTRY_v1.0.csv#OSD-055,DESIGN_REQUIREMENT_NOT_PRODUCT_IMPLEMENTED,Big Boss v1.2 O01/owner_intent_registry.json,ADMIT_NORMATIVE_NEED; DO_NOT_IMPORT_STACK_SPECIFIC_TARGET_PATHS,All OWNER-20260910 rows take precedence; physical paths/server/auth claims are not target law
OSD-056,P0,PORTFOLIO,WRITER,Material interaction states use explicit transition tables/Given-When-Then assertions rather than relying on narrative interpretation.,,CURRENT_UNLESS_SUPERSEDED_BY_LATER_OWNER_DIRECT,CURRENT_DIRECT_OWNER_BIG_BOSS_NORMALIZED,ADMIT_UNSUPERSEDED_CONCEPT_ONLY,CEP_CANONICAL_DECISION_SUPERSESSION_REGISTRY_v1.0.csv#OSD-056,DESIGN_REQUIREMENT_NOT_PRODUCT_IMPLEMENTED,Big Boss v1.2 O01/owner_intent_registry.json,ADMIT_NORMATIVE_NEED; DO_NOT_IMPORT_STACK_SPECIFIC_TARGET_PATHS,All OWNER-20260910 rows take precedence; physical paths/server/auth claims are not target law
OSD-057,P0,PORTFOLIO,PRODUCTION,"Production writer is an implementer, not a second product designer. Conversion packets map frozen Blueprint behavior into current code with explicit allowed implementation freedom.",,CURRENT_UNLESS_SUPERSEDED_BY_LATER_OWNER_DIRECT,CURRENT_DIRECT_OWNER_BIG_BOSS_NORMALIZED,ADMIT_UNSUPERSEDED_CONCEPT_ONLY,CEP_CANONICAL_DECISION_SUPERSESSION_REGISTRY_v1.0.csv#OSD-057,DESIGN_REQUIREMENT_NOT_PRODUCT_IMPLEMENTED,Big Boss v1.2 O01/owner_intent_registry.json,ADMIT_NORMATIVE_NEED; DO_NOT_IMPORT_STACK_SPECIFIC_TARGET_PATHS,All OWNER-20260910 rows take precedence; physical paths/server/auth claims are not target law
OSD-058,P0,PORTFOLIO,PRODUCTION,Every Owner requirement/capability/command/state maps through Blueprint component to production symbol/test/evidence or explicit disposition.,,CURRENT_UNLESS_SUPERSEDED_BY_LATER_OWNER_DIRECT,CURRENT_DIRECT_OWNER_BIG_BOSS_NORMALIZED,ADMIT_UNSUPERSEDED_CONCEPT_ONLY,CEP_CANONICAL_DECISION_SUPERSESSION_REGISTRY_v1.0.csv#OSD-058,DESIGN_REQUIREMENT_NOT_PRODUCT_IMPLEMENTED,Big Boss v1.2 O01/owner_intent_registry.json,ADMIT_NORMATIVE_NEED; DO_NOT_IMPORT_STACK_SPECIFIC_TARGET_PATHS,All OWNER-20260910 rows take precedence; physical paths/server/auth claims are not target law
OSD-059,P0,PORTFOLIO,PRODUCTION,"Production conversion packets include exact current branch/SHA, paths/symbols, owners, adapters, route/data contracts, test targets, collision map and write scope.",,CURRENT_UNLESS_SUPERSEDED_BY_LATER_OWNER_DIRECT,CURRENT_DIRECT_OWNER_BIG_BOSS_NORMALIZED,ADMIT_UNSUPERSEDED_CONCEPT_ONLY,CEP_CANONICAL_DECISION_SUPERSESSION_REGISTRY_v1.0.csv#OSD-059,DESIGN_REQUIREMENT_NOT_PRODUCT_IMPLEMENTED,Big Boss v1.2 O01/owner_intent_registry.json,ADMIT_NORMATIVE_NEED; DO_NOT_IMPORT_STACK_SPECIFIC_TARGET_PATHS,All OWNER-20260910 rows take precedence; physical paths/server/auth claims are not target law
OSD-060,P0,PORTFOLIO,PRODUCTION,"Production parity must cover visual hierarchy, behavior, state semantics, keyboard/pointer, accessibility, responsive, themes/Bidi, error/empty states and domain truth.",,CURRENT_UNLESS_SUPERSEDED_BY_LATER_OWNER_DIRECT,CURRENT_DIRECT_OWNER_BIG_BOSS_NORMALIZED,ADMIT_UNSUPERSEDED_CONCEPT_ONLY,CEP_CANONICAL_DECISION_SUPERSESSION_REGISTRY_v1.0.csv#OSD-060,DESIGN_REQUIREMENT_NOT_PRODUCT_IMPLEMENTED,Big Boss v1.2 O01/owner_intent_registry.json,ADMIT_NORMATIVE_NEED; DO_NOT_IMPORT_STACK_SPECIFIC_TARGET_PATHS,All OWNER-20260910 rows take precedence; physical paths/server/auth claims are not target law
OSD-061,P0,PORTFOLIO,DISCOVERY,"Owner examples are minimum evidence, not an exhaustive list. Big Boss must systematically search for analogous states/use cases and improve the doctrine without deleting or weakening direct Owner intent.",,CURRENT_UNLESS_SUPERSEDED_BY_LATER_OWNER_DIRECT,CURRENT_DIRECT_OWNER_BIG_BOSS_NORMALIZED,ADMIT_UNSUPERSEDED_CONCEPT_ONLY,CEP_CANONICAL_DECISION_SUPERSESSION_REGISTRY_v1.0.csv#OSD-061,DESIGN_REQUIREMENT_NOT_PRODUCT_IMPLEMENTED,Big Boss v1.2 O01/owner_intent_registry.json,ADMIT_NORMATIVE_NEED; DO_NOT_IMPORT_STACK_SPECIFIC_TARGET_PATHS,All OWNER-20260910 rows take precedence; physical paths/server/auth claims are not target law
OSD-062,P0,PORTFOLIO,DISCOVERY,"For each proposed universal rule, test it against modal/persistent/transient/editor/spatial/table/operational/review/configuration archetypes to avoid overgeneralization.",,CURRENT_UNLESS_SUPERSEDED_BY_LATER_OWNER_DIRECT,CURRENT_DIRECT_OWNER_BIG_BOSS_NORMALIZED,ADMIT_UNSUPERSEDED_CONCEPT_ONLY,CEP_CANONICAL_DECISION_SUPERSESSION_REGISTRY_v1.0.csv#OSD-062,DESIGN_REQUIREMENT_NOT_PRODUCT_IMPLEMENTED,Big Boss v1.2 O01/owner_intent_registry.json,ADMIT_NORMATIVE_NEED; DO_NOT_IMPORT_STACK_SPECIFIC_TARGET_PATHS,All OWNER-20260910 rows take precedence; physical paths/server/auth claims are not target law
OSD-063,P0,PORTFOLIO,DISCOVERY,"Big Boss must actively search current authority/blueprints/product for unnecessary locks, read-only assumptions, single-route interactions, duplicate settings owners and donor regressions, not wait for the Owner to point them out.",,CURRENT_UNLESS_SUPERSEDED_BY_LATER_OWNER_DIRECT,CURRENT_DIRECT_OWNER_BIG_BOSS_NORMALIZED,ADMIT_UNSUPERSEDED_CONCEPT_ONLY,CEP_CANONICAL_DECISION_SUPERSESSION_REGISTRY_v1.0.csv#OSD-063,DESIGN_REQUIREMENT_NOT_PRODUCT_IMPLEMENTED,Big Boss v1.2 O01/owner_intent_registry.json,ADMIT_NORMATIVE_NEED; DO_NOT_IMPORT_STACK_SPECIFIC_TARGET_PATHS,All OWNER-20260910 rows take precedence; physical paths/server/auth claims are not target law
OSD-064,P0,PORTFOLIO,DISCOVERY,"Big Boss must actively identify strong mechanics in existing donors/production/historical work that should be preserved or generalized, even if they were not mentioned in current Owner examples.",,CURRENT_UNLESS_SUPERSEDED_BY_LATER_OWNER_DIRECT,CURRENT_DIRECT_OWNER_BIG_BOSS_NORMALIZED,ADMIT_UNSUPERSEDED_CONCEPT_ONLY,CEP_CANONICAL_DECISION_SUPERSESSION_REGISTRY_v1.0.csv#OSD-064,DESIGN_REQUIREMENT_NOT_PRODUCT_IMPLEMENTED,Big Boss v1.2 O01/owner_intent_registry.json,ADMIT_NORMATIVE_NEED; DO_NOT_IMPORT_STACK_SPECIFIC_TARGET_PATHS,All OWNER-20260910 rows take precedence; physical paths/server/auth claims are not target law
OSD-065,P0/P1_AS_CONTEXT,PORTFOLIO_OR_APPLICABLE_SURFACES,V1_2_OWNER_HARDENING,"Product language is configurable, never permanently Arabic-first.",SEE_RULE_AND_OWNER_SUPERSESSION_GRAPH,CURRENT_UNLESS_SUPERSEDED_BY_LATER_OWNER_DIRECT,CURRENT_USER_AND_PHASE_B,ADMIT_UNSUPERSEDED_CONCEPT_ONLY,CEP_CANONICAL_DECISION_SUPERSESSION_REGISTRY_v1.0.csv#OSD-065,DESIGN_REQUIREMENT_NOT_PRODUCT_IMPLEMENTED,Big Boss v1.2 O01/owner_supersession_normalized.md,ENFORCE_CONCEPTUALLY; RESOLVE_PHYSICAL_IMPLEMENTATION_IN_NEW_FOUNDATION,All OWNER-20260910 rows take precedence; physical paths/server/auth claims are not target law
OSD-066,P0/P1_AS_CONTEXT,PORTFOLIO_OR_APPLICABLE_SURFACES,V1_2_OWNER_HARDENING,UI language and language pack are separate preferences.,SEE_RULE_AND_OWNER_SUPERSESSION_GRAPH,CURRENT_UNLESS_SUPERSEDED_BY_LATER_OWNER_DIRECT,CURRENT_USER_AND_PHASE_B,ADMIT_UNSUPERSEDED_CONCEPT_ONLY,CEP_CANONICAL_DECISION_SUPERSESSION_REGISTRY_v1.0.csv#OSD-066,DESIGN_REQUIREMENT_NOT_PRODUCT_IMPLEMENTED,Big Boss v1.2 O01/owner_supersession_normalized.md,ENFORCE_CONCEPTUALLY; RESOLVE_PHYSICAL_IMPLEMENTATION_IN_NEW_FOUNDATION,All OWNER-20260910 rows take precedence; physical paths/server/auth claims are not target law
OSD-067,P0/P1_AS_CONTEXT,PORTFOLIO_OR_APPLICABLE_SURFACES,V1_2_OWNER_HARDENING,Chrome direction can AUTO/LTR/RTL independently of locale.,SEE_RULE_AND_OWNER_SUPERSESSION_GRAPH,CURRENT_UNLESS_SUPERSEDED_BY_LATER_OWNER_DIRECT,CURRENT_USER_AND_PHASE_B,ADMIT_UNSUPERSEDED_CONCEPT_ONLY,CEP_CANONICAL_DECISION_SUPERSESSION_REGISTRY_v1.0.csv#OSD-067,DESIGN_REQUIREMENT_NOT_PRODUCT_IMPLEMENTED,Big Boss v1.2 O01/owner_supersession_normalized.md,ENFORCE_CONCEPTUALLY; RESOLVE_PHYSICAL_IMPLEMENTATION_IN_NEW_FOUNDATION,All OWNER-20260910 rows take precedence; physical paths/server/auth claims are not target law
OSD-068,P0/P1_AS_CONTEXT,PORTFOLIO_OR_APPLICABLE_SURFACES,V1_2_OWNER_HARDENING,Natural language direction is separate from chrome direction.,SEE_RULE_AND_OWNER_SUPERSESSION_GRAPH,CURRENT_UNLESS_SUPERSEDED_BY_LATER_OWNER_DIRECT,CURRENT_USER_AND_PHASE_B,ADMIT_UNSUPERSEDED_CONCEPT_ONLY,CEP_CANONICAL_DECISION_SUPERSESSION_REGISTRY_v1.0.csv#OSD-068,DESIGN_REQUIREMENT_NOT_PRODUCT_IMPLEMENTED,Big Boss v1.2 O01/owner_supersession_normalized.md,ENFORCE_CONCEPTUALLY; RESOLVE_PHYSICAL_IMPLEMENTATION_IN_NEW_FOUNDATION,All OWNER-20260910 rows take precedence; physical paths/server/auth claims are not target law
OSD-069,P0/P1_AS_CONTEXT,PORTFOLIO_OR_APPLICABLE_SURFACES,V1_2_OWNER_HARDENING,Alignment START/END/LEFT/RIGHT/CENTER/JUSTIFY is independently applicable.,SEE_RULE_AND_OWNER_SUPERSESSION_GRAPH,CURRENT_UNLESS_SUPERSEDED_BY_LATER_OWNER_DIRECT,CURRENT_USER_AND_PHASE_B,ADMIT_UNSUPERSEDED_CONCEPT_ONLY,CEP_CANONICAL_DECISION_SUPERSESSION_REGISTRY_v1.0.csv#OSD-069,DESIGN_REQUIREMENT_NOT_PRODUCT_IMPLEMENTED,Big Boss v1.2 O01/owner_supersession_normalized.md,ENFORCE_CONCEPTUALLY; RESOLVE_PHYSICAL_IMPLEMENTATION_IN_NEW_FOUNDATION,All OWNER-20260910 rows take precedence; physical paths/server/auth claims are not target law
OSD-070,P0/P1_AS_CONTEXT,PORTFOLIO_OR_APPLICABLE_SURFACES,V1_2_OWNER_HARDENING,Typography and script fallback are separate from language.,SEE_RULE_AND_OWNER_SUPERSESSION_GRAPH,CURRENT_UNLESS_SUPERSEDED_BY_LATER_OWNER_DIRECT,CURRENT_USER_AND_PHASE_B,ADMIT_UNSUPERSEDED_CONCEPT_ONLY,CEP_CANONICAL_DECISION_SUPERSESSION_REGISTRY_v1.0.csv#OSD-070,DESIGN_REQUIREMENT_NOT_PRODUCT_IMPLEMENTED,Big Boss v1.2 O01/owner_supersession_normalized.md,ENFORCE_CONCEPTUALLY; RESOLVE_PHYSICAL_IMPLEMENTATION_IN_NEW_FOUNDATION,All OWNER-20260910 rows take precedence; physical paths/server/auth claims are not target law
OSD-071,P0/P1_AS_CONTEXT,PORTFOLIO_OR_APPLICABLE_SURFACES,V1_2_OWNER_HARDENING,Technical tokens retain logical byte/codepoint sequence; canonical metadata has its own edit command.,SEE_RULE_AND_OWNER_SUPERSESSION_GRAPH,CURRENT_UNLESS_SUPERSEDED_BY_LATER_OWNER_DIRECT,CURRENT_USER_AND_PHASE_B,ADMIT_UNSUPERSEDED_CONCEPT_ONLY,CEP_CANONICAL_DECISION_SUPERSESSION_REGISTRY_v1.0.csv#OSD-071,DESIGN_REQUIREMENT_NOT_PRODUCT_IMPLEMENTED,Big Boss v1.2 O01/owner_supersession_normalized.md,ENFORCE_CONCEPTUALLY; RESOLVE_PHYSICAL_IMPLEMENTATION_IN_NEW_FOUNDATION,All OWNER-20260910 rows take precedence; physical paths/server/auth claims are not target law
OSD-072,P0/P1_AS_CONTEXT,PORTFOLIO_OR_APPLICABLE_SURFACES,V1_2_OWNER_HARDENING,One global semantic preference owner.,SEE_RULE_AND_OWNER_SUPERSESSION_GRAPH,CURRENT_UNLESS_SUPERSEDED_BY_LATER_OWNER_DIRECT,CURRENT_USER_AND_PHASE_B,ADMIT_UNSUPERSEDED_CONCEPT_ONLY,CEP_CANONICAL_DECISION_SUPERSESSION_REGISTRY_v1.0.csv#OSD-072,DESIGN_REQUIREMENT_NOT_PRODUCT_IMPLEMENTED,Big Boss v1.2 O01/owner_supersession_normalized.md,ENFORCE_CONCEPTUALLY; RESOLVE_PHYSICAL_IMPLEMENTATION_IN_NEW_FOUNDATION,All OWNER-20260910 rows take precedence; physical paths/server/auth claims are not target law
OSD-073,P0/P1_AS_CONTEXT,PORTFOLIO_OR_APPLICABLE_SURFACES,V1_2_OWNER_HARDENING,Safe default→global→workspace→surface→view/tool→valid content/object→session.,SEE_RULE_AND_OWNER_SUPERSESSION_GRAPH,CURRENT_UNLESS_SUPERSEDED_BY_LATER_OWNER_DIRECT,CURRENT_USER_AND_PHASE_B,ADMIT_UNSUPERSEDED_CONCEPT_ONLY,CEP_CANONICAL_DECISION_SUPERSESSION_REGISTRY_v1.0.csv#OSD-073,DESIGN_REQUIREMENT_NOT_PRODUCT_IMPLEMENTED,Big Boss v1.2 O01/owner_supersession_normalized.md,ENFORCE_CONCEPTUALLY; RESOLVE_PHYSICAL_IMPLEMENTATION_IN_NEW_FOUNDATION,All OWNER-20260910 rows take precedence; physical paths/server/auth claims are not target law
OSD-074,P0/P1_AS_CONTEXT,PORTFOLIO_OR_APPLICABLE_SURFACES,V1_2_OWNER_HARDENING,Global ownership is not globally forced value.,SEE_RULE_AND_OWNER_SUPERSESSION_GRAPH,CURRENT_UNLESS_SUPERSEDED_BY_LATER_OWNER_DIRECT,CURRENT_USER_AND_PHASE_B,ADMIT_UNSUPERSEDED_CONCEPT_ONLY,CEP_CANONICAL_DECISION_SUPERSESSION_REGISTRY_v1.0.csv#OSD-074,DESIGN_REQUIREMENT_NOT_PRODUCT_IMPLEMENTED,Big Boss v1.2 O01/owner_supersession_normalized.md,ENFORCE_CONCEPTUALLY; RESOLVE_PHYSICAL_IMPLEMENTATION_IN_NEW_FOUNDATION,All OWNER-20260910 rows take precedence; physical paths/server/auth claims are not target law
OSD-075,P0/P1_AS_CONTEXT,PORTFOLIO_OR_APPLICABLE_SURFACES,V1_2_OWNER_HARDENING,Mixed-script and terminal/code presentation need explicit profiles.,SEE_RULE_AND_OWNER_SUPERSESSION_GRAPH,CURRENT_UNLESS_SUPERSEDED_BY_LATER_OWNER_DIRECT,CURRENT_USER_AND_PHASE_B,ADMIT_UNSUPERSEDED_CONCEPT_ONLY,CEP_CANONICAL_DECISION_SUPERSESSION_REGISTRY_v1.0.csv#OSD-075,DESIGN_REQUIREMENT_NOT_PRODUCT_IMPLEMENTED,Big Boss v1.2 O01/owner_supersession_normalized.md,ENFORCE_CONCEPTUALLY; RESOLVE_PHYSICAL_IMPLEMENTATION_IN_NEW_FOUNDATION,All OWNER-20260910 rows take precedence; physical paths/server/auth claims are not target law
OSD-076,P0/P1_AS_CONTEXT,PORTFOLIO_OR_APPLICABLE_SURFACES,V1_2_OWNER_HARDENING,Presentation changes never implicitly rewrite canonical content metadata.,SEE_RULE_AND_OWNER_SUPERSESSION_GRAPH,CURRENT_UNLESS_SUPERSEDED_BY_LATER_OWNER_DIRECT,CURRENT_USER_AND_PHASE_B,ADMIT_UNSUPERSEDED_CONCEPT_ONLY,CEP_CANONICAL_DECISION_SUPERSESSION_REGISTRY_v1.0.csv#OSD-076,DESIGN_REQUIREMENT_NOT_PRODUCT_IMPLEMENTED,Big Boss v1.2 O01/owner_supersession_normalized.md,ENFORCE_CONCEPTUALLY; RESOLVE_PHYSICAL_IMPLEMENTATION_IN_NEW_FOUNDATION,All OWNER-20260910 rows take precedence; physical paths/server/auth claims are not target law
OSD-077,P0/P1_AS_CONTEXT,PORTFOLIO_OR_APPLICABLE_SURFACES,V1_2_OWNER_HARDENING,Many settings entry routes use one preference registry.,SEE_RULE_AND_OWNER_SUPERSESSION_GRAPH,CURRENT_UNLESS_SUPERSEDED_BY_LATER_OWNER_DIRECT,CURRENT_USER_AND_PHASE_B,ADMIT_UNSUPERSEDED_CONCEPT_ONLY,CEP_CANONICAL_DECISION_SUPERSESSION_REGISTRY_v1.0.csv#OSD-077,DESIGN_REQUIREMENT_NOT_PRODUCT_IMPLEMENTED,Big Boss v1.2 O01/owner_supersession_normalized.md,ENFORCE_CONCEPTUALLY; RESOLVE_PHYSICAL_IMPLEMENTATION_IN_NEW_FOUNDATION,All OWNER-20260910 rows take precedence; physical paths/server/auth claims are not target law
OSD-078,P0/P1_AS_CONTEXT,PORTFOLIO_OR_APPLICABLE_SURFACES,V1_2_OWNER_HARDENING,UI preferences remain distinct from W05 operational configuration.,SEE_RULE_AND_OWNER_SUPERSESSION_GRAPH,CURRENT_UNLESS_SUPERSEDED_BY_LATER_OWNER_DIRECT,CURRENT_USER_AND_PHASE_B,ADMIT_UNSUPERSEDED_CONCEPT_ONLY,CEP_CANONICAL_DECISION_SUPERSESSION_REGISTRY_v1.0.csv#OSD-078,DESIGN_REQUIREMENT_NOT_PRODUCT_IMPLEMENTED,Big Boss v1.2 O01/owner_supersession_normalized.md,ENFORCE_CONCEPTUALLY; RESOLVE_PHYSICAL_IMPLEMENTATION_IN_NEW_FOUNDATION,All OWNER-20260910 rows take precedence; physical paths/server/auth claims are not target law
OSD-079,P0/P1_AS_CONTEXT,PORTFOLIO_OR_APPLICABLE_SURFACES,V1_2_OWNER_HARDENING,Context budget is governed; Reader Set first and exact lookup only.,SEE_RULE_AND_OWNER_SUPERSESSION_GRAPH,CURRENT_UNLESS_SUPERSEDED_BY_LATER_OWNER_DIRECT,CURRENT_USER_AND_PHASE_B,ADMIT_UNSUPERSEDED_CONCEPT_ONLY,CEP_CANONICAL_DECISION_SUPERSESSION_REGISTRY_v1.0.csv#OSD-079,DESIGN_REQUIREMENT_NOT_PRODUCT_IMPLEMENTED,Big Boss v1.2 O01/owner_supersession_normalized.md,ENFORCE_CONCEPTUALLY; RESOLVE_PHYSICAL_IMPLEMENTATION_IN_NEW_FOUNDATION,All OWNER-20260910 rows take precedence; physical paths/server/auth claims are not target law
OSD-080,P0/P1_AS_CONTEXT,PORTFOLIO_OR_APPLICABLE_SURFACES,V1_2_OWNER_HARDENING,W02 Library/Editor and Visualize are high-value mechanical donor floors; reuse compatible generic mechanics without importing foreign business/domain truth.,SEE_RULE_AND_OWNER_SUPERSESSION_GRAPH,CURRENT_UNLESS_SUPERSEDED_BY_LATER_OWNER_DIRECT,CURRENT_DIRECT_OWNER_SOURCE_LINEAGE,ADMIT_UNSUPERSEDED_CONCEPT_ONLY,CEP_CANONICAL_DECISION_SUPERSESSION_REGISTRY_v1.0.csv#OSD-080,DESIGN_REQUIREMENT_NOT_PRODUCT_IMPLEMENTED,Big Boss v1.2 INPUT_EVIDENCE/07_POST_V1_1_OWNER_HARDENING/00_OWNER_SUPERSESSION_ADDENDUM__GLOBAL_LANGUAGE_SETTINGS_v1.0.md,ENFORCE_CONCEPTUALLY; RESOLVE_PHYSICAL_IMPLEMENTATION_IN_NEW_FOUNDATION,All OWNER-20260910 rows take precedence; physical paths/server/auth claims are not target law
OSD-081,P0/P1_AS_CONTEXT,PORTFOLIO_OR_APPLICABLE_SURFACES,V1_2_OWNER_HARDENING,"The W03 world-class proposal is high-value design input, not frozen authority or automatic acceptance.",SEE_RULE_AND_OWNER_SUPERSESSION_GRAPH,CURRENT_UNLESS_SUPERSEDED_BY_LATER_OWNER_DIRECT,CURRENT_DIRECT_OWNER_SOURCE_LINEAGE,ADMIT_UNSUPERSEDED_CONCEPT_ONLY,CEP_CANONICAL_DECISION_SUPERSESSION_REGISTRY_v1.0.csv#OSD-081,DESIGN_REQUIREMENT_NOT_PRODUCT_IMPLEMENTED,Big Boss v1.2 INPUT_EVIDENCE/07_POST_V1_1_OWNER_HARDENING/00_OWNER_SUPERSESSION_ADDENDUM__GLOBAL_LANGUAGE_SETTINGS_v1.0.md,ENFORCE_CONCEPTUALLY; RESOLVE_PHYSICAL_IMPLEMENTATION_IN_NEW_FOUNDATION,All OWNER-20260910 rows take precedence; physical paths/server/auth claims are not target law
OSD-082,P0/P1_AS_CONTEXT,PORTFOLIO_OR_APPLICABLE_SURFACES,V1_2_OWNER_HARDENING,W03 may improve beyond its proposal while preserving underlying professional needs and semantic boundaries.,SEE_RULE_AND_OWNER_SUPERSESSION_GRAPH,CURRENT_UNLESS_SUPERSEDED_BY_LATER_OWNER_DIRECT,CURRENT_DIRECT_OWNER_SOURCE_LINEAGE,ADMIT_UNSUPERSEDED_CONCEPT_ONLY,CEP_CANONICAL_DECISION_SUPERSESSION_REGISTRY_v1.0.csv#OSD-082,DESIGN_REQUIREMENT_NOT_PRODUCT_IMPLEMENTED,Big Boss v1.2 INPUT_EVIDENCE/07_POST_V1_1_OWNER_HARDENING/00_OWNER_SUPERSESSION_ADDENDUM__GLOBAL_LANGUAGE_SETTINGS_v1.0.md,ENFORCE_CONCEPTUALLY; RESOLVE_PHYSICAL_IMPLEMENTATION_IN_NEW_FOUNDATION,All OWNER-20260910 rows take precedence; physical paths/server/auth claims are not target law
OSD-083,P0/P1_AS_CONTEXT,PORTFOLIO_OR_APPLICABLE_SURFACES,V1_2_OWNER_HARDENING,Controller/Writer lineage packets are evidence/reconstruction inputs; recency alone never grants acceptance.,SEE_RULE_AND_OWNER_SUPERSESSION_GRAPH,CURRENT_UNLESS_SUPERSEDED_BY_LATER_OWNER_DIRECT,CURRENT_DIRECT_OWNER_SOURCE_LINEAGE,ADMIT_UNSUPERSEDED_CONCEPT_ONLY,CEP_CANONICAL_DECISION_SUPERSESSION_REGISTRY_v1.0.csv#OSD-083,DESIGN_REQUIREMENT_NOT_PRODUCT_IMPLEMENTED,Big Boss v1.2 INPUT_EVIDENCE/07_POST_V1_1_OWNER_HARDENING/00_OWNER_SUPERSESSION_ADDENDUM__GLOBAL_LANGUAGE_SETTINGS_v1.0.md,ENFORCE_CONCEPTUALLY; RESOLVE_PHYSICAL_IMPLEMENTATION_IN_NEW_FOUNDATION,All OWNER-20260910 rows take precedence; physical paths/server/auth claims are not target law
OSD-084,P0/P1_AS_CONTEXT,PORTFOLIO_OR_APPLICABLE_SURFACES,V1_2_OWNER_HARDENING,"Context budget is architectural: use decision-complete capsules/indices first and exact raw lookup only for named conflicts, identities or proof gaps.",SEE_RULE_AND_OWNER_SUPERSESSION_GRAPH,CURRENT_UNLESS_SUPERSEDED_BY_LATER_OWNER_DIRECT,CURRENT_DIRECT_OWNER_SOURCE_LINEAGE,ADMIT_UNSUPERSEDED_CONCEPT_ONLY,CEP_CANONICAL_DECISION_SUPERSESSION_REGISTRY_v1.0.csv#OSD-084,DESIGN_REQUIREMENT_NOT_PRODUCT_IMPLEMENTED,Big Boss v1.2 INPUT_EVIDENCE/07_POST_V1_1_OWNER_HARDENING/00_OWNER_SUPERSESSION_ADDENDUM__GLOBAL_LANGUAGE_SETTINGS_v1.0.md,ENFORCE_CONCEPTUALLY; RESOLVE_PHYSICAL_IMPLEMENTATION_IN_NEW_FOUNDATION,All OWNER-20260910 rows take precedence; physical paths/server/auth claims are not target law
OSD-085,P0/P1_AS_CONTEXT,PORTFOLIO_OR_APPLICABLE_SURFACES,V1_2_OWNER_HARDENING,"For compatible generic workspace/presentation/interaction mechanics, exact Accepted Library v1.2.17 executable donor code is the primary design donor; crosswalks summarize but do not replace donor inspection.",SEE_RULE_AND_OWNER_SUPERSESSION_GRAPH,CURRENT_UNLESS_SUPERSEDED_BY_LATER_OWNER_DIRECT,CURRENT_DIRECT_OWNER,ADMIT_UNSUPERSEDED_CONCEPT_ONLY,CEP_CANONICAL_DECISION_SUPERSESSION_REGISTRY_v1.0.csv#OSD-085,DESIGN_REQUIREMENT_NOT_PRODUCT_IMPLEMENTED,Big Boss v1.2 INPUT_EVIDENCE/07_POST_V1_1_OWNER_HARDENING/CEP_BIG_BOSS_ACCEPTED_LIBRARY_INHERITANCE_ADDENDUM_v1.0.md,ENFORCE_CONCEPTUALLY; RESOLVE_PHYSICAL_IMPLEMENTATION_IN_NEW_FOUNDATION,All OWNER-20260910 rows take precedence; physical paths/server/auth claims are not target law
OSD-086,P0/P1_AS_CONTEXT,PORTFOLIO_OR_APPLICABLE_SURFACES,V1_2_OWNER_HARDENING,Preserve before invent: REUSE_AS_IS > REUSE_VISUALLY_AS_IS > ADAPT_DOMAIN_ONLY > EXTEND_WITHOUT_REPLACING > NEW_DESIGN_ONLY_IF_INCOMPATIBILITY_IS_EXPLICITLY_PROVEN.,SEE_RULE_AND_OWNER_SUPERSESSION_GRAPH,CURRENT_UNLESS_SUPERSEDED_BY_LATER_OWNER_DIRECT,CURRENT_DIRECT_OWNER,ADMIT_UNSUPERSEDED_CONCEPT_ONLY,CEP_CANONICAL_DECISION_SUPERSESSION_REGISTRY_v1.0.csv#OSD-086,DESIGN_REQUIREMENT_NOT_PRODUCT_IMPLEMENTED,Big Boss v1.2 INPUT_EVIDENCE/07_POST_V1_1_OWNER_HARDENING/CEP_BIG_BOSS_ACCEPTED_LIBRARY_INHERITANCE_ADDENDUM_v1.0.md,ENFORCE_CONCEPTUALLY; RESOLVE_PHYSICAL_IMPLEMENTATION_IN_NEW_FOUNDATION,All OWNER-20260910 rows take precedence; physical paths/server/auth claims are not target law
OSD-087,P0/P1_AS_CONTEXT,PORTFOLIO_OR_APPLICABLE_SURFACES,V1_2_OWNER_HARDENING,Cross-surface CEP continuity is required: compatible generic pane/context-menu/transient/settings/responsive/command-discovery/focus grammar remains recognizably Library-lineage while domain content/actions adapt above it.,SEE_RULE_AND_OWNER_SUPERSESSION_GRAPH,CURRENT_UNLESS_SUPERSEDED_BY_LATER_OWNER_DIRECT,CURRENT_DIRECT_OWNER,ADMIT_UNSUPERSEDED_CONCEPT_ONLY,CEP_CANONICAL_DECISION_SUPERSESSION_REGISTRY_v1.0.csv#OSD-087,DESIGN_REQUIREMENT_NOT_PRODUCT_IMPLEMENTED,Big Boss v1.2 INPUT_EVIDENCE/07_POST_V1_1_OWNER_HARDENING/CEP_BIG_BOSS_ACCEPTED_LIBRARY_INHERITANCE_ADDENDUM_v1.0.md,ENFORCE_CONCEPTUALLY; RESOLVE_PHYSICAL_IMPLEMENTATION_IN_NEW_FOUNDATION,All OWNER-20260910 rows take precedence; physical paths/server/auth claims are not target law
OSD-088,P0/P1_AS_CONTEXT,PORTFOLIO_OR_APPLICABLE_SURFACES,V1_2_OWNER_HARDENING,"Across ALL CEP workspaces/surfaces, optional guidance/support UI such as legends, guiding labels, stickers/chips, hints, badges, callouts and helper overlays is not permanent forced chrome.",SEE_RULE_AND_OWNER_SUPERSESSION_GRAPH,CURRENT_UNLESS_SUPERSEDED_BY_LATER_OWNER_DIRECT,CURRENT_DIRECT_OWNER,ADMIT_UNSUPERSEDED_CONCEPT_ONLY,CEP_CANONICAL_DECISION_SUPERSESSION_REGISTRY_v1.0.csv#OSD-088,DESIGN_REQUIREMENT_NOT_PRODUCT_IMPLEMENTED,Big Boss v1.2 INPUT_EVIDENCE/07_POST_V1_1_OWNER_HARDENING/CEP_BIG_BOSS_OWNER_GLOBAL_GUIDANCE_ELEMENTS_ADDENDUM_v1.0.md,ENFORCE_CONCEPTUALLY; RESOLVE_PHYSICAL_IMPLEMENTATION_IN_NEW_FOUNDATION,All OWNER-20260910 rows take precedence; physical paths/server/auth claims are not target law
OSD-089,P0/P1_AS_CONTEXT,PORTFOLIO_OR_APPLICABLE_SURFACES,V1_2_OWNER_HARDENING,"Eligible guidance UI exposes applicable show/hide, open/close/reopen, move/reposition or dock/anchor, persistence/reset and keyboard-accessible recovery; preferred state remains distinct from responsive effective state.",SEE_RULE_AND_OWNER_SUPERSESSION_GRAPH,CURRENT_UNLESS_SUPERSEDED_BY_LATER_OWNER_DIRECT,CURRENT_DIRECT_OWNER,ADMIT_UNSUPERSEDED_CONCEPT_ONLY,CEP_CANONICAL_DECISION_SUPERSESSION_REGISTRY_v1.0.csv#OSD-089,DESIGN_REQUIREMENT_NOT_PRODUCT_IMPLEMENTED,Big Boss v1.2 INPUT_EVIDENCE/07_POST_V1_1_OWNER_HARDENING/CEP_BIG_BOSS_OWNER_GLOBAL_GUIDANCE_ELEMENTS_ADDENDUM_v1.0.md,ENFORCE_CONCEPTUALLY; RESOLVE_PHYSICAL_IMPLEMENTATION_IN_NEW_FOUNDATION,All OWNER-20260910 rows take precedence; physical paths/server/auth claims are not target law
OSD-090,P0/P1_AS_CONTEXT,PORTFOLIO_OR_APPLICABLE_SURFACES,V1_2_OWNER_HARDENING,Guidance customization never hides mandatory safety/security/authority/integrity/legal/error/accessibility truth; split optional guidance from mandatory disclosure when mixed.,SEE_RULE_AND_OWNER_SUPERSESSION_GRAPH,CURRENT_UNLESS_SUPERSEDED_BY_LATER_OWNER_DIRECT,CURRENT_DIRECT_OWNER,ADMIT_UNSUPERSEDED_CONCEPT_ONLY,CEP_CANONICAL_DECISION_SUPERSESSION_REGISTRY_v1.0.csv#OSD-090,DESIGN_REQUIREMENT_NOT_PRODUCT_IMPLEMENTED,Big Boss v1.2 INPUT_EVIDENCE/07_POST_V1_1_OWNER_HARDENING/CEP_BIG_BOSS_OWNER_GLOBAL_GUIDANCE_ELEMENTS_ADDENDUM_v1.0.md,ENFORCE_CONCEPTUALLY; RESOLVE_PHYSICAL_IMPLEMENTATION_IN_NEW_FOUNDATION,All OWNER-20260910 rows take precedence; physical paths/server/auth claims are not target law
OSD-091,P0/P1_AS_CONTEXT,PORTFOLIO_OR_APPLICABLE_SURFACES,V1_2_OWNER_HARDENING,Applicable spatial default input profile: blank LEFT-drag marquee; object LEFT-drag move; RIGHT-click context; Space+LEFT-drag temporary pan; middle-drag pan; wheel vertical pan/scroll; Shift+wheel horizontal; Ctrl/Cmd+wheel pointer-centered zoom; fit/zoom routes stay keyboard reachable.,SEE_RULE_AND_OWNER_SUPERSESSION_GRAPH,CURRENT_UNLESS_SUPERSEDED_BY_LATER_OWNER_DIRECT,CURRENT_DIRECT_OWNER,ADMIT_UNSUPERSEDED_CONCEPT_ONLY,CEP_CANONICAL_DECISION_SUPERSESSION_REGISTRY_v1.0.csv#OSD-091,DESIGN_REQUIREMENT_NOT_PRODUCT_IMPLEMENTED,Big Boss v1.2 INPUT_EVIDENCE/07_POST_V1_1_OWNER_HARDENING/CEP_BIG_BOSS_OWNER_SHARED_SPATIAL_INPUT_ADDENDUM_v1.0.md,ENFORCE_CONCEPTUALLY; RESOLVE_PHYSICAL_IMPLEMENTATION_IN_NEW_FOUNDATION,All OWNER-20260910 rows take precedence; physical paths/server/auth claims are not target law
OSD-092,P0/P1_AS_CONTEXT,PORTFOLIO_OR_APPLICABLE_SURFACES,V1_2_OWNER_HARDENING,Applicable spatial multi-selection/context routes use one semantic command owner and Library-derived professional contextual/transient grammar; spatial selection/geometry never becomes domain truth by itself.,SEE_RULE_AND_OWNER_SUPERSESSION_GRAPH,CURRENT_UNLESS_SUPERSEDED_BY_LATER_OWNER_DIRECT,CURRENT_DIRECT_OWNER,ADMIT_UNSUPERSEDED_CONCEPT_ONLY,CEP_CANONICAL_DECISION_SUPERSESSION_REGISTRY_v1.0.csv#OSD-092,DESIGN_REQUIREMENT_NOT_PRODUCT_IMPLEMENTED,Big Boss v1.2 INPUT_EVIDENCE/07_POST_V1_1_OWNER_HARDENING/CEP_BIG_BOSS_OWNER_SHARED_SPATIAL_INPUT_ADDENDUM_v1.0.md,ENFORCE_CONCEPTUALLY; RESOLVE_PHYSICAL_IMPLEMENTATION_IN_NEW_FOUNDATION,All OWNER-20260910 rows take precedence; physical paths/server/auth claims are not target law
OWNER-20260910-001,P0,PORTFOLIO,CUSTOMIZATION_GENERALIZATION,"Customization is a general platform principle, not a language-only exception. Theme, language, direction, alignment, layout, pane widths/visibility, toolbar composition, guidance, editor/spatial presentation and other safe presentation/workspace preferences should be configurable where meaningful.",Fixed historical defaults and surface-local preference owners.,CURRENT,CURRENT_DIRECT_OWNER_2026_09_10,ADMIT_UNSUPERSEDED_CONCEPT_ONLY,CEP_CANONICAL_DECISION_SUPERSESSION_REGISTRY_v1.0.csv#OWNER-20260910-001,NORMATIVE_INPUT_NOT_YET_FOUNDATION_IMPLEMENTED,Owner direct instruction in current conversation,HARD_INTAKE_RULE,All OWNER-20260910 rows take precedence; physical paths/server/auth claims are not target law
OWNER-20260910-002,P0,PORTFOLIO,SAFE_DEFAULT_NOT_PRODUCT_LAW,"Defaults are safe starting values, not permanent Owner laws unless an explicit safety/domain reason makes them non-configurable.",Arabic-first and other fixed-default formulations.,CURRENT,CURRENT_DIRECT_OWNER_2026_09_10,ADMIT_UNSUPERSEDED_CONCEPT_ONLY,CEP_CANONICAL_DECISION_SUPERSESSION_REGISTRY_v1.0.csv#OWNER-20260910-002,NORMATIVE_INPUT_NOT_YET_FOUNDATION_IMPLEMENTED,Owner direct instruction in current conversation,HARD_INTAKE_RULE,All OWNER-20260910 rows take precedence; physical paths/server/auth claims are not target law
OWNER-20260910-003,P0,W02_LIBRARY_EDITOR,ACCEPTED_BLUEPRINT_SCOPE,The Library Editor v1.2.17 executable blueprint is the only currently accepted executable design reference among the discussed surface blueprints; reuse its compatible mechanics directly.,Any inference that latest Visualize/W03/other blueprint candidate is equally accepted.,CURRENT,CURRENT_DIRECT_OWNER_2026_09_10,ADMIT_UNSUPERSEDED_CONCEPT_ONLY,CEP_CANONICAL_DECISION_SUPERSESSION_REGISTRY_v1.0.csv#OWNER-20260910-003,NORMATIVE_INPUT_NOT_YET_FOUNDATION_IMPLEMENTED,Owner direct instruction in current conversation,HARD_INTAKE_RULE,All OWNER-20260910 rows take precedence; physical paths/server/auth claims are not target law
OWNER-20260910-004,P0,ALL_OTHER_BLUEPRINTS,CANDIDATE_NOT_AUTHORITY,"Visualize, W03 and other non-Library blueprints/candidates are value/proposal/evidence sources only until explicit future Owner/Controller design adjudication. Mine current Owner requests and useful mechanics; do not inherit the whole blueprint as authority.",Latest-file-equals-authority behavior.,CURRENT,CURRENT_DIRECT_OWNER_2026_09_10,ADMIT_UNSUPERSEDED_CONCEPT_ONLY,CEP_CANONICAL_DECISION_SUPERSESSION_REGISTRY_v1.0.csv#OWNER-20260910-004,NORMATIVE_INPUT_NOT_YET_FOUNDATION_IMPLEMENTED,Owner direct instruction in current conversation,HARD_INTAKE_RULE,All OWNER-20260910 rows take precedence; physical paths/server/auth claims are not target law
OWNER-20260910-005,P0,ALL_SURFACES,FOUNDATION_REUSE_FIRST,"The new foundation must maximize executable reusable structure across all 23 surfaces: global cores, surface-family engines and thin domain adapters. Never build a generic mechanic independently for one surface when it can be shared.",Surface-local duplicated shell/pane/editor/spatial/action/settings engines.,CURRENT,CURRENT_DIRECT_OWNER_2026_09_10,ADMIT_UNSUPERSEDED_CONCEPT_ONLY,CEP_CANONICAL_DECISION_SUPERSESSION_REGISTRY_v1.0.csv#OWNER-20260910-005,NORMATIVE_INPUT_NOT_YET_FOUNDATION_IMPLEMENTED,Owner direct instruction in current conversation,HARD_INTAKE_RULE,All OWNER-20260910 rows take precedence; physical paths/server/auth claims are not target law
OWNER-20260910-006,P0,EDITOR_AND_COMPATIBLE_SURFACES,EDITOR_ENGINE_REUSE,Accepted Library editor mechanics should become reusable executable editor/structured-content primitives so Learn and every compatible authoring surface can inherit them rather than reimplement them.,Library-only editor implementation.,CURRENT,CURRENT_DIRECT_OWNER_2026_09_10,ADMIT_UNSUPERSEDED_CONCEPT_ONLY,CEP_CANONICAL_DECISION_SUPERSESSION_REGISTRY_v1.0.csv#OWNER-20260910-006,NORMATIVE_INPUT_NOT_YET_FOUNDATION_IMPLEMENTED,Owner direct instruction in current conversation,HARD_INTAKE_RULE,All OWNER-20260910 rows take precedence; physical paths/server/auth claims are not target law
OWNER-20260910-007,P0,VISUALIZE_AND_SPATIAL_CONSUMERS,SPATIAL_ENGINE_REUSE,"Visualize/spatial mechanics should be factored as a reusable spatial engine with domain adapters so Visualize and every compatible W03/other surface benefit from one implementation. Candidate Visualize/W03 designs may supply needs, but are not final design authority.",Separate spatial input/layout engines per surface.,CURRENT,CURRENT_DIRECT_OWNER_2026_09_10,ADMIT_UNSUPERSEDED_CONCEPT_ONLY,CEP_CANONICAL_DECISION_SUPERSESSION_REGISTRY_v1.0.csv#OWNER-20260910-007,NORMATIVE_INPUT_NOT_YET_FOUNDATION_IMPLEMENTED,Owner direct instruction in current conversation,HARD_INTAKE_RULE,All OWNER-20260910 rows take precedence; physical paths/server/auth claims are not target law
OWNER-20260910-008,P0,FUTURE_WORK,AUTHORITY_INTAKE_HARDENING,"Future Work must consume the canonical authority/supersession registry before raw candidates. Historical framework-specific target files, classes, routes and stack paths are not authority for the new foundation unless freshly adjudicated.",Big Boss/Laravel/Vue physical target paths treated as current architecture law.,CURRENT,CURRENT_DIRECT_OWNER_2026_09_10,ADMIT_UNSUPERSEDED_CONCEPT_ONLY,CEP_CANONICAL_DECISION_SUPERSESSION_REGISTRY_v1.0.csv#OWNER-20260910-008,NORMATIVE_INPUT_NOT_YET_FOUNDATION_IMPLEMENTED,Owner direct instruction in current conversation,HARD_INTAKE_RULE,All OWNER-20260910 rows take precedence; physical paths/server/auth claims are not target law
OWNER-20260910-009,P1,ACCEPTED_LIBRARY,MICRO_SUPERSESSION_ALLOWED,"Accepted Library remains the primary donor, but newer Owner interaction corrections such as broader dismissal/Escape behavior supersede the donor only at the exact affected mechanic while preserving the rest of its accepted value.",Whole-donor rejection because of a small corrected interaction.,CURRENT,CURRENT_DIRECT_OWNER_2026_09_10,ADMIT_UNSUPERSEDED_CONCEPT_ONLY,CEP_CANONICAL_DECISION_SUPERSESSION_REGISTRY_v1.0.csv#OWNER-20260910-009,NORMATIVE_INPUT_NOT_YET_FOUNDATION_IMPLEMENTED,Owner direct instruction in current conversation,HARD_INTAKE_RULE,All OWNER-20260910 rows take precedence; physical paths/server/auth claims are not target law
CTRL-GOV-001,,ALL_CONTROLLERS,CONTROL_METHOD,Every Controller must read Controller OS at startup,,ACTIVE,CURRENT_CONTROLLER_DECISION,ADMIT_UNSUPERSEDED_CONCEPT_ONLY,CEP_CANONICAL_DECISION_SUPERSESSION_REGISTRY_v1.0.csv#CTRL-GOV-001,CONTROL_DECISION_NOT_PRODUCT_ACCEPTANCE,CEP_CONTROLLER_DECISION_REGISTER_v1.0.json,APPLY_IF_NOT_SUPERSEDED_BY_CURRENT_OWNER,All OWNER-20260910 rows take precedence; physical paths/server/auth claims are not target law
CTRL-GOV-002,,ALL,COMPLETENESS_MODEL,"Report requirement coverage, source implementation, runtime evidence, and Owner acceptance separately",,ACTIVE,CURRENT_CONTROLLER_DECISION,ADMIT_UNSUPERSEDED_CONCEPT_ONLY,CEP_CANONICAL_DECISION_SUPERSESSION_REGISTRY_v1.0.csv#CTRL-GOV-002,CONTROL_DECISION_NOT_PRODUCT_ACCEPTANCE,CEP_CONTROLLER_DECISION_REGISTER_v1.0.json,APPLY_IF_NOT_SUPERSEDED_BY_CURRENT_OWNER,All OWNER-20260910 rows take precedence; physical paths/server/auth claims are not target law
CTRL-GOV-003,,ALL_USER_FACING,INTERACTION_ASSURANCE,Interactive closure requires before/action/after + negative stale-state proof,,ACTIVE,CURRENT_CONTROLLER_DECISION,ADMIT_UNSUPERSEDED_CONCEPT_ONLY,CEP_CANONICAL_DECISION_SUPERSESSION_REGISTRY_v1.0.csv#CTRL-GOV-003,CONTROL_DECISION_NOT_PRODUCT_ACCEPTANCE,CEP_CONTROLLER_DECISION_REGISTER_v1.0.json,APPLY_IF_NOT_SUPERSEDED_BY_CURRENT_OWNER,All OWNER-20260910 rows take precedence; physical paths/server/auth claims are not target law
CTRL-GOV-004,,ALL,SOURCE_AUTHORITY,Direct source/donor required where detailed behavior or ownership is being decided,,ACTIVE,CURRENT_CONTROLLER_DECISION,ADMIT_UNSUPERSEDED_CONCEPT_ONLY,CEP_CANONICAL_DECISION_SUPERSESSION_REGISTRY_v1.0.csv#CTRL-GOV-004,CONTROL_DECISION_NOT_PRODUCT_ACCEPTANCE,CEP_CONTROLLER_DECISION_REGISTER_v1.0.json,APPLY_IF_NOT_SUPERSEDED_BY_CURRENT_OWNER,All OWNER-20260910 rows take precedence; physical paths/server/auth claims are not target law
CTRL-GOV-005,,ALL_HIGH_VALUE_PROPOSALS,PROPOSAL_ZERO_LOSS,High-value proposals require explicit current reconciliation denominator before design closure,,ACTIVE,CURRENT_CONTROLLER_DECISION,ADMIT_UNSUPERSEDED_CONCEPT_ONLY,CEP_CANONICAL_DECISION_SUPERSESSION_REGISTRY_v1.0.csv#CTRL-GOV-005,CONTROL_DECISION_NOT_PRODUCT_ACCEPTANCE,CEP_CONTROLLER_DECISION_REGISTER_v1.0.json,APPLY_IF_NOT_SUPERSEDED_BY_CURRENT_OWNER,All OWNER-20260910 rows take precedence; physical paths/server/auth claims are not target law
CTRL-GOV-006,,ALL_PRODUCTION_MAPPING,BRANCH_TRUTH,Fresh GitHub branch/SHA truth required before Production mapping; main is not default by assumption,,ACTIVE,CURRENT_CONTROLLER_DECISION,ADMIT_UNSUPERSEDED_CONCEPT_ONLY,CEP_CANONICAL_DECISION_SUPERSESSION_REGISTRY_v1.0.csv#CTRL-GOV-006,CONTROL_DECISION_NOT_PRODUCT_ACCEPTANCE,CEP_CONTROLLER_DECISION_REGISTER_v1.0.json,APPLY_IF_NOT_SUPERSEDED_BY_CURRENT_OWNER,All OWNER-20260910 rows take precedence; physical paths/server/auth claims are not target law
CTRL-GOV-007,,ALL_FINAL_ASSURANCE,RUNTIME_STRATEGY,Use final runtime/Colab after safely resolvable source/contracts are exhausted,,ACTIVE,CURRENT_CONTROLLER_DECISION,ADMIT_UNSUPERSEDED_CONCEPT_ONLY,CEP_CANONICAL_DECISION_SUPERSESSION_REGISTRY_v1.0.csv#CTRL-GOV-007,CONTROL_DECISION_NOT_PRODUCT_ACCEPTANCE,CEP_CONTROLLER_DECISION_REGISTER_v1.0.json,APPLY_IF_NOT_SUPERSEDED_BY_CURRENT_OWNER,All OWNER-20260910 rows take precedence; physical paths/server/auth claims are not target law
CTRL-W03-001,,W03,W03_PROPOSAL_RECONCILIATION,W03 v3.3.1 cannot reach Design Adjudication until original 69-section (0–68) world-class proposal is directly reconciled against current Blueprint and stronger models,,ACTIVE,CURRENT_CONTROLLER_DECISION,ADMIT_UNSUPERSEDED_CONCEPT_ONLY,CEP_CANONICAL_DECISION_SUPERSESSION_REGISTRY_v1.0.csv#CTRL-W03-001,CONTROL_DECISION_NOT_PRODUCT_ACCEPTANCE,CEP_CONTROLLER_DECISION_REGISTER_v1.0.json,APPLY_IF_NOT_SUPERSEDED_BY_CURRENT_OWNER,All OWNER-20260910 rows take precedence; physical paths/server/auth claims are not target law
CTRL-W03-002,,W03_WRITER_A,W03_PACKET_SUPERSESSION,Writer-A Owner Direct Review packet v1.1 supersedes v1.0 for new execution intake; same v3.3.1 baseline preserved,,ACTIVE,CURRENT_CONTROLLER_DECISION,ADMIT_UNSUPERSEDED_CONCEPT_ONLY,CEP_CANONICAL_DECISION_SUPERSESSION_REGISTRY_v1.0.csv#CTRL-W03-002,CONTROL_DECISION_NOT_PRODUCT_ACCEPTANCE,CEP_CONTROLLER_DECISION_REGISTER_v1.0.json,APPLY_IF_NOT_SUPERSEDED_BY_CURRENT_OWNER,All OWNER-20260910 rows take precedence; physical paths/server/auth claims are not target law
CTRL-W01W02-003,,W01_W02,PRE_COLAB_SOURCE_EXHAUSTION,Writer-B v1.1.5 source exhaustion is not confirmed until stale V4 denial UI in BlockContextMenu is removed and independently rechecked,,SUPERSEDED_BY_CTRL-W01W02-004,CURRENT_CONTROLLER_DECISION,ADMIT_UNSUPERSEDED_CONCEPT_ONLY,CEP_CANONICAL_DECISION_SUPERSESSION_REGISTRY_v1.0.csv#CTRL-W01W02-003,CONTROL_DECISION_NOT_PRODUCT_ACCEPTANCE,CEP_CONTROLLER_DECISION_REGISTER_v1.0.json,APPLY_IF_NOT_SUPERSEDED_BY_CURRENT_OWNER,All OWNER-20260910 rows take precedence; physical paths/server/auth claims are not target law
CTRL-W01W02-004,,W01_W02,PRE_COLAB_SOURCE_EXHAUSTION,Controller-executed v1.1.5.1 closes W12-CTRL-001; no further safely-resolvable W01/W02 source gap was found in the bounded recheck; final Colab runtime/DB/browser evidence is now authorized on this exact candidate.,,ACTIVE,CURRENT_CONTROLLER_DECISION,ADMIT_UNSUPERSEDED_CONCEPT_ONLY,CEP_CANONICAL_DECISION_SUPERSESSION_REGISTRY_v1.0.csv#CTRL-W01W02-004,CONTROL_DECISION_NOT_PRODUCT_ACCEPTANCE,CEP_CONTROLLER_DECISION_REGISTER_v1.0.json,APPLY_IF_NOT_SUPERSEDED_BY_CURRENT_OWNER,All OWNER-20260910 rows take precedence; physical paths/server/auth claims are not target law
INV-CONF-001,P0_CONTROL_INTEGRITY,PORTFOLIO_OR_NAMED_SCOPE,REGISTER_ID_COLLISION,Assign unique IDs / preserve both provenance rows; current Controller must not infer state by CK-024 alone.,CEP_CONTROLLER_ZERO_LOSS_KNOWLEDGE_REGISTER_v1.0.json,CANONICALIZATION_REQUIRED,CANONICALIZATION_FINDING,ADMIT_UNSUPERSEDED_CONCEPT_ONLY,CEP_CANONICAL_DECISION_SUPERSESSION_REGISTRY_v1.0.csv#INV-CONF-001,READ_ONLY_NORMALIZATION_FINDING,CEP_CONTROL_CENTER_CONFLICT_DUPLICATION_REGISTER_v1.0.csv,DO_NOT_ALLOW_OLD_AND_CURRENT_ROWS_TO_COMPETE,All OWNER-20260910 rows take precedence; physical paths/server/auth claims are not target law
INV-CONF-002,P1,PORTFOLIO_OR_NAMED_SCOPE,STALE_MANIFEST_REFERENCE,Manifest needs successor pointer/update; do not delete old handoffs.,CEP_CONTROLLER_OPERATING_SYSTEM_MANIFEST_v1.0.md,CANONICALIZATION_REQUIRED,CANONICALIZATION_FINDING,ADMIT_UNSUPERSEDED_CONCEPT_ONLY,CEP_CANONICAL_DECISION_SUPERSESSION_REGISTRY_v1.0.csv#INV-CONF-002,READ_ONLY_NORMALIZATION_FINDING,CEP_CONTROL_CENTER_CONFLICT_DUPLICATION_REGISTER_v1.0.csv,DO_NOT_ALLOW_OLD_AND_CURRENT_ROWS_TO_COMPETE,All OWNER-20260910 rows take precedence; physical paths/server/auth claims are not target law
INV-CONF-003,P1,PORTFOLIO_OR_NAMED_SCOPE,COLOCATED_CURRENT_VERSION_AMBIGUITY,Treat pointer+v1.10 manifest as resolver; later canonicalization should move superseded current-folder versions or attach explicit superseded markers.,00_CURRENT_CONTROL,CANONICALIZATION_REQUIRED,CANONICALIZATION_FINDING,ADMIT_UNSUPERSEDED_CONCEPT_ONLY,CEP_CANONICAL_DECISION_SUPERSESSION_REGISTRY_v1.0.csv#INV-CONF-003,READ_ONLY_NORMALIZATION_FINDING,CEP_CONTROL_CENTER_CONFLICT_DUPLICATION_REGISTER_v1.0.csv,DO_NOT_ALLOW_OLD_AND_CURRENT_ROWS_TO_COMPETE,All OWNER-20260910 rows take precedence; physical paths/server/auth claims are not target law
INV-CONF-004,P1,PORTFOLIO_OR_NAMED_SCOPE,COLOCATED_CURRENT_VERSION_AMBIGUITY,"Same as above: retrieval must follow exact pointer, never newest-looking filename alone.",00_CURRENT_CONTROL,CANONICALIZATION_REQUIRED,CANONICALIZATION_FINDING,ADMIT_UNSUPERSEDED_CONCEPT_ONLY,CEP_CANONICAL_DECISION_SUPERSESSION_REGISTRY_v1.0.csv#INV-CONF-004,READ_ONLY_NORMALIZATION_FINDING,CEP_CONTROL_CENTER_CONFLICT_DUPLICATION_REGISTER_v1.0.csv,DO_NOT_ALLOW_OLD_AND_CURRENT_ROWS_TO_COMPETE,All OWNER-20260910 rows take precedence; physical paths/server/auth claims are not target law
INV-CONF-005,P0_DESIGN,PORTFOLIO_OR_NAMED_SCOPE,OWNER_NORMATIVE_SUPERSESSION,"Preserve donor mixed-script/Bidi mechanics and Arabic profile, but do not hard-code Arabic-first as product law.","Older Arabic-first / fixed RTL formulations, including accepted donor presentation profile",CANONICALIZATION_REQUIRED,CANONICALIZATION_FINDING,ADMIT_UNSUPERSEDED_CONCEPT_ONLY,CEP_CANONICAL_DECISION_SUPERSESSION_REGISTRY_v1.0.csv#INV-CONF-005,READ_ONLY_NORMALIZATION_FINDING,CEP_CONTROL_CENTER_CONFLICT_DUPLICATION_REGISTER_v1.0.csv,DO_NOT_ALLOW_OLD_AND_CURRENT_ROWS_TO_COMPETE,All OWNER-20260910 rows take precedence; physical paths/server/auth claims are not target law
INV-CONF-006,P0_LEARN,PORTFOLIO_OR_NAMED_SCOPE,OWNER_NORMATIVE_SUPERSESSION,Mark old categorical restriction SUPERSEDED; re-run Learn inheritance census from current Owner intent.,Older Learn restriction: CENTER authoring ban / main editor NOT_APPLICABLE,CANONICALIZATION_REQUIRED,CANONICALIZATION_FINDING,ADMIT_UNSUPERSEDED_CONCEPT_ONLY,CEP_CANONICAL_DECISION_SUPERSESSION_REGISTRY_v1.0.csv#INV-CONF-006,READ_ONLY_NORMALIZATION_FINDING,CEP_CONTROL_CENTER_CONFLICT_DUPLICATION_REGISTER_v1.0.csv,DO_NOT_ALLOW_OLD_AND_CURRENT_ROWS_TO_COMPETE,All OWNER-20260910 rows take precedence; physical paths/server/auth claims are not target law
INV-CONF-007,P1_INTERACTION,PORTFOLIO_OR_NAMED_SCOPE,DONOR_PRESERVE_PLUS_IMPROVE,Keep accepted visual/layout/command mechanics; improve dismissal routes without creating a second command owner.,Accepted Library Command Palette / historical dismissal behavior,CANONICALIZATION_REQUIRED,CANONICALIZATION_FINDING,ADMIT_UNSUPERSEDED_CONCEPT_ONLY,CEP_CANONICAL_DECISION_SUPERSESSION_REGISTRY_v1.0.csv#INV-CONF-007,READ_ONLY_NORMALIZATION_FINDING,CEP_CONTROL_CENTER_CONFLICT_DUPLICATION_REGISTER_v1.0.csv,DO_NOT_ALLOW_OLD_AND_CURRENT_ROWS_TO_COMPETE,All OWNER-20260910 rows take precedence; physical paths/server/auth claims are not target law
INV-CONF-008,P0_W03,PORTFOLIO_OR_NAMED_SCOPE,CANDIDATE_NOT_AUTHORITY,Mine value and evidence only; never use latest W03 blueprint as final product authority.,W03 v3.3/v3.3.1/v3.4 blueprint candidates,CANONICALIZATION_REQUIRED,CANONICALIZATION_FINDING,ADMIT_UNSUPERSEDED_CONCEPT_ONLY,CEP_CANONICAL_DECISION_SUPERSESSION_REGISTRY_v1.0.csv#INV-CONF-008,READ_ONLY_NORMALIZATION_FINDING,CEP_CONTROL_CENTER_CONFLICT_DUPLICATION_REGISTER_v1.0.csv,DO_NOT_ALLOW_OLD_AND_CURRENT_ROWS_TO_COMPETE,All OWNER-20260910 rows take precedence; physical paths/server/auth claims are not target law
INV-CONF-009,P1_W03,PORTFOLIO_OR_NAMED_SCOPE,PROPOSAL_NOT_AUTHORITY,Preserve professional needs through explicit disposition: exact / stronger equivalent / adapted / justified N/A / open missing.,69-section W03 world-class proposal,CANONICALIZATION_REQUIRED,CANONICALIZATION_FINDING,ADMIT_UNSUPERSEDED_CONCEPT_ONLY,CEP_CANONICAL_DECISION_SUPERSESSION_REGISTRY_v1.0.csv#INV-CONF-009,READ_ONLY_NORMALIZATION_FINDING,CEP_CONTROL_CENTER_CONFLICT_DUPLICATION_REGISTER_v1.0.csv,DO_NOT_ALLOW_OLD_AND_CURRENT_ROWS_TO_COMPETE,All OWNER-20260910 rows take precedence; physical paths/server/auth claims are not target law
INV-CONF-010,P0_METHOD,PORTFOLIO_OR_NAMED_SCOPE,TRACEABILITY_NON_COLLAPSE,"Future Foundation/Writer Factory must keep requirement, implementation, interaction, visual, runtime and Owner acceptance dimensions separate.",ZERO_ORPHAN / source-handled / static PASS artifacts,CANONICALIZATION_REQUIRED,CANONICALIZATION_FINDING,ADMIT_UNSUPERSEDED_CONCEPT_ONLY,CEP_CANONICAL_DECISION_SUPERSESSION_REGISTRY_v1.0.csv#INV-CONF-010,READ_ONLY_NORMALIZATION_FINDING,CEP_CONTROL_CENTER_CONFLICT_DUPLICATION_REGISTER_v1.0.csv,DO_NOT_ALLOW_OLD_AND_CURRENT_ROWS_TO_COMPETE,All OWNER-20260910 rows take precedence; physical paths/server/auth claims are not target law
INV-CONF-011,P0_DESIGN,PORTFOLIO_OR_NAMED_SCOPE,SHELL_AUTHORITY_REOPENED,Reopen Shell visual/navigation architecture; do not discard navigation/context-preservation mechanics.,Older AppShell/W02Nav reuse-as-is mappings,CANONICALIZATION_REQUIRED,CANONICALIZATION_FINDING,ADMIT_UNSUPERSEDED_CONCEPT_ONLY,CEP_CANONICAL_DECISION_SUPERSESSION_REGISTRY_v1.0.csv#INV-CONF-011,READ_ONLY_NORMALIZATION_FINDING,CEP_CONTROL_CENTER_CONFLICT_DUPLICATION_REGISTER_v1.0.csv,DO_NOT_ALLOW_OLD_AND_CURRENT_ROWS_TO_COMPETE,All OWNER-20260910 rows take precedence; physical paths/server/auth claims are not target law
INV-CONF-012,P0_ARCHITECTURE,PORTFOLIO_OR_NAMED_SCOPE,PROJECT_IDENTITY_SUPERSESSION,Do not admit backend/security/deployment complexity unless a concrete functional capability proves need.,Historical web-production assumptions (login/auth/deployment/security ceremony),CANONICALIZATION_REQUIRED,CANONICALIZATION_FINDING,ADMIT_UNSUPERSEDED_CONCEPT_ONLY,CEP_CANONICAL_DECISION_SUPERSESSION_REGISTRY_v1.0.csv#INV-CONF-012,READ_ONLY_NORMALIZATION_FINDING,CEP_CONTROL_CENTER_CONFLICT_DUPLICATION_REGISTER_v1.0.csv,DO_NOT_ALLOW_OLD_AND_CURRENT_ROWS_TO_COMPETE,All OWNER-20260910 rows take precedence; physical paths/server/auth claims are not target law
INV-CONF-013,P0_DESIGN,PORTFOLIO_OR_NAMED_SCOPE,CUSTOMIZATION_GENERALIZATION,Foundation must separate safe defaults from Owner preferences/effective responsive state and expose reset/import/export where useful.,Fixed defaults scattered across historical blueprints/preferences,CANONICALIZATION_REQUIRED,CANONICALIZATION_FINDING,ADMIT_UNSUPERSEDED_CONCEPT_ONLY,CEP_CANONICAL_DECISION_SUPERSESSION_REGISTRY_v1.0.csv#INV-CONF-013,READ_ONLY_NORMALIZATION_FINDING,CEP_CONTROL_CENTER_CONFLICT_DUPLICATION_REGISTER_v1.0.csv,DO_NOT_ALLOW_OLD_AND_CURRENT_ROWS_TO_COMPETE,All OWNER-20260910 rows take precedence; physical paths/server/auth claims are not target law
INV-CONF-014,P1_ARCHITECTURE,PORTFOLIO_OR_NAMED_SCOPE,DUPLICATION_EXPECTED_VS_DANGEROUS,Archive duplication is provenance; active behavioral duplication inside one candidate is defect. Future Foundation requires one state/command/event owner per generic family.,887 exact recursive text-duplicate groups,CANONICALIZATION_REQUIRED,CANONICALIZATION_FINDING,ADMIT_UNSUPERSEDED_CONCEPT_ONLY,CEP_CANONICAL_DECISION_SUPERSESSION_REGISTRY_v1.0.csv#INV-CONF-014,READ_ONLY_NORMALIZATION_FINDING,CEP_CONTROL_CENTER_CONFLICT_DUPLICATION_REGISTER_v1.0.csv,DO_NOT_ALLOW_OLD_AND_CURRENT_ROWS_TO_COMPETE,All OWNER-20260910 rows take precedence; physical paths/server/auth claims are not target law
CANON-015,P0_ARCHITECTURE,PORTFOLIO_OR_APPLICABLE,STACK_PATH_SUPERSESSION,"Preserve conceptual owners/contracts, but physical Vue/Laravel/Inertia/Tailwind target paths are not current foundation authority after stack reconsideration.",Big Boss ADR-S09 and resources/js/*.ts Laravel/Vue target_component paths,CURRENT_CANONICALIZATION_RULE,CANONICALIZATION_FINDING_FROM_CURRENT_SOURCES_AND_OWNER_INTENT,ADMIT_UNSUPERSEDED_CONCEPT_ONLY,CEP_CANONICAL_DECISION_SUPERSESSION_REGISTRY_v1.0.csv#CANON-015,READ_ONLY_NORMALIZATION_FINDING,Control Center + current Owner instructions,Treat physical destination as UNRESOLVED until Proof-of-Fit/final stack adjudication.,All OWNER-20260910 rows take precedence; physical paths/server/auth claims are not target law
CANON-016,P0_ARCHITECTURE,PORTFOLIO_OR_APPLICABLE,AUTH_AND_SAAS_ASSUMPTION_SUPERSESSION,"CEP is personal/local/single-owner. Do not import team accounts, SaaS tenancy, role/organization switching or login ceremony unless a concrete capability later proves need.",Historical shell/auth/server wording,CURRENT_CANONICALIZATION_RULE,CANONICALIZATION_FINDING_FROM_CURRENT_SOURCES_AND_OWNER_INTENT,ADMIT_UNSUPERSEDED_CONCEPT_ONLY,CEP_CANONICAL_DECISION_SUPERSESSION_REGISTRY_v1.0.csv#CANON-016,READ_ONLY_NORMALIZATION_FINDING,Control Center + current Owner instructions,Preserve real authorization/provider boundaries only where a local privileged operation actually requires them.,All OWNER-20260910 rows take precedence; physical paths/server/auth claims are not target law
CANON-017,P0_DESIGN,PORTFOLIO_OR_APPLICABLE,THEME_DEFAULT_NOT_LAW,"Deep Neutral/notion-dark may remain a high-quality preset and accepted-donor lineage option, not a globally forced theme.",W03 Deep Neutral / notion-dark adjudication,CURRENT_CANONICALIZATION_RULE,CANONICALIZATION_FINDING_FROM_CURRENT_SOURCES_AND_OWNER_INTENT,ADMIT_UNSUPERSEDED_CONCEPT_ONLY,CEP_CANONICAL_DECISION_SUPERSESSION_REGISTRY_v1.0.csv#CANON-017,READ_ONLY_NORMALIZATION_FINDING,Control Center + current Owner instructions,Theme belongs to one global preference owner with safe default + Owner override.,All OWNER-20260910 rows take precedence; physical paths/server/auth claims are not target law
CANON-018,P0_DESIGN,PORTFOLIO_OR_APPLICABLE,TOOLBAR_LAYOUT_DEFAULT_NOT_LAW,Preserve accepted composition grammar and center-dominance constraints while making eligible placement/order/visibility customizable.,Fixed toolbar/banner/pane placements in historical candidates,CURRENT_CANONICALIZATION_RULE,CANONICALIZATION_FINDING_FROM_CURRENT_SOURCES_AND_OWNER_INTENT,ADMIT_UNSUPERSEDED_CONCEPT_ONLY,CEP_CANONICAL_DECISION_SUPERSESSION_REGISTRY_v1.0.csv#CANON-018,READ_ONLY_NORMALIZATION_FINDING,Control Center + current Owner instructions,Never confuse preferred layout with effective responsive layout or domain truth.,All OWNER-20260910 rows take precedence; physical paths/server/auth claims are not target law
CANON-019,P0_EVIDENCE,PORTFOLIO_OR_APPLICABLE,W03_V3_4_WRITER_PASS_NOT_ACCEPTANCE,"Writer evidence is useful implementation/proposal evidence, but independent Controller interaction review and Owner/Controller design adjudication were not performed.",W03 v3.4 PASS_BY_WRITER_EVIDENCE rows,CURRENT_CANONICALIZATION_RULE,CANONICALIZATION_FINDING_FROM_CURRENT_SOURCES_AND_OWNER_INTENT,ADMIT_UNSUPERSEDED_CONCEPT_ONLY,CEP_CANONICAL_DECISION_SUPERSESSION_REGISTRY_v1.0.csv#CANON-019,READ_ONLY_NORMALIZATION_FINDING,Control Center + current Owner instructions,Mine exact corrected mechanics; keep acceptance NOT_PERFORMED.,All OWNER-20260910 rows take precedence; physical paths/server/auth claims are not target law
