CORRECTION_ID,HISTORICAL_TITLE,SEVERITY,CORRECTION_CLASS,DEPENDENCY_STAGE,EXECUTION_STATUS,EVIDENCE_EXECUTED,REMAINING_PROOF_OR_GATE,FILES_FROM_HISTORICAL_REGISTER,HISTORICAL_RECOMMENDED_ACTION,SELF_ACCEPTANCE,GITHUB_OR_GOVERNED_DRIVE_PRODUCT_MUTATION,WRITER_VERSION,WRITER_SOURCE_TREE_SHA,WRITER_SOURCE_MANIFEST_SHA256
C001,Missing InvalidArgumentException import in review path,P0,DIRECT_RUNTIME_FIX,1,CORRECTED_LOCAL__PRESERVED_IN_SUCCESSOR,PHP syntax 14/14 aggregate; exact missing import restored,Laravel runtime not run | Preserved byte/semantic lineage; no rollback detected in changed-file audit.,app/Modules/Knowledge/Publication/LessonRevisionWorkflow.php | tests/Feature/Vs001PublicationWorkflowTest.php | tests/Feature/Vs002LifecycleTest.php,Restore `use InvalidArgumentException;` and add explicit invalid-decision / RETURNED-rationale runtime tests.,NO,NO,v1.1.4_FINAL_CLOSURE_HARDENED,acd14514dddbd5e45aeb2fc25fed22560511d8ca,b5de82d4cb83534bab55de52cf7b2f64fec952e9b97062a294338ed21691edf5
C002,Structured Content V3 is not safely round-trippable through legacy Vs001/Vs002 writers,P0,COMPATIBILITY_DATA_LOSS_FIX,2,CORRECTED_LOCAL__PRESERVED_IN_SUCCESSOR,Lossless V3 legacy writer path implemented; PHP syntax PASS; affected tests updated,Laravel/Vue integration not run | Preserved byte/semantic lineage; no rollback detected in changed-file audit.,app/Http/Controllers/Vs001Controller.php | app/Http/Controllers/Vs002Controller.php | resources/js/pages/Vs001/LessonEditor.vue | resources/js/pages/Vs002/LessonEditor.vue | app/Modules/Knowledge/Publication/LessonRevisionWorkflow.php | app/Modules/Knowledge/Content/LessonContentContract.php | tests/Feature/Vs001WorkspaceTest.php | tests/Feature/Vs002WorkspaceTest.php | tests/Feature/Vs001PublicationWorkflowTest.php | tests/Feature/Vs002LifecycleTest.php | resources/js/tests/Vs001CorrectedWorkflows.spec.ts | resources/js/tests/Vs002SafeRendering.spec.ts,"Choose one safe compatibility contract: make legacy writers losslessly round-trip V3, or explicitly make them read-only/refuse V3 drafts. Never silently downgrade.",NO,NO,v1.1.4_FINAL_CLOSURE_HARDENED,acd14514dddbd5e45aeb2fc25fed22560511d8ca,b5de82d4cb83534bab55de52cf7b2f64fec952e9b97062a294338ed21691edf5
C003,PHP and TypeScript derive different IDs for the same legacy block,P0,IDENTITY_CORRECTION,2,CORRECTED_LOCAL__PRESERVED_IN_SUCCESSOR,PHP↔TypeScript 3/3 golden vectors PASS including Arabic and U+2028/U+2029; isolated TSC PASS,Full Vitest suite not run | Preserved byte/semantic lineage; no rollback detected in changed-file audit.,app/Modules/Knowledge/Content/LessonContentContract.php | resources/js/pages/KnowledgeLearning/components/content/lessonContent.ts | tests/Unit/Knowledge/LessonContentContractTest.php | resources/js/tests/ProductionForgeCore.spec.ts | resources/js/tests/ProductionForgeIntegration.spec.ts,Make one canonical legacy-ID algorithm/owner and add cross-language golden vectors proving identical IDs for the same legacy revision.,NO,NO,v1.1.4_FINAL_CLOSURE_HARDENED,acd14514dddbd5e45aeb2fc25fed22560511d8ca,b5de82d4cb83534bab55de52cf7b2f64fec952e9b97062a294338ed21691edf5
C004,R&Q conflict model cannot be represented by current SourceClaim uniqueness,P1,SCHEMA_SEMANTIC_DECISION_REQUIRED,3,CORRECTED_LOCAL_DB_UNPROVEN__PRESERVED_IN_SUCCESSOR,Scoped identity migration PHP syntax PASS,PostgreSQL migration/up/down/concurrency runtime not run | Preserved byte/semantic lineage; no rollback detected in changed-file audit.,app/Modules/SourceGovernance/Application/ResearchQuality/ResearchQualityWorkbench.php | app/Modules/SourceGovernance/Application/KnowledgeQualityService.php | app/Modules/SourceGovernance/Models/SourceClaim.php | database/migrations/2026_07_22_000005_create_vs001_content_and_enterprise_tables.php | resources/js/pages/KnowledgeLearning/components/research-quality/types.ts | resources/js/workbench/ResearchWorkspace.vue | tests/Unit/SourceGovernance/ResearchQualityWorkbenchTest.php | tests/Feature/KnowledgeLearning/ProductionWorkbenchApiTest.php,"Do not patch blindly. Decide the domain model: canonical claim + source variants/equivalence relation, or source-scoped claim identity with an explicit migration. Replace the impossible unit fixture with database-backed tests.",NO,NO,v1.1.4_FINAL_CLOSURE_HARDENED,acd14514dddbd5e45aeb2fc25fed22560511d8ca,b5de82d4cb83534bab55de52cf7b2f64fec952e9b97062a294338ed21691edf5
C005,Legacy global RTL/dark ownership leaks into configurable successor shell,P1,GLOBAL_PRESENTATION_CORRECTION,4,CORRECTED_LOCAL_BROWSER_UNPROVEN__PRESERVED_IN_SUCCESSOR,Legacy-shell scope + same-origin first-paint bootstrap; bootstrap node --check PASS,Real browser first-paint/theme/locale proof not run | Preserved byte/semantic lineage; no rollback detected in changed-file audit.,resources/css/app.css | resources/views/app.blade.php | resources/views/workbench.blade.php | resources/js/workbench/main.ts | resources/js/workbench/Workbench.vue | resources/css/workbench.css,Scope legacy RTL/dark rules to legacy shell or move document presentation ownership to one bootstrap preference owner; hydrate last-known theme/locale/direction before first paint.,NO,NO,v1.1.4_FINAL_CLOSURE_HARDENED,acd14514dddbd5e45aeb2fc25fed22560511d8ca,b5de82d4cb83534bab55de52cf7b2f64fec952e9b97062a294338ed21691edf5
C006,Pane layout state is stored inside semantic GlobalPreferenceCore,P1,STATE_OWNERSHIP_CORRECTION,4,CORRECTED_LOCAL__PRESERVED_IN_SUCCESSOR,WorkspaceLayoutCore separated; strict isolated TSC PASS; actual bootstrap-order migration harness 5/5 PASS,Full Vue/browser persistence proof not run; initialization order remains regression invariant | Preserved byte/semantic lineage; no rollback detected in changed-file audit.,resources/js/shared/GlobalPreferenceCore.ts | resources/js/workbench/WorkspaceFrame.vue | resources/js/tests/ProductionForgeCore.spec.ts | resources/js/tests/ProductionForgeIntegration.spec.ts,Extract a scoped WorkspaceLayout/Presentation state owner and leave semantic preferences in GlobalPreferenceCore.,NO,NO,v1.1.4_FINAL_CLOSURE_HARDENED,acd14514dddbd5e45aeb2fc25fed22560511d8ca,b5de82d4cb83534bab55de52cf7b2f64fec952e9b97062a294338ed21691edf5
C007,Content alignment preference is applied to the entire application chrome,P1,PRESENTATION_SCOPE_CORRECTION,4,CORRECTED_LOCAL_BROWSER_UNPROVEN__PRESERVED_IN_SUCCESSOR,Global chrome alignment ownership removed/scoped to content owner; static diff PASS,Browser visual proof not run | Preserved byte/semantic lineage; no rollback detected in changed-file audit.,resources/js/workbench/Workbench.vue | resources/js/workbench/WorkspaceFrame.vue | resources/js/tests/ProductionForgeIntegration.spec.ts,Apply alignment only at the appropriate surface/content/object presentation owner; keep shell chrome layout independent.,NO,NO,v1.1.4_FINAL_CLOSURE_HARDENED,acd14514dddbd5e45aeb2fc25fed22560511d8ca,b5de82d4cb83534bab55de52cf7b2f64fec952e9b97062a294338ed21691edf5
C008,"WorkspaceFrame narrow-left-pane, RTL resizing, focus/persistence, and labels are incomplete",P1,RESPONSIVE_RTL_A11Y_CORRECTION,4,CORRECTED_LOCAL_BROWSER_UNPROVEN__PRESERVED_IN_SUCCESSOR,"Logical RTL resize, same-owner left/right overlays, focus/labels/persisted bottom; strict TSC/static checks PASS",Pointer/focus/200% browser matrix not run | Preserved byte/semantic lineage; no rollback detected in changed-file audit.,resources/js/workbench/WorkspaceFrame.vue | resources/css/workbench.css | resources/js/shared/GlobalPreferenceCore.ts | resources/js/tests/ProductionForgeIntegration.spec.ts,"Implement semantic pane roles with logical-direction resizing, same-owner narrow LEFT overlay/drawer, correct focus return/trap, localized labels, and separated/persisted layout state where specified.",NO,NO,v1.1.4_FINAL_CLOSURE_HARDENED,acd14514dddbd5e45aeb2fc25fed22560511d8ca,b5de82d4cb83534bab55de52cf7b2f64fec952e9b97062a294338ed21691edf5
C009,Visualize and R&Q workspaces retain stale local state when canonical props change,P1,REACTIVE_IDENTITY_CORRECTION,4,CORRECTED_LOCAL_BROWSER_UNPROVEN__PRESERVED_IN_SUCCESSOR,Canonical remount keys added for Visualize/R&Q,Vue SFC build/browser rerender proof not run | Preserved byte/semantic lineage; no rollback detected in changed-file audit.,resources/js/workbench/WorkspaceRoute.vue | resources/js/workbench/VisualizeWorkspace.vue | resources/js/workbench/ResearchWorkspace.vue | resources/js/tests/ProductionForgeIntegration.spec.ts,Key/remount by canonical identity or add explicit prop reconciliation that preserves only valid presentation state.,NO,NO,v1.1.4_FINAL_CLOSURE_HARDENED,acd14514dddbd5e45aeb2fc25fed22560511d8ca,b5de82d4cb83534bab55de52cf7b2f64fec952e9b97062a294338ed21691edf5
C010,Saved Map query/state exists but no real saved-map provider or geometry restoration is wired,P1,PROVIDER_SCHEMA_IMPLEMENTATION_GATE,5,CORRECTED_LOCAL__PRESERVED_IN_SUCCESSOR,Saved map explicitly unavailable; safe harness map serialization test PASS,Real provider remains absent by design | Preserved byte/semantic lineage; no rollback detected in changed-file audit.,app/Application/KnowledgeLearning/KnowledgeLearningWorkspace.php | app/Http/Controllers/KnowledgeLearning/WorkbenchController.php | app/Modules/Curriculum/Application/CurriculumKnowledgeService.php | app/Modules/Curriculum/Application/Visualize/VisualizationProjection.php | app/Modules/Curriculum/Application/Visualize/VisualizeRouteState.php | resources/js/workbench/VisualizeWorkspace.vue | resources/js/workbench/WorkspaceRoute.vue | resources/js/pages/KnowledgeLearning/components/visualize/routeState.ts | resources/js/pages/KnowledgeLearning/components/visualize/types.ts | tests/Unit/Curriculum/VisualizationProjectionTest.php | resources/js/tests/ProductionForgeIntegration.spec.ts,"Either remove/mark map unavailable until a real owner/provider exists, or implement validated saved-map retrieval, geometry restoration, map identity and tests. Do not fake persistence.",NO,NO,v1.1.4_FINAL_CLOSURE_HARDENED,acd14514dddbd5e45aeb2fc25fed22560511d8ca,b5de82d4cb83534bab55de52cf7b2f64fec952e9b97062a294338ed21691edf5
C011,Tree representation silently drops additional parent edges and can collapse cyclic topology,P1,REPRESENTATION_INTEGRITY_CORRECTION,5,CORRECTED_LOCAL__PRESERVED_IN_SUCCESSOR,Tree multi-parent and cycle harness PASS; crosslinks preserved; empty-state regression fixed,Browser rendering proof not run | Preserved byte/semantic lineage; no rollback detected in changed-file audit.,resources/js/pages/KnowledgeLearning/components/visualize/viewModels.ts | resources/js/pages/KnowledgeLearning/components/visualize/views/TreeView.vue | resources/js/pages/KnowledgeLearning/components/visualize/views/TreeBranch.vue | resources/js/tests/ProductionForgeIntegration.spec.ts,Either prove/validate single-parent acyclic containment or render aliases/cross-links/cycle states. Never silently discard canonical relationships.,NO,NO,v1.1.4_FINAL_CLOSURE_HARDENED,acd14514dddbd5e45aeb2fc25fed22560511d8ca,b5de82d4cb83534bab55de52cf7b2f64fec952e9b97062a294338ed21691edf5
C012,Library hierarchy selects newest placement without current-lifecycle eligibility filtering,P1,DOMAIN_PROJECTION_CORRECTION,5,CORRECTED_LOCAL_DB_UNPROVEN__PRESERVED_IN_SUCCESSOR,Lifecycle reflection harness active/published allowed; draft/inactive/retired/superseded/withdrawn/deleted excluded,DB-backed placement query integration not run | Preserved byte/semantic lineage; no rollback detected in changed-file audit.,app/Modules/Knowledge/Application/Library/LibraryHierarchyProjector.php | app/Modules/Curriculum/Application/CurriculumKnowledgeService.php | app/Application/KnowledgeLearning/KnowledgeLearningWorkspace.php | resources/js/pages/KnowledgeLearning/components/library/LibraryHierarchyTree.vue | tests/Feature/KnowledgeLearning/ProductionWorkbenchApiTest.php,Centralize one domain-owned current-placement projection/lifecycle rule and test retired/superseded transitions across Library and Visualize.,NO,NO,v1.1.4_FINAL_CLOSURE_HARDENED,acd14514dddbd5e45aeb2fc25fed22560511d8ca,b5de82d4cb83534bab55de52cf7b2f64fec952e9b97062a294338ed21691edf5
C013,Hierarchy fallback fabricates Arabic titles from technical IDs,P1,DOMAIN_METADATA_CORRECTION,5,CORRECTED_LOCAL__PRESERVED_IN_SUCCESSOR,Hierarchy reflection harness proves no technical-ID-as-Arabic fallback; authoritative-label case PASS,Laravel API/browser projection not run | Preserved byte/semantic lineage; no rollback detected in changed-file audit.,app/Application/KnowledgeLearning/KnowledgeLearningWorkspace.php | app/Modules/Knowledge/Application/Library/LibraryHierarchyProjector.php | resources/js/pages/KnowledgeLearning/components/library/LibraryHierarchyTree.vue | resources/js/pages/KnowledgeLearning/components/library/libraryHierarchy.ts | tests/Feature/KnowledgeLearning/ProductionWorkbenchApiTest.php,Carry explicit unresolved/technical-fallback metadata or resolve titles from the authoritative parent domain. Never masquerade IDs as localized semantic titles.,NO,NO,v1.1.4_FINAL_CLOSURE_HARDENED,acd14514dddbd5e45aeb2fc25fed22560511d8ca,b5de82d4cb83534bab55de52cf7b2f64fec952e9b97062a294338ed21691edf5
C014,Learn context silently uses only the first placement for multi-placement units,P1,LEARN_DOMAIN_CORRECTION,5,CORRECTED_LOCAL__PRESERVED_IN_SUCCESSOR,Multi-placement Learn reflection harness PASS; pathway conflict explicit,Laravel provider integration not run | Preserved byte/semantic lineage; no rollback detected in changed-file audit.,app/Application/KnowledgeLearning/KnowledgeLearningWorkspace.php | app/Modules/Curriculum/Application/CurriculumKnowledgeService.php | app/Modules/Learning/Application/KnowledgeJourneyService.php | resources/js/workbench/LibraryWorkspace.vue | tests/Feature/KnowledgeLearning/ProductionWorkbenchApiTest.php,Define authoritative placement selection or deterministic aggregation/conflict rules and test multi-placement units.,NO,NO,v1.1.4_FINAL_CLOSURE_HARDENED,acd14514dddbd5e45aeb2fc25fed22560511d8ca,b5de82d4cb83534bab55de52cf7b2f64fec952e9b97062a294338ed21691edf5
C015,New document creation asserts one title as both Arabic and English metadata,P1,CONTENT_METADATA_CORRECTION,5,CORRECTED_LOCAL_RUNTIME_UNPROVEN__PRESERVED_IN_SUCCESSOR,Separate title_ar/title_en contract implemented; PHP syntax PASS,Full frontend/API create workflow not run | Preserved byte/semantic lineage; no rollback detected in changed-file audit.,app/Modules/Knowledge/Application/KnowledgeLibraryService.php | app/Http/Controllers/KnowledgeLearning/WorkbenchController.php | resources/js/workbench/LibraryWorkspace.vue | resources/js/workbench/types.ts | tests/Feature/KnowledgeLearning/ProductionWorkbenchApiTest.php,Collect separate localized titles or define a canonical title + explicit language metadata. Do not silently duplicate one string into two semantic-language fields.,NO,NO,v1.1.4_FINAL_CLOSURE_HARDENED,acd14514dddbd5e45aeb2fc25fed22560511d8ca,b5de82d4cb83534bab55de52cf7b2f64fec952e9b97062a294338ed21691edf5
C016,"Parent/container capability is inconsistent between validation, insert, and type conversion",P1,STRUCTURED_CONTENT_SEMANTIC_CORRECTION,5,CORRECTED_LOCAL__PRESERVED_IN_SUCCESSOR,Shared parent-capability contract; paragraph child accepts/code child rejects harness PASS,Full PHP validateAndNormalize blocked by missing mbstring in CLI | Preserved byte/semantic lineage; no rollback detected in changed-file audit.,resources/js/shared/StructuredContentCore.ts | app/Modules/Knowledge/Content/LessonContentContract.php | resources/js/workbench/StructuredEditor.vue | tests/Unit/Knowledge/LessonContentContractTest.php | resources/js/tests/ProductionForgeCore.spec.ts,Create one authoritative parent-capability registry shared by all structural operations and align PHP/TS validation.,NO,NO,v1.1.4_FINAL_CLOSURE_HARDENED,acd14514dddbd5e45aeb2fc25fed22560511d8ca,b5de82d4cb83534bab55de52cf7b2f64fec952e9b97062a294338ed21691edf5
C017,Numbered list numbering is global instead of list/depth scoped,P1,EDITOR_BEHAVIOR_CORRECTION,5,CORRECTED_LOCAL__PRESERVED_IN_SUCCESSOR,Contiguous/depth list numbering harness 3/3 PASS,Browser editor numbering rendering not run | Preserved byte/semantic lineage; no rollback detected in changed-file audit.,resources/js/workbench/StructuredEditor.vue | resources/js/shared/StructuredContentCore.ts | resources/js/tests/ProductionForgeCore.spec.ts | resources/js/tests/ProductionForgeIntegration.spec.ts,Derive numbering by contiguous structural peer/list context and add nested/separate-list vectors.,NO,NO,v1.1.4_FINAL_CLOSURE_HARDENED,acd14514dddbd5e45aeb2fc25fed22560511d8ca,b5de82d4cb83534bab55de52cf7b2f64fec952e9b97062a294338ed21691edf5
C018,Structured-content PHP/TS contract messages/docs/empty-body rules are inconsistent,P2,CONTRACT_PARITY_CORRECTION,5,CORRECTED_LOCAL__PRESERVED_IN_SUCCESSOR,Contract docs/messages/body rules aligned; isolated TSC/PHP syntax PASS,Full PHP validator runtime blocked by missing mbstring; framework tests not run | Preserved byte/semantic lineage; no rollback detected in changed-file audit.,app/Modules/Knowledge/Content/LessonContentContract.php | resources/js/pages/KnowledgeLearning/components/content/lessonContent.ts | tests/Unit/Knowledge/LessonContentContractTest.php | resources/js/tests/ProductionForgeCore.spec.ts,Align contract version/docs/messages and one body-validity rule; add parity vectors.,NO,NO,v1.1.4_FINAL_CLOSURE_HARDENED,acd14514dddbd5e45aeb2fc25fed22560511d8ca,b5de82d4cb83534bab55de52cf7b2f64fec952e9b97062a294338ed21691edf5
C019,Library structured editor is missing multiple accepted interaction capabilities,P1,ACCEPTED_DESIGN_PARITY_CORRECTION,6,IMPLEMENTED_BOUNDED_SOURCE__MIXED_ASSURANCE_PENDING,v1.1.4 Final Closure: semantic harness 34/34 PASS; strict shared-core + changed-SFC TypeScript PASS; mapped editor/clipboard/code/layout/context source re-inspected; 80-row Factory reconciled.,All Controller-mapped source mechanics are implemented under assigned owners. Persistent arbitrary range Color/Highlight/Underline remains explicit CONTRACT_GATED because the adjudicated canonical production content contract has no persistent range-style field/encoding; no schema was invented. Real browser/visual proof remains separate.,resources/js/workbench/StructuredEditor.vue | resources/js/shared/StructuredContentCore.ts | resources/js/shared/ClipboardTrustCore.ts | resources/js/workbench/LibraryWorkspace.vue | resources/js/shared/WorkspaceMemoryCore.ts | resources/css/workbench.css | resources/js/tests/ProductionForgeCore.spec.ts | resources/js/tests/ProductionForgeIntegration.spec.ts,Close accepted-design deltas cumulatively without replacing working core. Each admitted capability needs targeted tests and anti-loss evidence.,NO,NO,v1.1.4_FINAL_CLOSURE_HARDENED,acd14514dddbd5e45aeb2fc25fed22560511d8ca,b5de82d4cb83534bab55de52cf7b2f64fec952e9b97062a294338ed21691edf5
C020,Current Read Mode is stricter than accepted owner-authorized Read Mode behavior,P1,READ_MODE_SEMANTIC_CORRECTION,6,IMPLEMENTED_BOUNDED_SOURCE__BROWSER_UNPROVEN,"v1.1.4 source inspection + semantic/strict-TypeScript evidence; Read Mode command availability, context/inspect/copy/note entry paths retained while destructive structural editing remains restricted.",Read Mode action/inspect/context behavior implemented without restoring insertion/destructive editing; browser interaction proof remains C026.,resources/js/workbench/StructuredEditor.vue | resources/js/workbench/LibraryWorkspace.vue | resources/css/workbench.css | resources/js/tests/ProductionForgeIntegration.spec.ts,Implement the accepted Read Mode action matrix: formatting/type/style + note/copy/link allowed where specified; text/add/delete/move restricted.,NO,NO,v1.1.4_FINAL_CLOSURE_HARDENED,acd14514dddbd5e45aeb2fc25fed22560511d8ca,b5de82d4cb83534bab55de52cf7b2f64fec952e9b97062a294338ed21691edf5
C021,Revision-level working note is not the accepted linked Sticky Note system,P1,NOTES_PARITY_CORRECTION,6,IMPLEMENTED_CONTROLLER_ADJUDICATED_LINKED_NOTES__RUNTIME_UNPROVEN,"v1.1.4 LinkedStickyNoteCore + NotesLens + StickyNoteHost + StickyNoteEditorSurface + one SemanticCommandCore; 34/34 harness includes same-note popout identity, invalid-ID rejection, cross-window storage sync, pin/move/resize/reopen/source binding.",OWNER-ADJ-PROD-NOTES-001 implemented at source level without repurposing WorkspaceMemoryCore.note. Browser/PWA popout mapping is SOURCE_IMPLEMENTED with exact same note identity but real-browser popup/runtime proof remains open. Durable server Notes persistence remains AUTHORITY_GATED. OS cross-application always-on-top remains PLATFORM_GATED.,resources/js/shared/WorkspaceMemoryCore.ts | resources/js/workbench/LibraryWorkspace.vue | resources/js/workbench/StructuredEditor.vue | resources/css/workbench.css | resources/js/tests/ProductionForgeIntegration.spec.ts,"Keep the revision note as a separate local note if useful, but implement linked Sticky Note identity/actions without conflating it with formal evidence/review artifacts.",NO,NO,v1.1.4_FINAL_CLOSURE_HARDENED,acd14514dddbd5e45aeb2fc25fed22560511d8ca,b5de82d4cb83534bab55de52cf7b2f64fec952e9b97062a294338ed21691edf5
C022,Recovery writes synchronously on frequent editor changes and is not an explicit autosave model,P2,RECOVERY_AUTOSAVE_PERFORMANCE_CORRECTION,6,IMPLEMENTED_BOUNDED_SOURCE__FRAMEWORK_RUNTIME_UNPROVEN,Writer-B post-zero-orphan bounded parity evidence; see v1.1.4 test receipt/traceability matrix/source manifest.,Autosave preference/scheduler implemented through existing canonical save/conflict path; Recovery remains separate local mechanism. Laravel/PostgreSQL runtime remains C025.,resources/js/workbench/LibraryWorkspace.vue | resources/js/shared/WorkspaceMemoryCore.ts | resources/js/shared/GlobalPreferenceCore.ts | resources/js/tests/ProductionForgeIntegration.spec.ts,"Debounce/bound recovery writes, preserve recovery as a distinct mechanism, and implement configurable autosave only through the canonical save/conflict contract.",NO,NO,v1.1.4_FINAL_CLOSURE_HARDENED,acd14514dddbd5e45aeb2fc25fed22560511d8ca,b5de82d4cb83534bab55de52cf7b2f64fec952e9b97062a294338ed21691edf5
C023,Active donor components bypass the configurable locale owner with Arabic-only labels/copy,P1,LOCALIZATION_CORRECTION,6,IMPLEMENTED_BOUNDED_SOURCE__BROWSER_BIDI_UNPROVEN,Writer-B post-zero-orphan bounded parity evidence; see v1.1.4 test receipt/traceability matrix/source manifest.,New/modified Writer-B UI adapters use shared locale owner and preserve technical LTR isolation; mixed browser/Bidi proof remains C026.,resources/js/pages/KnowledgeLearning/components/library/LibraryHierarchyTree.vue | resources/js/pages/KnowledgeLearning/components/research-quality/ProvenancePanel.vue | resources/js/pages/KnowledgeLearning/components/research-quality/ResearchQualityWorkbench.vue | resources/js/pages/KnowledgeLearning/components/visualize/views/TreeView.vue | resources/js/pages/KnowledgeLearning/components/visualize/views/TreeBranch.vue | resources/js/pages/KnowledgeLearning/components/visualize/views/PathView.vue | resources/js/pages/KnowledgeLearning/components/visualize/views/GraphView.vue | resources/js/pages/KnowledgeLearning/components/visualize/views/CanvasView.vue | app/Modules/Curriculum/Application/Visualize/VisualizeRouteState.php | resources/js/workbench/LibraryWorkspace.vue | resources/js/workbench/ResearchWorkspace.vue | resources/js/workbench/VisualizeWorkspace.vue | resources/js/tests/ProductionForgeIntegration.spec.ts,Route all UI copy/ARIA through the locale owner. Prefer semantic backend state codes and localize in the frontend; preserve technical Bidi separately.,NO,NO,v1.1.4_FINAL_CLOSURE_HARDENED,acd14514dddbd5e45aeb2fc25fed22560511d8ca,b5de82d4cb83534bab55de52cf7b2f64fec952e9b97062a294338ed21691edf5
C024,Library/R&Q payloads materialize whole corpora and filter client-side,P1,PRODUCTION_SCALE_CORRECTION,6,OPEN_NOT_IN_V1_1_2_67_ROW_WRITE_SCOPE,v1.1.4 final closure rechecked Controller v1.1.2 67-row implementation universe and exact write scopes.,Historical whole-corpora/server-pagination correction is not one of the 67 Controller-dispatched PARTIAL/MISSING rows and has no adjudicated bounded backend destination in this packet. It remains OPEN_OUTSIDE_CURRENT_ROW_SCOPE; separate Controller mapping/dispatch is required before mutation.,app/Modules/Knowledge/Application/KnowledgeLibraryService.php | app/Application/KnowledgeLearning/KnowledgeLearningWorkspace.php | app/Modules/SourceGovernance/Application/KnowledgeQualityService.php | app/Http/Controllers/KnowledgeLearning/WorkbenchController.php | resources/js/workbench/LibraryWorkspace.vue | resources/js/workbench/ResearchWorkspace.vue | resources/js/workbench/types.ts | tests/Feature/KnowledgeLearning/ProductionWorkbenchApiTest.php,Introduce bounded server-side search/pagination/summary endpoints and lazy detail retrieval while preserving canonical object identities.,NO,NO,v1.1.4_FINAL_CLOSURE_HARDENED,acd14514dddbd5e45aeb2fc25fed22560511d8ca,b5de82d4cb83534bab55de52cf7b2f64fec952e9b97062a294338ed21691edf5
C025,Material PHP/API/PostgreSQL behavior has not been executed in the delivered environment,GATE,RUNTIME_VERIFICATION_REQUIRED,8,RUNTIME_GATE_OPEN_ENVIRONMENT_BLOCKED,PHP syntax 211/211 PASS; PHP CLI 8.4.23 present. npm ci retried but environment reports EBADENGINE (project Node 24.18.0/npm 11.16.0; environment Node v22.16.0/npm 10.9.2) and did not yield a complete project toolchain.,"Composer, vendor/autoload.php, PostgreSQL client/runtime, and Docker are unavailable in the execution environment; therefore Laravel/PostgreSQL migration/concurrency/runtime proof remains OPEN and is not inferred from PHP syntax.",app/Application/KnowledgeLearning/KnowledgeLearningWorkspace.php | app/Http/Controllers/KnowledgeLearning/WorkbenchController.php | app/Modules/Curriculum/Application/CurriculumKnowledgeService.php | app/Modules/Curriculum/Application/Visualize/OverlayProjector.php | app/Modules/Curriculum/Application/Visualize/VisualizationProjection.php | app/Modules/Curriculum/Application/Visualize/VisualizeRouteState.php | app/Modules/Knowledge/Application/KnowledgeLibraryService.php | app/Modules/Knowledge/Application/Library/LibraryCapabilityManifest.php | app/Modules/Knowledge/Application/Library/LibraryHierarchyProjector.php | app/Modules/Knowledge/Content/LessonContentContract.php | app/Modules/Knowledge/Publication/LessonRevisionWorkflow.php | app/Modules/Learning/Application/DailyQueueService.php | app/Modules/Learning/Application/KnowledgeJourneyService.php | app/Modules/SourceGovernance/Application/KnowledgeQualityService.php | app/Modules/SourceGovernance/Application/ResearchQuality/ResearchQualityWorkbench.php | routes/workbench.php | tests/Feature/KnowledgeLearning/ProductionWorkbenchApiTest.php,"After direct corrections, run Composer/Laravel unit+feature tests against project PostgreSQL, including concurrency and migration lifecycle, before merge/acceptance.",NO,NO,v1.1.4_FINAL_CLOSURE_HARDENED,acd14514dddbd5e45aeb2fc25fed22560511d8ca,b5de82d4cb83534bab55de52cf7b2f64fec952e9b97062a294338ed21691edf5
C026,No real browser/runtime/reference assurance exists for the final candidate,GATE,BROWSER_RUNTIME_VERIFICATION_REQUIRED,9,BROWSER_VISUAL_GATE_OPEN_ENVIRONMENT_BLOCKED,"Chromium 144 is installed, but even a minimal headless data-URL screenshot smoke test timed out (RC=124) with environment/DBus errors; full Vue toolchain unavailable; no screenshot or exact-route proof produced.","EXACT_ROUTE_BROWSER_PROOF, candidate-bound visual proof, 1440/~1024/narrow, browser 200%, full keyboard/focus/AT and mixed-Bidi runtime remain UNPROVEN. Environment blocking is recorded rather than converted to PASS.",resources/views/workbench.blade.php | resources/js/workbench/main.ts | resources/js/workbench/Workbench.vue | resources/js/workbench/WorkspaceFrame.vue | resources/js/workbench/LibraryWorkspace.vue | resources/js/workbench/StructuredEditor.vue | resources/js/workbench/VisualizeWorkspace.vue | resources/js/workbench/ResearchWorkspace.vue | resources/js/workbench/TodayWorkspace.vue | resources/css/workbench.css,"After corrections, run authenticated real-browser assurance for six surfaces, responsive widths, 200% reflow, light/dark/system, en/ar + LTR/RTL, keyboard/focus, persistence reload, and Library reference deltas.",NO,NO,v1.1.4_FINAL_CLOSURE_HARDENED,acd14514dddbd5e45aeb2fc25fed22560511d8ca,b5de82d4cb83534bab55de52cf7b2f64fec952e9b97062a294338ed21691edf5
C027,Today remains truthful but functionally unbound,OPEN,PROVIDER_GATE,OPEN,OPEN_PROVIDER_GATE_PRESERVED,Writer-B post-zero-orphan bounded parity evidence; see v1.1.4 test receipt/traceability matrix/source manifest.,No provider fabrication.,app/Http/Controllers/KnowledgeLearning/WorkbenchController.php | resources/js/workbench/TodayWorkspace.vue | tests/Feature/KnowledgeLearning/ProductionWorkbenchApiTest.php,Do not fabricate data. Close only when Parent/integration-owned real providers/read contracts are available; then add seeded-data provider→Today→UI integration tests.,NO,NO,v1.1.4_FINAL_CLOSURE_HARDENED,acd14514dddbd5e45aeb2fc25fed22560511d8ca,b5de82d4cb83534bab55de52cf7b2f64fec952e9b97062a294338ed21691edf5
C028,R&Q durable reconciliation persistence is intentionally absent,OPEN,IMPLEMENTATION_GATE,OPEN,OPEN_AUTHORITY_GATE_PRESERVED,Writer-B post-zero-orphan bounded parity evidence; see v1.1.4 test receipt/traceability matrix/source manifest.,C004 semantic adjudication preserved; DB runtime remains unproven; no broader persistence authority invented.,app/Modules/SourceGovernance/Application/ResearchQuality/ResearchQualityWorkbench.php | app/Modules/SourceGovernance/Application/KnowledgeQualityService.php | resources/js/pages/KnowledgeLearning/components/research-quality/ResearchQualityWorkbench.vue | resources/js/workbench/ResearchWorkspace.vue | tests/Unit/SourceGovernance/ResearchQualityWorkbenchTest.php,"Resolve C004 schema/semantic ownership first; then implement durable R&Q reconciliation only under its proper owner, without collapsing into W04 formal Review.",NO,NO,v1.1.4_FINAL_CLOSURE_HARDENED,acd14514dddbd5e45aeb2fc25fed22560511d8ca,b5de82d4cb83534bab55de52cf7b2f64fec952e9b97062a294338ed21691edf5
C029,Visualize advanced semantic mutation and durable spatial tools are incomplete,OPEN,DOMAIN_IMPLEMENTATION_GATE,OPEN,OPEN_AUTHORITY_PROVIDER_GATE_PRESERVED,Writer-B post-zero-orphan bounded parity evidence; see v1.1.4 test receipt/traceability matrix/source manifest.,No provider/schema/domain authority invented.,resources/js/shared/SpatialInteractionCore.ts | resources/js/workbench/VisualizeWorkspace.vue | resources/js/pages/KnowledgeLearning/components/visualize/VisualizationSurface.vue | resources/js/pages/KnowledgeLearning/components/visualize/views/GraphView.vue | resources/js/pages/KnowledgeLearning/components/visualize/views/CanvasView.vue | app/Modules/Curriculum/Application/CurriculumKnowledgeService.php | app/Modules/Curriculum/Application/Visualize/VisualizationProjection.php,Keep representation edits separate from canonical domain mutation. Implement only after exact authority/provider/schema contract is known; preserve the shared SpatialInteractionCore for W03.,NO,NO,v1.1.4_FINAL_CLOSURE_HARDENED,acd14514dddbd5e45aeb2fc25fed22560511d8ca,b5de82d4cb83534bab55de52cf7b2f64fec952e9b97062a294338ed21691edf5
C030,Learn practice/assessment/progression provider integration is incomplete,OPEN,LEARN_IMPLEMENTATION_GATE,OPEN,OPEN_PROVIDER_GATE_PRESERVED,Writer-B post-zero-orphan bounded parity evidence; see v1.1.4 test receipt/traceability matrix/source manifest.,No practice/assessment/progression provider fabricated.,app/Application/KnowledgeLearning/KnowledgeLearningWorkspace.php | app/Modules/Learning/Application/KnowledgeJourneyService.php | app/Modules/Learning/Application/DailyQueueService.php | resources/js/workbench/LibraryWorkspace.vue | tests/Feature/KnowledgeLearning/ProductionWorkbenchApiTest.php,Add only real provider-backed learning interactions; preserve learner freedom and never infer Mastery from completion/progress.,NO,NO,v1.1.4_FINAL_CLOSURE_HARDENED,acd14514dddbd5e45aeb2fc25fed22560511d8ca,b5de82d4cb83534bab55de52cf7b2f64fec952e9b97062a294338ed21691edf5
C031,Minor shell keyboard/logical-CSS edge cases remain,P2,A11Y_LOGICAL_CSS_CORRECTION,4,PRESERVED_CORRECTION__BROWSER_UNPROVEN,Writer-B post-zero-orphan bounded parity evidence; see v1.1.4 test receipt/traceability matrix/source manifest.,v1.1.1 correction preserved; changed SFC strict compile PASS; direct browser regression proof remains C026.,resources/js/workbench/Workbench.vue | resources/css/workbench.css | resources/js/tests/ProductionForgeIntegration.spec.ts,Guard zero-region F6 and use logical CSS positioning; add small keyboard/RTL regression vectors.,NO,NO,v1.1.4_FINAL_CLOSURE_HARDENED,acd14514dddbd5e45aeb2fc25fed22560511d8ca,b5de82d4cb83534bab55de52cf7b2f64fec952e9b97062a294338ed21691edf5
C032,Current tests omit key cross-system failure paths and one R&Q test gives false confidence,P1,ASSURANCE_TEST_CORRECTION,7,ASSURANCE_EXPANDED__EXTERNAL_RUNTIME_GATES_REMAIN,"v1.1.4 Factory: 80/80 unique rows, all mandatory row fields explicit, Controller architecture mapping preserved exactly, 67/67 implementation rows source-handled, MISSING=0; semantic harness 34/34 PASS; strict TS shared core + changed SFC scripts PASS; ProductionForgeCore source typecheck PASS; PHP syntax 211/211 PASS; JS syntax PASS; source manifest 583/583 verified.","External full npm/Vitest/Vite/Vue build, Laravel/PostgreSQL, exact-route browser, visual/reference, 200% and AT/Bidi runtime gates remain separated and unproven. No static/test evidence is promoted across evidence classes.",tests/Unit/SourceGovernance/ResearchQualityWorkbenchTest.php | tests/Unit/Knowledge/LessonContentContractTest.php | tests/Unit/Curriculum/VisualizationProjectionTest.php | tests/Feature/KnowledgeLearning/ProductionWorkbenchApiTest.php | tests/Feature/Vs001WorkspaceTest.php | tests/Feature/Vs002WorkspaceTest.php | tests/Feature/Vs001PublicationWorkflowTest.php | tests/Feature/Vs002LifecycleTest.php | resources/js/tests/ProductionForgeCore.spec.ts | resources/js/tests/ProductionForgeIntegration.spec.ts | resources/js/tests/Vs001CorrectedWorkflows.spec.ts | resources/js/tests/Vs002SafeRendering.spec.ts,Expand assurance only after semantics are corrected; prefer database-real and end-to-end fixtures where persistence constraints matter.,NO,NO,v1.1.4_FINAL_CLOSURE_HARDENED,acd14514dddbd5e45aeb2fc25fed22560511d8ca,b5de82d4cb83534bab55de52cf7b2f64fec952e9b97062a294338ed21691edf5
