ID,SEVERITY,SCOPE,REQUIRED_CHANGE,PRIMARY_OWNERS,ACCEPTANCE_PROOF,FORBIDDEN_SHORTCUT
PRECOLAB-001,P0,"LIB-026;LIB-037;W03-LIB-008","Canonical V4 inline_marks contract with code-point offsets and bounded token palette","LessonContentContract.php; lessonContent.ts","PHP/TS golden normalization vectors incl Arabic+emoji+U+2028/U+2029; invalid ranges/tokens rejected","No hidden persistent HTML; no second editor model"
PRECOLAB-002,P0,"LIB-026;LIB-037;W03-LIB-008","Material Underline/Color/Highlight selection commands and canonical text-edit mark transforms","StructuredEditor.vue; StructuredContentCore/lesson content helpers","selection changes canonical inline_marks; render/read/history/undo/redo preserve; text replacement vectors pass","Do not mark PASS because buttons enabled"
PRECOLAB-003,P0,"C002 compatibility","VS001/VS002 never silently mutate marked V4 revisions","Vs001Controller.php; Vs002Controller.php; Vs001/LessonEditor.vue; Vs002/LessonEditor.vue","marked revision is explicit read-only/edit-in-W02; server rejects legacy marked mutation; unmarked revisions remain safe","No silent mark drop or stale offsets"
PRECOLAB-004,P1,"Clipboard/Read Mode","Plain/formatted clipboard and Read Mode preserve admitted semantics","StructuredEditor.vue; ClipboardTrustCore.ts; renderer","plain strips; formatted sanitized/reconstructs only admitted marks; Read Mode formatting permitted without text mutation","No persistent HTML as canonical storage"
PRECOLAB-005,P0,C024,"Bounded Library catalog + hierarchy page + lazy detail","routes/workbench.php; WorkbenchController.php; KnowledgeLearningWorkspace.php; KnowledgeLibraryService.php; LibraryHierarchyProjector.php","251+ fixture; <=limit; deterministic cursor; ar/en/id search; hierarchy only page IDs; full corpus not loaded","No client-side full-corpus search"
PRECOLAB-006,P0,C024,"Bounded R&Q source summaries + exact source detail + claim-related analysis","KnowledgeQualityService.php; ResearchQualityWorkbench.php; WorkbenchController.php","251+ source fixture; summaries omit full claims; exact detail; analysis uses claim-related source query not all SourceRecord","No whole SourceRecord::get() for workspace browse"
PRECOLAB-007,P1,C024,"Server-driven Library/R&Q frontend paging/search","LibraryWorkspace.vue; LibraryHierarchyTree.vue; ResearchWorkspace.vue; types","loading/error/empty/load-more; stale-response cancellation; active canonical selection preserved; no local whole-corpus filter","No static mock pagination"
PRECOLAB-008,P0,"All prior v1.1.4 value","Anti-loss and exhaustive traceability refresh","80-row Factory + C001-C032 ledger + tests","80/80 retained; MISSING=0; three PARTIAL resolve unless new exact blocker; C024 no longer outside dispatch; no owner drift","No renumbering or self-acceptance"
PRECOLAB-009,P0,"Final pre-Colab gate","Only genuine external/authority gates remain","Explicit Gates Register","remaining gates exclusively runtime/browser/DB/provider/platform/authority with exact close condition","Do not send to Colab while source-contract gap remains"
