index,ID,SEVERITY,SCOPE,REQUIRED_CHANGE,PRIMARY_OWNERS,ACCEPTANCE_PROOF,FORBIDDEN_SHORTCUT,WRITER_SOURCE_STATUS,EXECUTED_PROOF,RUNTIME_BROWSER_DB_STATUS,ANTI_LOSS_RESULT,SELF_ACCEPTANCE
0,PRECOLAB-001,P0,LIB-026;LIB-037;W03-LIB-008,Canonical V4 inline_marks contract with code-point offsets and bounded token palette,LessonContentContract.php; lessonContent.ts,PHP/TS golden normalization vectors incl Arabic+emoji+U+2028/U+2029; invalid ranges/tokens rejected,No hidden persistent HTML; no second editor model,SOURCE_PASS,Static contract 48/48 PASS; PHP V4 golden/invalid/bounds 15/15 PASS; TypeScript V4 golden/invalid 12/12 PASS; strict V4 core tsc PASS.,Framework/browser evidence not required to establish canonical source contract; C025/C026 remain separate.,V3 omission backward compatible; no new DB column/table; existing lesson_revisions.blocks JSONB remains persistence owner.,NO
1,PRECOLAB-002,P0,LIB-026;LIB-037;W03-LIB-008,Material Underline/Color/Highlight selection commands and canonical text-edit mark transforms,StructuredEditor.vue; StructuredContentCore/lesson content helpers,selection changes canonical inline_marks; render/read/history/undo/redo preserve; text replacement vectors pass,Do not mark PASS because buttons enabled,SOURCE_PASS,10 state/data transitions PASS including history round-trip; selection/UI boundaries convert UTF-16 to code-point offsets; replace/split/merge mark transforms implemented; v1.1.4 regression successor 11/11 PASS.,Real browser caret/selection/visual interaction remains C026.,StructuredDocument history deep-clones inline_marks; canonical marks survive text edits and history rather than DOM-only decoration.,NO
2,PRECOLAB-003,P0,C002 compatibility,VS001/VS002 never silently mutate marked V4 revisions,Vs001Controller.php; Vs002Controller.php; Vs001/LessonEditor.vue; Vs002/LessonEditor.vue,marked revision is explicit read-only/edit-in-W02; server rejects legacy marked mutation; unmarked revisions remain safe,No silent mark drop or stale offsets,SOURCE_PASS_RUNTIME_GATE,48/48 static source contract confirms server+UI boundary; dedicated LegacyInlineMarksBoundaryTest source added; marked drafts use EDIT_IN_W02_LIBRARY_REQUIRED; PHP syntax 215/215 PASS.,Laravel feature-test execution remains C025; browser presentation remains C026.,Both stored and incoming marked mutations are rejected on legacy routes; unmarked compatibility path preserved.,NO
3,PRECOLAB-004,P1,Clipboard/Read Mode,Plain/formatted clipboard and Read Mode preserve admitted semantics,StructuredEditor.vue; ClipboardTrustCore.ts; renderer,plain strips; formatted sanitized/reconstructs only admitted marks; Read Mode formatting permitted without text mutation,No persistent HTML as canonical storage,SOURCE_PASS_BROWSER_GATE,Canonical mark renderer + transient sanitized formatted clipboard path implemented; plain path remains text-only; read-safe formatting updates inline_marks without enabling text/structure mutation; static/TS/state checks PASS.,OS/browser clipboard interoperability remains C026.,HTML exists only as transient clipboard representation; persisted truth remains body + inline_marks.,NO
4,PRECOLAB-005,P0,C024,Bounded Library catalog + hierarchy page + lazy detail,routes/workbench.php; WorkbenchController.php; KnowledgeLearningWorkspace.php; KnowledgeLibraryService.php; LibraryHierarchyProjector.php,251+ fixture; <=limit; deterministic cursor; ar/en/id search; hierarchy only page IDs; full corpus not loaded,No client-side full-corpus search,SOURCE_PASS_DB_RUNTIME_GATE,"Actual cursor encode/decode methods exercised over 251 IDs: 6 pages, default 50/max 100, opaque deterministic query-bound cursor, no duplicate/no loss. Static 48/48 proves bounded owners; feature-test source covers ar/en/id, invalid cursor, exact detail and bounded hierarchy.",DB-real query/count/performance and Laravel route execution remain C025; browser paging remains C026.,Library bootstrap uses first bounded page + active exact detail; hierarchy declares loaded subset/global_total null; summary selection avoids loading revision blocks.,NO
5,PRECOLAB-006,P0,C024,Bounded R&Q source summaries + exact source detail + claim-related analysis,KnowledgeQualityService.php; ResearchQualityWorkbench.php; WorkbenchController.php,251+ source fixture; summaries omit full claims; exact detail; analysis uses claim-related source query not all SourceRecord,No whole SourceRecord::get() for workspace browse,SOURCE_PASS_DB_RUNTIME_GATE,"Bounded sourcePage/sourceDetail and claim-related analysis source path implemented; static 48/48 prohibits whole-corpus materialization; feature-test source includes 251+ sources, summary-vs-detail and claim-related scope assertions.",DB-real query behavior remains C025.,Analysis exposes truncation/incompleteness when capped; no silent exhaustive claim from bounded data.,NO
6,PRECOLAB-007,P1,C024,Server-driven Library/R&Q frontend paging/search,LibraryWorkspace.vue; LibraryHierarchyTree.vue; ResearchWorkspace.vue; types,loading/error/empty/load-more; stale-response cancellation; active canonical selection preserved; no local whole-corpus filter,No static mock pagination,SOURCE_PASS_BROWSER_GATE,"Frontends call server collection/detail routes, maintain cursor/load-more states, use AbortController plus generation guards, and do not filter a preloaded corpus for Library/R&Q; static contract 48/48 PASS.",Exact interactive/browser proof remains C026.,Active canonical selection is retained/reconciled; stale responses cannot overwrite newer query state.,NO
7,PRECOLAB-008,P0,All prior v1.1.4 value,Anti-loss and exhaustive traceability refresh,80-row Factory + C001-C032 ledger + tests,80/80 retained; MISSING=0; three PARTIAL resolve unless new exact blocker; C024 no longer outside dispatch; no owner drift,No renumbering or self-acceptance,SOURCE_PASS,80/80 unique rows retained; MISSING=0; PARTIAL=0; former three rows moved to RUNTIME_UNPROVEN rather than false acceptance; C024 ledger now source-implemented; changed-file scope 35/35 authorized; v1.1.4 anti-loss regression 11/11 on baseline and successor.,Existing runtime/browser/DB gates remain explicit.,No Controller architecture ownership was replaced; Zero-Orphan destination mapping remains preserved.,NO
8,PRECOLAB-009,P0,Final pre-Colab gate,Only genuine external/authority gates remain,Explicit Gates Register,remaining gates exclusively runtime/browser/DB/provider/platform/authority with exact close condition,Do not send to Colab while source-contract gap remains,SOURCE_PASS_WITH_EXTERNAL_GATES,Range-style and C024 source-contract gates explicitly CLOSED_AT_SOURCE_SEMANTIC_LEVEL. Remaining register contains only authority/provider/platform/runtime/browser/DB/toolchain gates with close conditions.,RUNTIME_BROWSER_DB_EVIDENCE_PENDING; Controller independent review required before Colab.,No C027/C028/C029/C030 provider/authority fabrication; durable Notes and OS topmost remain gated.,NO
